DateIn,Site,Ticket,Operator,CustNum,Customer,Reference,Vehicle,Rolloff,TransType,Amount,Found in Trux
1/2/2025,44,947611,ROSIE,96,SOUTHERN SANITATION SERVICE,HEB,#93,,CHG  SALE,$464.50,Yes
1/2/2025,44,947614,ROSIE,96,SOUTHERN SANITATION SERVICE,,#82 00,,CHG  SALE,$20.40,Yes
1/2/2025,44,947653,WIZARD,96,SOUTHERN SANITATION SERVICE,,LS-4 334,,CHG  SALE,$53.00,Yes
1/2/2025,44,947670,WIZARD,96,SOUTHERN SANITATION SERVICE,,#85 260,,CHG  SALE,$52.50,Yes
1/2/2025,44,947673,SANDY,96,SOUTHERN SANITATION SERVICE,,#94 160,,CHG  SALE,$16.70,Yes
1/2/2025,44,947676,WIZARD,96,SOUTHERN SANITATION SERVICE,,LS-3 80,,CHG  SALE,$8.30,Yes
1/2/2025,44,947686,WIZARD,96,SOUTHERN SANITATION SERVICE,,#87 218,,CHG  SALE,$45.10,Yes
1/2/2025,44,947690,ROSIE,98,S.S.S. MINI ROLL-OFF,,#82 015,,CHG  SALE,$6.50,Yes
1/2/2025,44,947727,SANDY,96,SOUTHERN SANITATION SERVICE,,#93 122,,CHG  SALE,$118.10,Yes
1/2/2025,44,947735,ROSIE,96,SOUTHERN SANITATION SERVICE,,#79 37,,CHG  SALE,$59.50,Yes
1/2/2025,44,947797,SANDY,98,S.S.S. MINI ROLL-OFF,,#82 030,,CHG  SALE,$13.00,Yes
1/2/2025,44,947806,ROSIE,96,SOUTHERN SANITATION SERVICE,HEB,LS-4,,CHG  SALE,$575.60,Yes
1/2/2025,44,947807,WIZARD,96,SOUTHERN SANITATION SERVICE,,#85 348,,CHG  SALE,$58.10,Yes
1/2/2025,44,947812,WIZARD,96,SOUTHERN SANITATION SERVICE,,#94 101,,CHG  SALE,$35.80,Yes
1/2/2025,44,947813,SANDY,96,SOUTHERN SANITATION SERVICE,,LS-3 232,,CHG  SALE,$143.20,Yes
1/2/2025,44,947817,WIZARD,96,SOUTHERN SANITATION SERVICE,,#87 120,,CHG  SALE,$17.20,Yes
1/2/2025,44,947909,ROSIE,96,SOUTHERN SANITATION SERVICE,,#93 133,,CHG  SALE,$10.20,Yes
1/2/2025,44,947914,ROSIE,96,SOUTHERN SANITATION SERVICE,HEB,#94,,CHG  SALE,$272.00,Yes
1/2/2025,44,947936,WIZARD,96,SOUTHERN SANITATION SERVICE,,#93 191,,CHG  SALE,$123.60,Yes
1/2/2025,44,947958,ROSIE,96,SOUTHERN SANITATION SERVICE,,#87 351,,CHG  SALE,$924.40,Yes
1/2/2025,44,947978,SANDY,96,SOUTHERN SANITATION SERVICE,HEB,LS-3,,CHG  SALE,$334.30,Yes
1/2/2025,44,948005,WIZARD,96,SOUTHERN SANITATION SERVICE,,#85 98,,CHG  SALE,$23.20,Yes
1/2/2025,44,948017,WIZARD,96,SOUTHERN SANITATION SERVICE,,#93 270,,CHG  SALE,$57.20,Yes
1/2/2025,44,948025,WIZARD,96,SOUTHERN SANITATION SERVICE,,#94 355,,CHG  SALE,$39.00,Yes
1/2/2025,44,948092,WIZARD,96,SOUTHERN SANITATION SERVICE,,#93 140,,CHG  SALE,$135.70,Yes
1/2/2025,44,948110,WIZARD,96,SOUTHERN SANITATION SERVICE,,#87 174,,CHG  SALE,$68.80,Yes
1/2/2025,44,948119,SANDY,96,SOUTHERN SANITATION SERVICE,OJOS LOCOS,LS-4,,CHG  SALE,$39.00,Yes
1/2/2025,44,948126,WIZARD,96,SOUTHERN SANITATION SERVICE,,LS-3 371,,CHG  SALE,$12.50,Yes
1/2/2025,44,948151,ROSIE,96,SOUTHERN SANITATION SERVICE,,LS-4 345,,CHG  SALE,$151.50,Yes
1/2/2025,44,948170,WIZARD,96,SOUTHERN SANITATION SERVICE,,#85 325,,CHG  SALE,$8.80,Yes
1/2/2025,44,948172,SANDY,96,SOUTHERN SANITATION SERVICE,,#94 190,,CHG  SALE,$49.20,Yes
1/2/2025,44,948178,WIZARD,96,SOUTHERN SANITATION SERVICE,,LS-3 66,,CHG  SALE,$55.80,Yes
1/2/2025,44,948207,WIZARD,96,SOUTHERN SANITATION SERVICE,,#94 350,,CHG  SALE,$28.80,Yes
1/2/2025,44,948254,WIZARD,96,SOUTHERN SANITATION SERVICE,,LS-4 326,,CHG  SALE,$37.60,Yes
1/3/2025,44,948280,WIZARD,96,SOUTHERN SANITATION SERVICE,,LS-3 158,,CHG  SALE,$49.70,Yes
1/3/2025,44,948282,WIZARD,96,SOUTHERN SANITATION SERVICE,,#94 251,,CHG  SALE,$26.00,Yes
1/3/2025,44,948296,WIZARD,96,SOUTHERN SANITATION SERVICE,,#93 140,,CHG  SALE,$917.90,No
1/3/2025,44,948299,SANDY,98,S.S.S. MINI ROLL-OFF,,#82 089,,CHG  SALE,$91.60,Yes
1/3/2025,44,948302,WIZARD,96,SOUTHERN SANITATION SERVICE,,#87 307,,CHG  SALE,$74.40,Yes
1/3/2025,44,948320,WIZARD,96,SOUTHERN SANITATION SERVICE,,#94 117,,CHG  SALE,$74.80,Yes
1/3/2025,44,948329,ROSIE,96,SOUTHERN SANITATION SERVICE,HEB,#85,,CHG  SALE,$372.40,Yes
1/3/2025,44,948331,ROSIE,96,SOUTHERN SANITATION SERVICE,HEB,LS-4,,CHG  SALE,$302.20,Yes
1/3/2025,44,948343,WIZARD,96,SOUTHERN SANITATION SERVICE,,#94 17,,CHG  SALE,$1.80,Yes
1/3/2025,44,948374,WIZARD,96,SOUTHERN SANITATION SERVICE,,LS-3 107,,CHG  SALE,$41.30,Yes
1/3/2025,44,948377,ROSIE,96,SOUTHERN SANITATION SERVICE,HEB,#93,,CHG  SALE,$276.20,Yes
1/3/2025,44,948380,SANDY,98,S.S.S. MINI ROLL-OFF,,#82 075,,CHG  SALE,$8.30,Yes
1/3/2025,44,948421,WIZARD,96,SOUTHERN SANITATION SERVICE,,#87 159,,CHG  SALE,$185.00,Yes
1/3/2025,44,948425,ROSIE,96,SOUTHERN SANITATION SERVICE,CINEMARK,LS-4,,CHG  SALE,$444.00,Yes
1/3/2025,44,948434,WIZARD,96,SOUTHERN SANITATION SERVICE,,#93 41,,CHG  SALE,$497.50,No
1/3/2025,44,948462,ROSIE,96,SOUTHERN SANITATION SERVICE,DOCTORS,#85,,CHG  SALE,$154.30,Yes
1/3/2025,44,948483,WIZARD,96,SOUTHERN SANITATION SERVICE,,#94 240,,CHG  SALE,$78.10,Yes
1/3/2025,44,948520,WIZARD,96,SOUTHERN SANITATION SERVICE,,#87 91,,CHG  SALE,$99.00,Yes
1/3/2025,44,948565,WIZARD,96,SOUTHERN SANITATION SERVICE,,#94 144,,CHG  SALE,$30.60,Yes
1/3/2025,44,948570,WIZARD,96,SOUTHERN SANITATION SERVICE,,LS-4 328,,CHG  SALE,$193.40,Yes
1/3/2025,44,948574,WIZARD,96,SOUTHERN SANITATION SERVICE,,#93 41,,CHG  SALE,$497.00,No
1/3/2025,44,948591,WIZARD,96,SOUTHERN SANITATION SERVICE,,LS-3 120,,CHG  SALE,$74.80,Yes
1/3/2025,44,948599,WIZARD,96,SOUTHERN SANITATION SERVICE,,#93 30,,CHG  SALE,$71.60,Yes
1/3/2025,44,948620,WIZARD,96,SOUTHERN SANITATION SERVICE,,#93 12,,CHG  SALE,$45.10,Yes
1/3/2025,44,948623,WIZARD,96,SOUTHERN SANITATION SERVICE,,#85 232,,CHG  SALE,$36.70,Yes
1/3/2025,44,948625,SANDY,96,SOUTHERN SANITATION SERVICE,LA POSADA,LS-3,,CHG  SALE,$53.40,Yes
1/3/2025,44,948629,WIZARD,96,SOUTHERN SANITATION SERVICE,,#87 95,,CHG  SALE,$180.80,Yes
1/3/2025,44,948646,ROSIE,98,S.S.S. MINI ROLL-OFF,,#82 019,,CHG  SALE,$20.00,Yes
1/3/2025,44,948677,WIZARD,96,SOUTHERN SANITATION SERVICE,,LS-4 8,,CHG  SALE,$183.60,Yes
1/3/2025,44,948705,WIZARD,96,SOUTHERN SANITATION SERVICE,,#93 186,,CHG  SALE,$519.80,No
1/3/2025,44,948708,WIZARD,96,SOUTHERN SANITATION SERVICE,,#85 60,,CHG  SALE,$44.60,Yes
1/3/2025,44,948746,WIZARD,96,SOUTHERN SANITATION SERVICE,,LS-3 376,,CHG  SALE,$194.80,Yes
1/3/2025,44,948767,WIZARD,96,SOUTHERN SANITATION SERVICE,,#87 125,,CHG  SALE,$21.30,Yes
1/3/2025,44,948808,ROSIE,98,S.S.S. MINI ROLL-OFF,,#82 060,,CHG  SALE,$10.70,Yes
1/3/2025,44,948813,WIZARD,96,SOUTHERN SANITATION SERVICE,,LS-4 351,,CHG  SALE,$89.20,Yes
1/3/2025,44,948829,WIZARD,96,SOUTHERN SANITATION SERVICE,,#85 350,,CHG  SALE,$136.70,Yes
1/3/2025,44,948854,ROSIE,96,SOUTHERN SANITATION SERVICE,,LS-3 375,,CHG  SALE,$636.50,Yes
1/3/2025,44,948874,WIZARD,96,SOUTHERN SANITATION SERVICE,,#87 62,,CHG  SALE,$47.40,Yes
1/4/2025,44,948903,SANDY,96,SOUTHERN SANITATION SERVICE,,#93 282,,CHG  SALE,$97.60,Yes
1/4/2025,44,948913,WIZARD,96,SOUTHERN SANITATION SERVICE,,LS-4 166,,CHG  SALE,$81.80,Yes
1/4/2025,44,948914,ROSIE,96,SOUTHERN SANITATION SERVICE,HEB,LS-3,,CHG  SALE,$198.50,Yes
1/4/2025,44,948916,WIZARD,96,SOUTHERN SANITATION SERVICE,,#87 54,,CHG  SALE,$18.60,Yes
1/4/2025,44,948921,SANDY,96,SOUTHERN SANITATION SERVICE,,#93 291,,CHG  SALE,$448.10,Yes
1/4/2025,44,948928,ROSIE,96,SOUTHERN SANITATION SERVICE,,#94 151,,CHG  SALE,$17.60,Yes
1/4/2025,44,948929,WIZARD,96,SOUTHERN SANITATION SERVICE,,#93 334,,CHG  SALE,$56.20,Yes
1/4/2025,44,948946,ROSIE,96,SOUTHERN SANITATION SERVICE,KHOLS,#93,,CHG  SALE,$20.00,Yes
1/4/2025,44,948959,WIZARD,96,SOUTHERN SANITATION SERVICE,,#85 101,,CHG  SALE,$28.80,Yes
1/4/2025,44,948978,WIZARD,96,SOUTHERN SANITATION SERVICE,,LS-3 373,,CHG  SALE,$61.80,Yes
1/4/2025,44,948984,WIZARD,96,SOUTHERN SANITATION SERVICE,,#87 115,,CHG  SALE,$79.90,Yes
1/4/2025,44,949055,SANDY,96,SOUTHERN SANITATION SERVICE,,#94 110,,CHG  SALE,$135.30,Yes
1/4/2025,44,949089,WIZARD,96,SOUTHERN SANITATION SERVICE,,#87 153,,CHG  SALE,$49.20,Yes
1/4/2025,44,949095,WIZARD,96,SOUTHERN SANITATION SERVICE,,LS-3 59,,CHG  SALE,$11.60,Yes
1/4/2025,44,949118,ROSIE,96,SOUTHERN SANITATION SERVICE,,#85 277,,CHG  SALE,$13.00,Yes
1/4/2025,44,949152,ROSIE,96,SOUTHERN SANITATION SERVICE,HEB,LS-4,,CHG  SALE,$206.90,Yes
1/4/2025,44,949192,WIZARD,96,SOUTHERN SANITATION SERVICE,,LS-3 216,,CHG  SALE,$79.90,Yes
1/4/2025,44,949362,WIZARD,96,SOUTHERN SANITATION SERVICE,,#85 182,,CHG  SALE,$43.70,Yes
1/4/2025,44,949405,WIZARD,96,SOUTHERN SANITATION SERVICE,,LS-4 121,,CHG  SALE,$24.60,Yes
1/4/2025,44,949516,WIZARD,96,SOUTHERN SANITATION SERVICE,,LS-4 169,,CHG  SALE,$19.00,Yes
1/4/2025,44,949570,SANDY,96,SOUTHERN SANITATION SERVICE,PILOT,#85,,CHG  SALE,$219.40,Yes
1/6/2025,44,949640,WIZARD,96,SOUTHERN SANITATION SERVICE,,#94 205,,CHG  SALE,$98.10,Yes
1/6/2025,44,949647,AKEMY,96,SOUTHERN SANITATION SERVICE,,#93 137,,CHG  SALE,$106.00,Yes
1/6/2025,44,949650,AKEMY,96,SOUTHERN SANITATION SERVICE,HOME DEPOT,LS-3,,CHG  SALE,$381.70,Yes
1/6/2025,44,949669,WIZARD,96,SOUTHERN SANITATION SERVICE,,#87 257,,CHG  SALE,$24.10,Yes
1/6/2025,44,949679,ROSIE,98,S.S.S. MINI ROLL-OFF,,#82 021,,CHG  SALE,$11.60,Yes
1/6/2025,44,949721,AKEMY,96,SOUTHERN SANITATION SERVICE,HEB,#93,,CHG  SALE,$284.50,Yes
1/6/2025,44,949724,WIZARD,96,SOUTHERN SANITATION SERVICE,,#85 154,,CHG  SALE,$18.60,Yes
1/6/2025,44,949754,WIZARD,96,SOUTHERN SANITATION SERVICE,,#94 371,,CHG  SALE,$45.10,Yes
1/6/2025,44,949763,AKEMY,96,SOUTHERN SANITATION SERVICE,TA,LS-4,,CHG  SALE,$113.00,Yes
1/6/2025,44,949769,WIZARD,96,SOUTHERN SANITATION SERVICE,,#87 109,,CHG  SALE,$226.90,Yes
1/6/2025,44,949778,ROSIE,98,S.S.S. MINI ROLL-OFF,,#82 091,,CHG  SALE,$27.40,Yes
1/6/2025,44,949791,WIZARD,96,SOUTHERN SANITATION SERVICE,,LS-3 38,,CHG  SALE,$31.60,Yes
1/6/2025,44,949811,ROSIE,98,S.S.S. MINI ROLL-OFF,,#82 079,,CHG  SALE,$0.00,No
1/6/2025,44,949823,AKEMY,98,S.S.S. MINI ROLL-OFF,,#82 079,,CHG  SALE,$2.70,Yes
1/6/2025,44,949838,AKEMY,96,SOUTHERN SANITATION SERVICE,,#93 379,,CHG  SALE,$210.60,Yes
1/6/2025,44,949869,WIZARD,96,SOUTHERN SANITATION SERVICE,,LS-3 287,,CHG  SALE,$113.40,Yes
1/6/2025,44,949885,WIZARD,96,SOUTHERN SANITATION SERVICE,,#87 148,,CHG  SALE,$55.30,Yes
1/6/2025,44,949893,AKEMY,96,SOUTHERN SANITATION SERVICE,HOME GOODS,#85,,CHG  SALE,$0.00,Yes
1/6/2025,44,949900,WIZARD,96,SOUTHERN SANITATION SERVICE,,LS-4 59,,CHG  SALE,$31.60,Yes
1/6/2025,44,949911,AKEMY,98,S.S.S. MINI ROLL-OFF,,#82 071,,CHG  SALE,$64.60,Yes
1/6/2025,44,949914,WIZARD,96,SOUTHERN SANITATION SERVICE,,#94 163,,CHG  SALE,$55.80,Yes
1/6/2025,44,949984,WIZARD,96,SOUTHERN SANITATION SERVICE,,LS-3 370,,CHG  SALE,$40.90,Yes
1/6/2025,44,950002,ROSIE,96,SOUTHERN SANITATION SERVICE,HEB,#94,,CHG  SALE,$339.40,Yes
1/6/2025,44,950041,WIZARD,96,SOUTHERN SANITATION SERVICE,,#87 348,,CHG  SALE,$136.70,Yes
1/6/2025,44,950063,AKEMY,96,SOUTHERN SANITATION SERVICE,,#85 249,,CHG  SALE,$81.80,Yes
1/6/2025,44,950088,WIZARD,96,SOUTHERN SANITATION SERVICE,,LS-4 224,,CHG  SALE,$222.70,Yes
1/6/2025,44,950125,WIZARD,96,SOUTHERN SANITATION SERVICE,,LS-3 360,,CHG  SALE,$70.20,Yes
1/6/2025,44,950137,WIZARD,96,SOUTHERN SANITATION SERVICE,,LS-4 246,,CHG  SALE,$57.60,Yes
1/6/2025,44,950142,WIZARD,96,SOUTHERN SANITATION SERVICE,,#85 263,,CHG  SALE,$182.70,Yes
1/6/2025,44,950144,WIZARD,96,SOUTHERN SANITATION SERVICE,,#94 312,,CHG  SALE,$70.60,Yes
1/6/2025,44,950216,WIZARD,96,SOUTHERN SANITATION SERVICE,,#85 115,,CHG  SALE,$234.30,Yes
1/6/2025,44,950230,AKEMY,96,SOUTHERN SANITATION SERVICE,,#82 00,,CHG  SALE,$106.00,Yes
1/7/2025,44,950238,WIZARD,96,SOUTHERN SANITATION SERVICE,,LS-3 238,,CHG  SALE,$129.70,No
1/7/2025,44,950246,WIZARD,96,SOUTHERN SANITATION SERVICE,,#87 160,,CHG  SALE,$49.20,No
1/7/2025,44,950254,ROSIE,96,SOUTHERN SANITATION SERVICE,LOVES,#93,,CHG  SALE,$273.80,No
1/7/2025,44,950260,ROSIE,98,S.S.S. MINI ROLL-OFF,,#82 015,,CHG  SALE,$31.10,No
1/7/2025,44,950270,WIZARD,96,SOUTHERN SANITATION SERVICE,,#85 172,,CHG  SALE,$16.70,No
1/7/2025,44,950279,WIZARD,96,SOUTHERN SANITATION SERVICE,,LS-4 77,,CHG  SALE,$116.70,No
1/7/2025,44,950288,ROSIE,96,SOUTHERN SANITATION SERVICE,,#93 306,,CHG  SALE,$68.80,No
1/7/2025,44,950298,WIZARD,96,SOUTHERN SANITATION SERVICE,,#87 164,,CHG  SALE,$99.50,No
1/7/2025,44,950340,WIZARD,96,SOUTHERN SANITATION SERVICE,,LS-4 369,,CHG  SALE,$218.00,No
1/7/2025,44,950349,AKEMY,96,SOUTHERN SANITATION SERVICE,DOCTORS,#85,,CHG  SALE,$183.20,No
1/7/2025,44,950353,ROSIE,98,S.S.S. MINI ROLL-OFF,,#82 046,,CHG  SALE,$8.80,No
1/7/2025,44,950355,WIZARD,96,SOUTHERN SANITATION SERVICE,,LS-3 19,,CHG  SALE,$53.40,No
1/7/2025,44,950375,WIZARD,96,SOUTHERN SANITATION SERVICE,,#87 217,,CHG  SALE,$79.90,No
1/7/2025,44,950382,ROSIE,98,S.S.S. MINI ROLL-OFF,,#82 093,,CHG  SALE,$673.30,No
1/7/2025,44,950437,WIZARD,96,SOUTHERN SANITATION SERVICE,,LS-3 256,,CHG  SALE,$105.50,No
1/7/2025,44,950440,WIZARD,96,SOUTHERN SANITATION SERVICE,,#93 171,,CHG  SALE,$159.50,No
1/7/2025,44,950451,AKEMY,96,SOUTHERN SANITATION SERVICE,,#94 20,,CHG  SALE,$199.40,No
1/7/2025,44,950467,WIZARD,96,SOUTHERN SANITATION SERVICE,,#93 104,,CHG  SALE,$42.30,No
1/7/2025,44,950475,WIZARD,96,SOUTHERN SANITATION SERVICE,,#87 59,,CHG  SALE,$267.80,No
1/7/2025,44,950485,WIZARD,96,SOUTHERN SANITATION SERVICE,,#93 350,,CHG  SALE,$62.70,No
1/7/2025,44,950497,ROSIE,98,S.S.S. MINI ROLL-OFF,,#82 035,,CHG  SALE,$107.80,No
1/7/2025,44,950517,AKEMY,96,SOUTHERN SANITATION SERVICE,WALTMART,#85,,CHG  SALE,$218.00,No
1/7/2025,44,950574,WIZARD,96,SOUTHERN SANITATION SERVICE,,#87 201,,CHG  SALE,$73.00,No
1/7/2025,44,950582,WIZARD,96,SOUTHERN SANITATION SERVICE,,LS-4 196,,CHG  SALE,$46.50,No
1/7/2025,44,950587,ROSIE,96,SOUTHERN SANITATION SERVICE,OJOS LOCOS,LS-3,,CHG  SALE,$107.80,No
1/7/2025,44,950608,WIZARD,96,SOUTHERN SANITATION SERVICE,,#93 82,,CHG  SALE,$27.40,No
1/7/2025,44,950625,ROSIE,96,SOUTHERN SANITATION SERVICE,WALMART,#94,,CHG  SALE,$238.00,No
1/7/2025,44,950670,AKEMY,96,SOUTHERN SANITATION SERVICE,,LS-4 53,,CHG  SALE,$82.70,No
1/7/2025,44,950710,WIZARD,96,SOUTHERN SANITATION SERVICE,,#85 300,,CHG  SALE,$9.30,No
1/7/2025,44,950713,WIZARD,96,SOUTHERN SANITATION SERVICE,,#87 42,,CHG  SALE,$87.40,No
1/7/2025,44,950729,ROSIE,96,SOUTHERN SANITATION SERVICE,HEB,LS-3,,CHG  SALE,$205.00,No
1/7/2025,44,950801,AKEMY,96,SOUTHERN SANITATION SERVICE,,#94 188,,CHG  SALE,$39.90,No
1/7/2025,44,950811,ROSIE,96,SOUTHERN SANITATION SERVICE,WALMART,LS-4,,CHG  SALE,$466.80,No
1/8/2025,44,950858,WIZARD,96,SOUTHERN SANITATION SERVICE,,#93 282,,CHG  SALE,$20.00,Yes
1/8/2025,44,950863,WIZARD,96,SOUTHERN SANITATION SERVICE,,#85 140,,CHG  SALE,$228.30,No
1/8/2025,44,950865,AKEMY,96,SOUTHERN SANITATION SERVICE,,LS-3 379,,CHG  SALE,$114.30,No
1/8/2025,44,950911,WIZARD,96,SOUTHERN SANITATION SERVICE,,#87 356,,CHG  SALE,$147.40,Yes
1/8/2025,44,950915,WIZARD,96,SOUTHERN SANITATION SERVICE,,#93 325,,CHG  SALE,$19.50,Yes
1/8/2025,44,950939,WIZARD,96,SOUTHERN SANITATION SERVICE,,LS-3 260,,CHG  SALE,$53.40,Yes
1/8/2025,44,950955,WIZARD,96,SOUTHERN SANITATION SERVICE,,LS-4 299,,CHG  SALE,$28.80,Yes
1/8/2025,44,950977,WIZARD,96,SOUTHERN SANITATION SERVICE,,#85 195,,CHG  SALE,$83.70,Yes
1/8/2025,44,950979,WIZARD,96,SOUTHERN SANITATION SERVICE,,#93 348,,CHG  SALE,$39.90,Yes
1/8/2025,44,951017,WIZARD,96,SOUTHERN SANITATION SERVICE,,#87 343,,CHG  SALE,$149.70,Yes
1/8/2025,44,951022,ROSIE,96,SOUTHERN SANITATION SERVICE,,#94 23,,CHG  SALE,$120.90,Yes
1/8/2025,44,951037,WIZARD,96,SOUTHERN SANITATION SERVICE,,LS-4 326,,CHG  SALE,$462.60,Yes
1/8/2025,44,951042,WIZARD,96,SOUTHERN SANITATION SERVICE,,LS-3 98,,CHG  SALE,$27.90,Yes
1/8/2025,44,951070,WIZARD,96,SOUTHERN SANITATION SERVICE,,#93 169,,CHG  SALE,$59.90,Yes
1/8/2025,44,951101,WIZARD,96,SOUTHERN SANITATION SERVICE,,#87 25,,CHG  SALE,$90.60,Yes
1/8/2025,44,951107,AKEMY,96,SOUTHERN SANITATION SERVICE,,#94 370,,CHG  SALE,$228.70,Yes
1/8/2025,44,951132,AKEMY,96,SOUTHERN SANITATION SERVICE,,LS-3 376,,CHG  SALE,$363.70,Yes
1/8/2025,44,951173,WIZARD,96,SOUTHERN SANITATION SERVICE,,LS-4 352,,CHG  SALE,$104.10,Yes
1/8/2025,44,951194,ROSIE,96,SOUTHERN SANITATION SERVICE,,#93,,CHG  SALE,$400.80,Yes
1/8/2025,44,951209,WIZARD,96,SOUTHERN SANITATION SERVICE,,#87 226,,CHG  SALE,$113.40,Yes
1/8/2025,44,951212,WIZARD,96,SOUTHERN SANITATION SERVICE,,#85 50,,CHG  SALE,$134.30,Yes
1/8/2025,44,951242,WIZARD,96,SOUTHERN SANITATION SERVICE,,LS-3 83,,CHG  SALE,$25.50,Yes
1/8/2025,44,951269,WIZARD,96,SOUTHERN SANITATION SERVICE,,LS-4 350,,CHG  SALE,$58.50,Yes
1/8/2025,44,951335,AKEMY,96,SOUTHERN SANITATION SERVICE,,LS-3 303,,CHG  SALE,$107.80,Yes
1/8/2025,44,951358,WIZARD,96,SOUTHERN SANITATION SERVICE,,#87 139,,CHG  SALE,$107.80,Yes
1/8/2025,44,951372,AKEMY,96,SOUTHERN SANITATION SERVICE,,LS-4 289,,CHG  SALE,$30.60,Yes
1/8/2025,44,951374,WIZARD,96,SOUTHERN SANITATION SERVICE,,#85 214,,CHG  SALE,$157.60,Yes
1/9/2025,44,951405,WIZARD,96,SOUTHERN SANITATION SERVICE,,#87 101,,CHG  SALE,$106.40,Yes
1/9/2025,44,951407,AKEMY,98,S.S.S. MINI ROLL-OFF,,#82 091,,CHG  SALE,$13.00,Yes
1/9/2025,44,951416,AKEMY,96,SOUTHERN SANITATION SERVICE,,#85 154,,CHG  SALE,$67.40,Yes
1/9/2025,44,951427,WIZARD,96,SOUTHERN SANITATION SERVICE,,LS-3 328,,CHG  SALE,$88.80,Yes
1/9/2025,44,951430,AKEMY,98,S.S.S. MINI ROLL-OFF,,#82 071,,CHG  SALE,$7.40,Yes
1/9/2025,44,951455,AKEMY,96,SOUTHERN SANITATION SERVICE,LOWES,LS-4,,CHG  SALE,$248.30,Yes
1/9/2025,44,951459,WIZARD,96,SOUTHERN SANITATION SERVICE,,#94 323,,CHG  SALE,$94.80,Yes
1/9/2025,44,951468,WIZARD,96,SOUTHERN SANITATION SERVICE,,#93 279,,CHG  SALE,$29.30,Yes
1/9/2025,44,951480,WIZARD,96,SOUTHERN SANITATION SERVICE,,#87 112,,CHG  SALE,$82.30,Yes
1/9/2025,44,951482,WIZARD,96,SOUTHERN SANITATION SERVICE,,#93 137,,CHG  SALE,$34.80,Yes
1/9/2025,44,951488,WIZARD,96,SOUTHERN SANITATION SERVICE,,#94 110,,CHG  SALE,$75.30,Yes
1/9/2025,44,951493,ROSIE,96,SOUTHERN SANITATION SERVICE,,#93 252,,CHG  SALE,$118.10,Yes
1/9/2025,44,951527,WIZARD,96,SOUTHERN SANITATION SERVICE,,#85 339,,CHG  SALE,$16.70,Yes
1/9/2025,44,951541,WIZARD,96,SOUTHERN SANITATION SERVICE,,LS-4 296,,CHG  SALE,$59.00,Yes
1/9/2025,44,951549,WIZARD,96,SOUTHERN SANITATION SERVICE,,LS-3 130,,CHG  SALE,$108.30,Yes
1/9/2025,44,951561,WIZARD,96,SOUTHERN SANITATION SERVICE,,#87 129,,CHG  SALE,$41.80,Yes
1/9/2025,44,951564,WIZARD,96,SOUTHERN SANITATION SERVICE,,#94 357,,CHG  SALE,$191.10,Yes
1/9/2025,44,951578,WIZARD,96,SOUTHERN SANITATION SERVICE,,#93 52,,CHG  SALE,$97.10,Yes
1/9/2025,44,951591,ROSIE,96,SOUTHERN SANITATION SERVICE,,#85,,CHG  SALE,$238.50,Yes
1/9/2025,44,951616,WIZARD,96,SOUTHERN SANITATION SERVICE,,LS-3 187,,CHG  SALE,$46.50,Yes
1/9/2025,44,951621,AKEMY,96,SOUTHERN SANITATION SERVICE,HEB,#94,,CHG  SALE,$207.30,Yes
1/9/2025,44,951624,WIZARD,96,SOUTHERN SANITATION SERVICE,,#87 54,,CHG  SALE,$82.30,Yes
1/9/2025,44,951632,AKEMY,96,SOUTHERN SANITATION SERVICE,HEB,#93,,CHG  SALE,$164.60,Yes
1/9/2025,44,951634,AKEMY,96,SOUTHERN SANITATION SERVICE,,#79 307,,CHG  SALE,$160.80,Yes
1/9/2025,44,951643,WIZARD,96,SOUTHERN SANITATION SERVICE,,LS-4 80,,CHG  SALE,$116.70,Yes
1/9/2025,44,951661,ROSIE,96,SOUTHERN SANITATION SERVICE,,LS-3,,CHG  SALE,$121.30,Yes
1/9/2025,44,951676,ROSIE,96,SOUTHERN SANITATION SERVICE,,#85,,CHG  SALE,$10.70,Yes
1/9/2025,44,951690,WIZARD,96,SOUTHERN SANITATION SERVICE,,#87 209,,CHG  SALE,$154.80,Yes
1/9/2025,44,951708,AKEMY,96,SOUTHERN SANITATION SERVICE,OUTLETS,LS-4,,CHG  SALE,$0.00,Yes
1/9/2025,44,951709,ROSIE,96,SOUTHERN SANITATION SERVICE,,LS-3,,CHG  SALE,$252.50,Yes
1/9/2025,44,951711,AKEMY,96,SOUTHERN SANITATION SERVICE,OUTLETS,#94,,CHG  SALE,$0.00,Yes
1/9/2025,44,951715,AKEMY,96,SOUTHERN SANITATION SERVICE,,#79 29,,CHG  SALE,$422.20,Yes
1/9/2025,44,951738,AKEMY,96,SOUTHERN SANITATION SERVICE,,#79 247,,CHG  SALE,$67.80,Yes
1/9/2025,44,951748,WIZARD,96,SOUTHERN SANITATION SERVICE,,#87 218,,CHG  SALE,$42.30,Yes
1/9/2025,44,951750,WIZARD,96,SOUTHERN SANITATION SERVICE,,#85 131,,CHG  SALE,$56.20,Yes
1/10/2025,44,951766,WIZARD,96,SOUTHERN SANITATION SERVICE,,#94 66,,CHG  SALE,$27.90,Yes
1/10/2025,44,951768,ROSIE,96,SOUTHERN SANITATION SERVICE,,#93,,CHG  SALE,$289.70,Yes
1/10/2025,44,951770,WIZARD,96,SOUTHERN SANITATION SERVICE,,#87 216,,CHG  SALE,$22.30,Yes
1/10/2025,44,951780,WIZARD,96,SOUTHERN SANITATION SERVICE,,#85 169,,CHG  SALE,$14.40,Yes
1/10/2025,44,951783,ROSIE,96,SOUTHERN SANITATION SERVICE,,LS-3,,CHG  SALE,$203.20,Yes
1/10/2025,44,951788,WIZARD,96,SOUTHERN SANITATION SERVICE,,LS-4 348,,CHG  SALE,$88.30,Yes
1/10/2025,44,951793,WIZARD,96,SOUTHERN SANITATION SERVICE,,#87 43,,CHG  SALE,$71.60,Yes
1/10/2025,44,951802,SANDY,98,S.S.S. MINI ROLL-OFF,,#82 058,,CHG  SALE,$50.20,Yes
1/10/2025,44,951812,SANDY,96,SOUTHERN SANITATION SERVICE,,#94 282,,CHG  SALE,$20.90,Yes
1/10/2025,44,951814,ROSIE,96,SOUTHERN SANITATION SERVICE,DOCTORS,LS-3,,CHG  SALE,$172.00,Yes
1/10/2025,44,951827,ROSIE,96,SOUTHERN SANITATION SERVICE,HEB,#85,,CHG  SALE,$122.70,Yes
1/10/2025,44,951844,SANDY,96,SOUTHERN SANITATION SERVICE,,LS-4 186,,CHG  SALE,$225.10,Yes
1/10/2025,44,951848,WIZARD,96,SOUTHERN SANITATION SERVICE,,#93 348,,CHG  SALE,$50.60,Yes
1/10/2025,44,951853,WIZARD,96,SOUTHERN SANITATION SERVICE,,LS-3 82,,CHG  SALE,$15.30,Yes
1/10/2025,44,951856,ROSIE,96,SOUTHERN SANITATION SERVICE,,#94 98,,CHG  SALE,$909.30,Yes
1/10/2025,44,951863,WIZARD,96,SOUTHERN SANITATION SERVICE,,#87 168,,CHG  SALE,$111.60,Yes
1/10/2025,44,951894,SANDY,96,SOUTHERN SANITATION SERVICE,HOMEDEPOT,#93,,CHG  SALE,$164.10,Yes
1/10/2025,44,951904,SANDY,96,SOUTHERN SANITATION SERVICE,,#94 37,,CHG  SALE,$108.30,No
1/10/2025,44,951905,SANDY,98,S.S.S. MINI ROLL-OFF,,#82 065,,CHG  SALE,$33.90,Yes
1/10/2025,44,951927,WIZARD,96,SOUTHERN SANITATION SERVICE,,LS-4 299,,CHG  SALE,$72.50,Yes
1/10/2025,44,951928,WIZARD,96,SOUTHERN SANITATION SERVICE,,LS-3 354,,CHG  SALE,$369.60,Yes
1/10/2025,44,951933,WIZARD,96,SOUTHERN SANITATION SERVICE,,#85 134,,CHG  SALE,$119.50,Yes
1/10/2025,44,951961,SANDY,98,S.S.S. MINI ROLL-OFF,,#82 066,,CHG  SALE,$37.60,Yes
1/10/2025,44,951975,WIZARD,96,SOUTHERN SANITATION SERVICE,,LS-3 16,,CHG  SALE,$75.30,Yes
1/10/2025,44,951989,WIZARD,96,SOUTHERN SANITATION SERVICE,,#94 91,,CHG  SALE,$66.00,Yes
1/10/2025,44,951994,SANDY,96,SOUTHERN SANITATION SERVICE,LA POSADA,#85,,CHG  SALE,$67.80,Yes
1/10/2025,44,952004,SANDY,96,SOUTHERN SANITATION SERVICE,TARGET,LS-4,,CHG  SALE,$237.10,Yes
1/10/2025,44,952007,ROSIE,98,S.S.S. MINI ROLL-OFF,,#82 066,,CHG  SALE,$12.00,No
1/11/2025,44,952021,AKEMY,96,SOUTHERN SANITATION SERVICE,,#94 131,,CHG  SALE,$21.30,Yes
1/11/2025,44,952027,WIZARD,96,SOUTHERN SANITATION SERVICE,,#87 62,,CHG  SALE,$28.30,Yes
1/11/2025,44,952049,AKEMY,96,SOUTHERN SANITATION SERVICE,,#94,,CHG  SALE,$16.70,Yes
1/11/2025,44,952051,AKEMY,96,SOUTHERN SANITATION SERVICE,,#85 277	,,CHG  SALE,$41.80,Yes
1/11/2025,44,952052,WIZARD,96,SOUTHERN SANITATION SERVICE,,#87 158,,CHG  SALE,$38.60,Yes
1/11/2025,44,952088,WIZARD,96,SOUTHERN SANITATION SERVICE,,#85 121,,CHG  SALE,$30.20,Yes
1/11/2025,44,952132,WIZARD,96,SOUTHERN SANITATION SERVICE,,#87 166,,CHG  SALE,$76.70,Yes
1/11/2025,44,952175,AKEMY,96,SOUTHERN SANITATION SERVICE,,#85 101,,CHG  SALE,$6.90,Yes
1/11/2025,44,952353,AKEMY,96,SOUTHERN SANITATION SERVICE,,LS-4,,CHG  SALE,$410.60,Yes
1/13/2025,44,952400,WIZARD,96,SOUTHERN SANITATION SERVICE,,#94 303,,CHG  SALE,$86.00,Yes
1/13/2025,44,952416,ROSIE,98,S.S.S. MINI ROLL-OFF,,#82 015,,CHG  SALE,$23.20,Yes
1/13/2025,44,952428,WIZARD,96,SOUTHERN SANITATION SERVICE,,#87 153,,CHG  SALE,$40.90,Yes
1/13/2025,44,952433,ROSIE,98,S.S.S. MINI ROLL-OFF,,#82 035,,CHG  SALE,$7.40,No
1/13/2025,44,952444,AKEMY,96,SOUTHERN SANITATION SERVICE,MICHEALS,LS-3,,CHG  SALE,$277.60,Yes
1/13/2025,44,952455,AKEMY,96,SOUTHERN SANITATION SERVICE,TA,#85,,CHG  SALE,$177.10,Yes
1/13/2025,44,952485,ROSIE,96,SOUTHERN SANITATION SERVICE,,#94 348,,CHG  SALE,$43.70,Yes
1/13/2025,44,952499,WIZARD,96,SOUTHERN SANITATION SERVICE,,#87 139,,CHG  SALE,$119.00,Yes
1/13/2025,44,952508,WIZARD,96,SOUTHERN SANITATION SERVICE,,#94 247,,CHG  SALE,$27.90,Yes
1/13/2025,44,952546,ROSIE,98,S.S.S. MINI ROLL-OFF,,#82 042,,CHG  SALE,$195.30,Yes
1/13/2025,44,952553,WIZARD,96,SOUTHERN SANITATION SERVICE,,LS-3 325,,CHG  SALE,$89.70,Yes
1/13/2025,44,952561,WIZARD,96,SOUTHERN SANITATION SERVICE,,LS-4 348,,CHG  SALE,$87.80,Yes
1/13/2025,44,952573,ROSIE,96,SOUTHERN SANITATION SERVICE,,#79 369,,CHG  SALE,$95.30,Yes
1/13/2025,44,952641,AKEMY,98,S.S.S. MINI ROLL-OFF,,#82 081,,CHG  SALE,$56.20,Yes
1/13/2025,44,952657,ROSIE,96,SOUTHERN SANITATION SERVICE,,#79 59,,CHG  SALE,$83.70,Yes
1/13/2025,44,952663,WIZARD,96,SOUTHERN SANITATION SERVICE,,#85 182,,CHG  SALE,$40.40,Yes
1/13/2025,44,952677,WIZARD,96,SOUTHERN SANITATION SERVICE,,#94 371,,CHG  SALE,$46.50,Yes
1/13/2025,44,952701,WIZARD,96,SOUTHERN SANITATION SERVICE,,LS-3 276,,CHG  SALE,$74.80,Yes
1/13/2025,44,952720,AKEMY,96,SOUTHERN SANITATION SERVICE,LOVES,#93,,CHG  SALE,$290.60,Yes
1/13/2025,44,952737,WIZARD,96,SOUTHERN SANITATION SERVICE,,LS-3 187,,CHG  SALE,$26.50,Yes
1/13/2025,44,952800,AKEMY,98,S.S.S. MINI ROLL-OFF,,#82 020,,CHG  SALE,$30.20,Yes
1/13/2025,44,952824,AKEMY,96,SOUTHERN SANITATION SERVICE,,#79 220,,CHG  SALE,$159.90,Yes
1/13/2025,44,952838,WIZARD,96,SOUTHERN SANITATION SERVICE,,#85 70,,CHG  SALE,$274.30,Yes
1/13/2025,44,952940,ROSIE,96,SOUTHERN SANITATION SERVICE,LOWES,#94,,CHG  SALE,$116.20,Yes
1/13/2025,44,952941,ROSIE,96,SOUTHERN SANITATION SERVICE,,LS-4,,CHG  SALE,$62.30,Yes
1/13/2025,44,952976,AKEMY,98,S.S.S. MINI ROLL-OFF,,#82 021,,CHG  SALE,$17.20,Yes
1/13/2025,44,952983,WIZARD,96,SOUTHERN SANITATION SERVICE,,#85 135,,CHG  SALE,$209.70,Yes
1/13/2025,44,952991,AKEMY,96,SOUTHERN SANITATION SERVICE,,#79 168,,CHG  SALE,$256.20,Yes
1/13/2025,44,952992,AKEMY,98,S.S.S. MINI ROLL-OFF,,#82 075,,CHG  SALE,"$1,171.20",Yes
1/13/2025,44,953009,AKEMY,96,SOUTHERN SANITATION SERVICE,,#93 188,,CHG  SALE,$56.70,Yes
1/13/2025,44,953026,WIZARD,96,SOUTHERN SANITATION SERVICE,,LS-3 345,,CHG  SALE,$37.20,Yes
1/13/2025,44,953039,WIZARD,96,SOUTHERN SANITATION SERVICE,,#94 199,,CHG  SALE,$388.70,Yes
1/14/2025,44,953050,WIZARD,96,SOUTHERN SANITATION SERVICE,,LS-3 111,,CHG  SALE,$87.40,Yes
1/14/2025,44,953062,WIZARD,96,SOUTHERN SANITATION SERVICE,,#87 184,,CHG  SALE,$144.60,Yes
1/14/2025,44,953069,AKEMY,96,SOUTHERN SANITATION SERVICE,,#85 214,,CHG  SALE,$24.60,Yes
1/14/2025,44,953076,SANDY,98,S.S.S. MINI ROLL-OFF,,#82 000,,CHG  SALE,$24.60,Yes
1/14/2025,44,953088,AKEMY,96,SOUTHERN SANITATION SERVICE,,#93 131,,CHG  SALE,$46.00,Yes
1/14/2025,44,953099,SANDY,96,SOUTHERN SANITATION SERVICE,HEB,LS-4,,CHG  SALE,$273.80,Yes
1/14/2025,44,953142,WIZARD,96,SOUTHERN SANITATION SERVICE,,#93 138,,CHG  SALE,$27.90,Yes
1/14/2025,44,953154,WIZARD,96,SOUTHERN SANITATION SERVICE,,#87 164,,CHG  SALE,$71.60,Yes
1/14/2025,44,953157,SANDY,98,S.S.S. MINI ROLL-OFF,,#82 091,,CHG  SALE,$69.20,Yes
1/14/2025,44,953165,WIZARD,96,SOUTHERN SANITATION SERVICE,,#93 303,,CHG  SALE,$5.50,Yes
1/14/2025,44,953169,WIZARD,96,SOUTHERN SANITATION SERVICE,,LS-3 115,,CHG  SALE,$84.60,Yes
1/14/2025,44,953180,AKEMY,98,S.S.S. MINI ROLL-OFF,,#82 093,,CHG  SALE,$12.50,Yes
1/14/2025,44,953181,WIZARD,96,SOUTHERN SANITATION SERVICE,,#93 291,,CHG  SALE,$47.40,Yes
1/14/2025,44,953185,WIZARD,96,SOUTHERN SANITATION SERVICE,,#85 130,,CHG  SALE,$19.00,Yes
1/14/2025,44,953208,WIZARD,96,SOUTHERN SANITATION SERVICE,,LS-4 359,,CHG  SALE,$135.70,Yes
1/14/2025,44,953216,WIZARD,96,SOUTHERN SANITATION SERVICE,,#87 160,,CHG  SALE,$86.40,Yes
1/14/2025,44,953257,WIZARD,96,SOUTHERN SANITATION SERVICE,,#93 350,,CHG  SALE,$26.00,Yes
1/14/2025,44,953259,SANDY,96,SOUTHERN SANITATION SERVICE,,#85 181	,,CHG  SALE,$152.00,No
1/14/2025,44,953302,AKEMY,96,SOUTHERN SANITATION SERVICE,,LS-3,,CHG  SALE,$190.60,Yes
1/14/2025,44,953322,WIZARD,96,SOUTHERN SANITATION SERVICE,,#87 141,,CHG  SALE,$76.70,Yes
1/14/2025,44,953329,AKEMY,98,S.S.S. MINI ROLL-OFF,,#82 071,,CHG  SALE,$3.20,Yes
1/14/2025,44,953370,AKEMY,96,SOUTHERN SANITATION SERVICE,HEB,LS-4,,CHG  SALE,$266.90,Yes
1/14/2025,44,953404,WIZARD,96,SOUTHERN SANITATION SERVICE,,#93 100,,CHG  SALE,$84.10,Yes
1/14/2025,44,953415,WIZARD,96,SOUTHERN SANITATION SERVICE,,#85 344,,CHG  SALE,$81.30,Yes
1/14/2025,44,953417,SANDY,98,S.S.S. MINI ROLL-OFF,,#82 026,,CHG  SALE,$116.70,Yes
1/14/2025,44,953419,WIZARD,96,SOUTHERN SANITATION SERVICE,,LS-3 324,,CHG  SALE,$53.40,Yes
1/14/2025,44,953425,WIZARD,96,SOUTHERN SANITATION SERVICE,,#94 217,,CHG  SALE,$223.20,Yes
1/14/2025,44,953484,WIZARD,96,SOUTHERN SANITATION SERVICE,,LS-4 195,,CHG  SALE,$286.40,Yes
1/14/2025,44,953486,WIZARD,96,SOUTHERN SANITATION SERVICE,,#87 81,,CHG  SALE,$66.90,Yes
1/14/2025,44,953503,WIZARD,96,SOUTHERN SANITATION SERVICE,,#94 60,,CHG  SALE,$138.10,Yes
1/14/2025,44,953508,AKEMY,96,SOUTHERN SANITATION SERVICE,HEB,LS-3,,CHG  SALE,$117.60,Yes
1/14/2025,44,953525,WIZARD,96,SOUTHERN SANITATION SERVICE,,LS-4 224,,CHG  SALE,$50.60,Yes
1/15/2025,44,953546,SANDY,96,SOUTHERN SANITATION SERVICE,FLYING J,#94,,CHG  SALE,$281.30,Yes
1/15/2025,44,953547,AKEMY,98,S.S.S. MINI ROLL-OFF,,#82 075,,CHG  SALE,$4.60,Yes
1/15/2025,44,953549,AKEMY,96,SOUTHERN SANITATION SERVICE,,#93 89,,CHG  SALE,$10.70,Yes
1/15/2025,44,953550,WIZARD,96,SOUTHERN SANITATION SERVICE,,#87 79,,CHG  SALE,$73.00,Yes
1/15/2025,44,953560,WIZARD,96,SOUTHERN SANITATION SERVICE,,#85 118,,CHG  SALE,$57.20,Yes
1/15/2025,44,953566,WIZARD,96,SOUTHERN SANITATION SERVICE,,LS-4 147,,CHG  SALE,$111.60,Yes
1/15/2025,44,953567,WIZARD,96,SOUTHERN SANITATION SERVICE,,LS-3 362,,CHG  SALE,$59.50,Yes
1/15/2025,44,953599,WIZARD,96,SOUTHERN SANITATION SERVICE,,LS-3 152,,CHG  SALE,$123.60,Yes
1/15/2025,44,953604,WIZARD,96,SOUTHERN SANITATION SERVICE,,#87 284,,CHG  SALE,$34.80,Yes
1/15/2025,44,953625,SANDY,96,SOUTHERN SANITATION SERVICE,,#93,,CHG  SALE,$90.20,Yes
1/15/2025,44,953626,SANDY,96,SOUTHERN SANITATION SERVICE,,#94 379,,CHG  SALE,$77.60,Yes
1/15/2025,44,953648,AKEMY,96,SOUTHERN SANITATION SERVICE,,#85 126,,CHG  SALE,$27.40,Yes
1/15/2025,44,953655,SANDY,96,SOUTHERN SANITATION SERVICE,HEB,LS-4,,CHG  SALE,$243.20,Yes
1/15/2025,44,953659,SANDY,96,SOUTHERN SANITATION SERVICE,,#85 126,,CHG  SALE,$40.00,No
1/15/2025,44,953668,SANDY,96,SOUTHERN SANITATION SERVICE,,#87 289,,CHG  SALE,$61.80,Yes
1/15/2025,44,953685,AKEMY,96,SOUTHERN SANITATION SERVICE,,#79 114,,CHG  SALE,$65.10,Yes
1/15/2025,44,953687,AKEMY,96,SOUTHERN SANITATION SERVICE,,#93 66,,CHG  SALE,$32.00,Yes
1/15/2025,44,953690,SANDY,96,SOUTHERN SANITATION SERVICE,,#94 282,,CHG  SALE,$959.10,Yes
1/15/2025,44,953702,WIZARD,96,SOUTHERN SANITATION SERVICE,,LS-4 53,,CHG  SALE,$47.90,Yes
1/15/2025,44,953707,WIZARD,96,SOUTHERN SANITATION SERVICE,,LS-3 31,,CHG  SALE,$541.20,Yes
1/15/2025,44,953722,WIZARD,96,SOUTHERN SANITATION SERVICE,,#85 94,,CHG  SALE,$117.10,Yes
1/15/2025,44,953729,SANDY,96,SOUTHERN SANITATION SERVICE,,#87 122,,CHG  SALE,"$1,249.20",Yes
1/15/2025,44,953757,AKEMY,96,SOUTHERN SANITATION SERVICE,,#93 376,,CHG  SALE,$6.90,Yes
1/15/2025,44,953760,WIZARD,96,SOUTHERN SANITATION SERVICE,,#94 148,,CHG  SALE,$88.80,Yes
1/15/2025,44,953779,WIZARD,96,SOUTHERN SANITATION SERVICE,,LS-3 366,,CHG  SALE,$445.90,Yes
1/15/2025,44,953785,AKEMY,96,SOUTHERN SANITATION SERVICE,,#79 287,,CHG  SALE,$78.10,Yes
1/15/2025,44,953789,AKEMY,96,SOUTHERN SANITATION SERVICE,,LS-3 366,,CHG  SALE,$10.00,No
1/15/2025,44,953805,WIZARD,96,SOUTHERN SANITATION SERVICE,,#85 188,,CHG  SALE,$20.40,Yes
1/15/2025,44,953807,WIZARD,96,SOUTHERN SANITATION SERVICE,,#87 37,,CHG  SALE,$80.90,Yes
1/15/2025,44,953826,AKEMY,96,SOUTHERN SANITATION SERVICE,HEB,#79,,CHG  SALE,$227.30,Yes
1/15/2025,44,953829,SANDY,96,SOUTHERN SANITATION SERVICE,,#94 116,,CHG  SALE,$479.80,Yes
1/15/2025,44,953843,WIZARD,96,SOUTHERN SANITATION SERVICE,,LS-4 241,,CHG  SALE,$19.00,No
1/15/2025,44,953856,WIZARD,96,SOUTHERN SANITATION SERVICE,,#85 16,,CHG  SALE,$22.30,Yes
1/16/2025,44,953870,SANDY,96,SOUTHERN SANITATION SERVICE,OJOS LOCOS,#93,,CHG  SALE,$6.90,Yes
1/16/2025,44,953873,AKEMY,96,SOUTHERN SANITATION SERVICE,,#94 299,,CHG  SALE,$51.60,Yes
1/16/2025,44,953883,AKEMY,96,SOUTHERN SANITATION SERVICE,,#85 135,,CHG  SALE,$96.20,Yes
1/16/2025,44,953887,WIZARD,96,SOUTHERN SANITATION SERVICE,,LS-4 260,,CHG  SALE,$28.30,Yes
1/16/2025,44,953900,WIZARD,96,SOUTHERN SANITATION SERVICE,,LS-3 91,,CHG  SALE,$41.30,Yes
1/16/2025,44,953906,WIZARD,96,SOUTHERN SANITATION SERVICE,,#87 311,,CHG  SALE,$118.50,Yes
1/16/2025,44,953910,SANDY,98,S.S.S. MINI ROLL-OFF,,#82 021,,CHG  SALE,$14.80,Yes
1/16/2025,44,953917,AKEMY,96,SOUTHERN SANITATION SERVICE,,#93 106,,CHG  SALE,$31.60,Yes
1/16/2025,44,953932,SANDY,96,SOUTHERN SANITATION SERVICE,LOVES,#93,,CHG  SALE,$91.10,Yes
1/16/2025,44,953936,AKEMY,96,SOUTHERN SANITATION SERVICE,,#79 358,,CHG  SALE,$78.10,Yes
1/16/2025,44,953946,WIZARD,96,SOUTHERN SANITATION SERVICE,,#94 137,,CHG  SALE,$34.40,Yes
1/16/2025,44,953996,WIZARD,96,SOUTHERN SANITATION SERVICE,,LS-4 334,,CHG  SALE,$84.60,Yes
1/16/2025,44,954002,WIZARD,96,SOUTHERN SANITATION SERVICE,,#85 171,,CHG  SALE,$136.70,Yes
1/16/2025,44,954039,WIZARD,96,SOUTHERN SANITATION SERVICE,,#87 97,,CHG  SALE,$82.70,Yes
1/16/2025,44,954044,WIZARD,96,SOUTHERN SANITATION SERVICE,,LS-3 296,,CHG  SALE,$167.80,Yes
1/16/2025,44,954060,AKEMY,96,SOUTHERN SANITATION SERVICE,,#79 370,,CHG  SALE,$175.30,Yes
1/16/2025,44,954062,WIZARD,96,SOUTHERN SANITATION SERVICE,,#93 348,,CHG  SALE,$126.00,Yes
1/16/2025,44,954120,AKEMY,96,SOUTHERN SANITATION SERVICE,,LS-4 80,,CHG  SALE,$469.80,Yes
1/16/2025,44,954127,AKEMY,96,SOUTHERN SANITATION SERVICE,CINEMARK,#94,,CHG  SALE,$240.40,Yes
1/16/2025,44,954129,WIZARD,96,SOUTHERN SANITATION SERVICE,,#87 154,,CHG  SALE,$84.10,Yes
1/16/2025,44,954144,WIZARD,96,SOUTHERN SANITATION SERVICE,,LS-3 186,,CHG  SALE,$266.40,Yes
1/16/2025,44,954147,AKEMY,98,S.S.S. MINI ROLL-OFF,,#82 069,,CHG  SALE,$349.20,Yes
1/16/2025,44,954155,WIZARD,96,SOUTHERN SANITATION SERVICE,,#85 190,,CHG  SALE,$138.50,Yes
1/16/2025,44,954176,WIZARD,96,SOUTHERN SANITATION SERVICE,,#93 108,,CHG  SALE,$54.40,Yes
1/16/2025,44,954223,WIZARD,96,SOUTHERN SANITATION SERVICE,,LS-3 352,,CHG  SALE,$121.80,Yes
1/16/2025,44,954245,WIZARD,96,SOUTHERN SANITATION SERVICE,,#87 209,,CHG  SALE,$53.00,Yes
1/16/2025,44,954262,WIZARD,96,SOUTHERN SANITATION SERVICE,,#94 101,,CHG  SALE,$40.90,Yes
1/16/2025,44,954277,WIZARD,96,SOUTHERN SANITATION SERVICE,,#85 262,,CHG  SALE,$109.70,Yes
1/16/2025,44,954289,WIZARD,96,SOUTHERN SANITATION SERVICE,,LS-4 193,,CHG  SALE,$44.60,No
1/16/2025,44,954290,SANDY,96,SOUTHERN SANITATION SERVICE,,#79 336,,CHG  SALE,$73.00,Yes
1/16/2025,44,954336,AKEMY,96,SOUTHERN SANITATION SERVICE,HEB,LS-3,,CHG  SALE,$119.50,Yes
1/16/2025,44,954359,AKEMY,96,SOUTHERN SANITATION SERVICE,HEB,LS-4,,CHG  SALE,$221.80,Yes
1/16/2025,44,954366,SANDY,96,SOUTHERN SANITATION SERVICE,,#79 82,,CHG  SALE,$229.20,Yes
1/16/2025,44,954373,WIZARD,96,SOUTHERN SANITATION SERVICE,,#85 78,,CHG  SALE,$50.60,Yes
1/16/2025,44,954375,WIZARD,96,SOUTHERN SANITATION SERVICE,,#94 169,,CHG  SALE,$23.20,Yes
1/17/2025,44,954400,SANDY,96,SOUTHERN SANITATION SERVICE,,#93 369,,CHG  SALE,$36.20,Yes
1/17/2025,44,954412,WIZARD,96,SOUTHERN SANITATION SERVICE,,#94 150,,CHG  SALE,$23.70,Yes
1/17/2025,44,954414,WIZARD,96,SOUTHERN SANITATION SERVICE,,#87 218,,CHG  SALE,$47.90,Yes
1/17/2025,44,954417,WIZARD,96,SOUTHERN SANITATION SERVICE,,LS-4 46,,CHG  SALE,$159.00,Yes
1/17/2025,44,954420,WIZARD,96,SOUTHERN SANITATION SERVICE,,#85 251,,CHG  SALE,$86.90,Yes
1/17/2025,44,954427,SANDY,98,S.S.S. MINI ROLL-OFF,,#82 089,,CHG  SALE,$125.50,Yes
1/17/2025,44,954436,WIZARD,96,SOUTHERN SANITATION SERVICE,,LS-3 343,,CHG  SALE,$86.00,Yes
1/17/2025,44,954445,WIZARD,96,SOUTHERN SANITATION SERVICE,,#93 94,,CHG  SALE,$31.60,Yes
1/17/2025,44,954448,SANDY,98,S.S.S. MINI ROLL-OFF,,#82 075,,CHG  SALE,$8.80,Yes
1/17/2025,44,954489,WIZARD,96,SOUTHERN SANITATION SERVICE,,LS-4 155,,CHG  SALE,$16.20,Yes
1/17/2025,44,954494,WIZARD,96,SOUTHERN SANITATION SERVICE,,#93 188,,CHG  SALE,$4.10,Yes
1/17/2025,44,954497,WIZARD,96,SOUTHERN SANITATION SERVICE,,#87 330,,CHG  SALE,$135.30,Yes
1/17/2025,44,954506,WIZARD,96,SOUTHERN SANITATION SERVICE,,LS-3 100,,CHG  SALE,$26.90,Yes
1/17/2025,44,954510,SANDY,96,SOUTHERN SANITATION SERVICE,,#94 379,,CHG  SALE,$645.10,Yes
1/17/2025,44,954518,WIZARD,96,SOUTHERN SANITATION SERVICE,,#85 41,,CHG  SALE,$30.20,Yes
1/17/2025,44,954551,SANDY,96,SOUTHERN SANITATION SERVICE,HEB,#94,,CHG  SALE,$269.20,Yes
1/17/2025,44,954581,WIZARD,96,SOUTHERN SANITATION SERVICE,,#87 115,,CHG  SALE,$68.80,Yes
1/17/2025,44,954584,WIZARD,96,SOUTHERN SANITATION SERVICE,,#93 323,,CHG  SALE,$36.20,Yes
1/17/2025,44,954602,AKEMY,96,SOUTHERN SANITATION SERVICE,,#79 296,,CHG  SALE,$125.00,Yes
1/17/2025,44,954612,SANDY,96,SOUTHERN SANITATION SERVICE,DOCTORS,LS-3,,CHG  SALE,$327.30,Yes
1/17/2025,44,954616,WIZARD,96,SOUTHERN SANITATION SERVICE,,#94 287,,CHG  SALE,$42.30,No
1/17/2025,44,954654,SANDY,96,SOUTHERN SANITATION SERVICE,LA POSADA,#85,,CHG  SALE,$66.50,Yes
1/17/2025,44,954675,WIZARD,96,SOUTHERN SANITATION SERVICE,,#87 129,,CHG  SALE,$106.40,Yes
1/17/2025,44,954685,AKEMY,96,SOUTHERN SANITATION SERVICE,PILOT,#93,,CHG  SALE,$272.00,Yes
1/17/2025,44,954706,AKEMY,96,SOUTHERN SANITATION SERVICE,,LS-4 130,,CHG  SALE,$82.30,No
1/17/2025,44,954782,WIZARD,96,SOUTHERN SANITATION SERVICE,,#87 243,,CHG  SALE,$134.30,Yes
1/17/2025,44,954783,SANDY,96,SOUTHERN SANITATION SERVICE,,LS-4 182,,CHG  SALE,$183.60,Yes
1/17/2025,44,954800,WIZARD,96,SOUTHERN SANITATION SERVICE,,#94 139,,CHG  SALE,$135.30,Yes
1/17/2025,44,954871,WIZARD,98,S.S.S. MINI ROLL-OFF,,#82 079,,CHG  SALE,$85.10,Yes
1/18/2025,44,954887,ROSIE,96,SOUTHERN SANITATION SERVICE,,#94 16,,CHG  SALE,$86.40,Yes
1/18/2025,44,954895,SANDY,96,SOUTHERN SANITATION SERVICE,,#79 158,,CHG  SALE,$33.00,Yes
1/18/2025,44,954939,WIZARD,96,SOUTHERN SANITATION SERVICE,,#87 134,,CHG  SALE,$32.50,Yes
1/18/2025,44,954944,WIZARD,96,SOUTHERN SANITATION SERVICE,,#85 375,,CHG  SALE,$49.20,Yes
1/18/2025,44,954992,WIZARD,96,SOUTHERN SANITATION SERVICE,,#94 121,,CHG  SALE,$16.70,Yes
1/18/2025,44,955019,SANDY,96,SOUTHERN SANITATION SERVICE,,#79 334,,CHG  SALE,$58.50,Yes
1/18/2025,44,955021,SANDY,96,SOUTHERN SANITATION SERVICE,,#85 44,,CHG  SALE,$16.20,Yes
1/18/2025,44,955023,ROSIE,96,SOUTHERN SANITATION SERVICE,,#87 373,,CHG  SALE,$39.90,Yes
1/18/2025,44,955093,WIZARD,96,SOUTHERN SANITATION SERVICE,,#94 299,,CHG  SALE,$43.70,Yes
1/18/2025,44,955176,ROSIE,96,SOUTHERN SANITATION SERVICE,,#79 123,,CHG  SALE,$85.50,Yes
1/18/2025,44,955201,SANDY,96,SOUTHERN SANITATION SERVICE,OUTLETS,#94,,CHG  SALE,$0.00,Yes
1/18/2025,44,955215,SANDY,96,SOUTHERN SANITATION SERVICE,,#79 187,,CHG  SALE,$279.00,Yes
1/18/2025,44,955325,SANDY,96,SOUTHERN SANITATION SERVICE,,#85 277	,,CHG  SALE,$43.70,Yes
1/18/2025,44,955384,WIZARD,96,SOUTHERN SANITATION SERVICE,,#94 62,,CHG  SALE,$23.70,Yes
1/20/2025,44,955497,SANDY,96,SOUTHERN SANITATION SERVICE,,#93 116,,CHG  SALE,$62.30,Yes
1/20/2025,44,955504,ROSIE,96,SOUTHERN SANITATION SERVICE,PILOT,#94,,CHG  SALE,$335.70,Yes
1/20/2025,44,955507,WIZARD,96,SOUTHERN SANITATION SERVICE,,LS-3 360,,CHG  SALE,$102.70,Yes
1/20/2025,44,955517,SANDY,98,S.S.S. MINI ROLL-OFF,,#82 058,,CHG  SALE,$39.90,Yes
1/20/2025,44,955518,WIZARD,96,SOUTHERN SANITATION SERVICE,,LS-4 369,,CHG  SALE,$36.20,Yes
1/20/2025,44,955522,SANDY,96,SOUTHERN SANITATION SERVICE,,#79 362,,CHG  SALE,$26.50,No
1/20/2025,44,955527,WIZARD,96,SOUTHERN SANITATION SERVICE,,#87 205,,CHG  SALE,$39.90,Yes
1/20/2025,44,955529,WIZARD,96,SOUTHERN SANITATION SERVICE,,#85 364,,CHG  SALE,$219.90,Yes
1/20/2025,44,955533,WIZARD,96,SOUTHERN SANITATION SERVICE,,LS-3 94,,CHG  SALE,$31.10,Yes
1/20/2025,44,955534,SANDY,98,S.S.S. MINI ROLL-OFF,,#82 021,,CHG  SALE,$24.10,Yes
1/20/2025,44,955546,ROSIE,96,SOUTHERN SANITATION SERVICE,,#93,,CHG  SALE,$45.10,Yes
1/20/2025,44,955566,SANDY,96,SOUTHERN SANITATION SERVICE,,#94 31,,CHG  SALE,$53.90,Yes
1/20/2025,44,955569,WIZARD,96,SOUTHERN SANITATION SERVICE,,#87 145,,CHG  SALE,$129.20,Yes
1/20/2025,44,955572,WIZARD,96,SOUTHERN SANITATION SERVICE,,LS-3 121,,CHG  SALE,$38.60,Yes
1/20/2025,44,955591,ROSIE,96,SOUTHERN SANITATION SERVICE,,LS-4 379,,CHG  SALE,$385.40,Yes
1/20/2025,44,955600,SANDY,98,S.S.S. MINI ROLL-OFF,,#82 025,,CHG  SALE,$44.10,Yes
1/20/2025,44,955605,WIZARD,96,SOUTHERN SANITATION SERVICE,,#85 150,,CHG  SALE,$90.60,Yes
1/20/2025,44,955610,ROSIE,96,SOUTHERN SANITATION SERVICE,,#79 335,,CHG  SALE,$141.80,No
1/20/2025,44,955630,WIZARD,96,SOUTHERN SANITATION SERVICE,,#87 166,,CHG  SALE,$31.60,Yes
1/20/2025,44,955642,WIZARD,96,SOUTHERN SANITATION SERVICE,,#94 372,,CHG  SALE,$597.00,Yes
1/20/2025,44,955663,ROSIE,96,SOUTHERN SANITATION SERVICE,HEB,#93,,CHG  SALE,$323.10,Yes
1/20/2025,44,955681,ROSIE,96,SOUTHERN SANITATION SERVICE,,#79 367,,CHG  SALE,$51.60,No
1/20/2025,44,955697,SANDY,96,SOUTHERN SANITATION SERVICE,LOWES,LS-3,,CHG  SALE,$187.80,Yes
1/20/2025,44,955710,ROSIE,98,S.S.S. MINI ROLL-OFF,,#82 081,,CHG  SALE,"$1,112.80",Yes
1/20/2025,44,955731,ROSIE,96,SOUTHERN SANITATION SERVICE,,LS-4 74,,CHG  SALE,$55.30,Yes
1/20/2025,44,955748,SANDY,96,SOUTHERN SANITATION SERVICE,MARSHALL,#94,,CHG  SALE,$229.70,Yes
1/20/2025,44,955792,WIZARD,96,SOUTHERN SANITATION SERVICE,,LS-4 270,,CHG  SALE,$49.20,Yes
1/20/2025,44,955835,WIZARD,96,SOUTHERN SANITATION SERVICE,,LS-3 351,,CHG  SALE,$39.00,Yes
1/21/2025,44,955855,WIZARD,96,SOUTHERN SANITATION SERVICE,,#85 5,,CHG  SALE,$19.50,No
1/21/2025,44,955862,GOMEZ,96,SOUTHERN SANITATION SERVICE,,#94 279,,CHG  SALE,$47.40,Yes
1/21/2025,44,955870,GOMEZ,96,SOUTHERN SANITATION SERVICE,,#79 214,,CHG  SALE,$37.20,Yes
1/21/2025,44,955871,GOMEZ,96,SOUTHERN SANITATION SERVICE,DH,#93,,CHG  SALE,$187.80,Yes
1/21/2025,44,955872,GOMEZ,96,SOUTHERN SANITATION SERVICE,,#94 94,,CHG  SALE,$33.00,Yes
1/21/2025,44,955884,WIZARD,96,SOUTHERN SANITATION SERVICE,,#93 284,,CHG  SALE,$79.90,Yes
1/21/2025,44,955894,WIZARD,96,SOUTHERN SANITATION SERVICE,,LS-3 334,,CHG  SALE,$90.20,Yes
1/21/2025,44,955901,WIZARD,96,SOUTHERN SANITATION SERVICE,,LS-3 369,,CHG  SALE,$242.20,Yes
1/21/2025,44,955907,WIZARD,96,SOUTHERN SANITATION SERVICE,,#85 172,,CHG  SALE,$31.60,Yes
1/21/2025,44,955910,GOMEZ,96,SOUTHERN SANITATION SERVICE,,#94 164,,CHG  SALE,$113.00,Yes
1/21/2025,44,955915,WIZARD,96,SOUTHERN SANITATION SERVICE,,LS-4 109,,CHG  SALE,$75.30,Yes
1/21/2025,44,955932,GOMEZ,96,SOUTHERN SANITATION SERVICE,,LS-4 364,,CHG  SALE,$63.70,Yes
1/21/2025,44,955942,GOMEZ,96,SOUTHERN SANITATION SERVICE,,#93 158,,CHG  SALE,$31.60,Yes
1/21/2025,44,955947,WIZARD,96,SOUTHERN SANITATION SERVICE,,LS-3 272,,CHG  SALE,$72.00,Yes
1/21/2025,44,955959,WIZARD,96,SOUTHERN SANITATION SERVICE,,#94 184,,CHG  SALE,$73.90,Yes
1/21/2025,44,955963,WIZARD,96,SOUTHERN SANITATION SERVICE,,#85 131,,CHG  SALE,$23.70,Yes
1/21/2025,44,955976,GOMEZ,96,SOUTHERN SANITATION SERVICE,HEB,LS-3,,CHG  SALE,$162.20,Yes
1/22/2025,44,956000,WIZARD,96,SOUTHERN SANITATION SERVICE,,#94 137,,CHG  SALE,$48.30,Yes
1/22/2025,44,956006,SANDY,98,S.S.S. MINI ROLL-OFF,,#82 081,,CHG  SALE,$4.10,Yes
1/22/2025,44,956013,ROSIE,98,S.S.S. MINI ROLL-OFF,,#82 079,,CHG  SALE,$4.10,Yes
1/22/2025,44,956014,WIZARD,96,SOUTHERN SANITATION SERVICE,,LS-4 156,,CHG  SALE,$22.30,Yes
1/22/2025,44,956015,WIZARD,96,SOUTHERN SANITATION SERVICE,,LS-3 147,,CHG  SALE,$39.90,Yes
1/22/2025,44,956023,WIZARD,96,SOUTHERN SANITATION SERVICE,,#94 139,,CHG  SALE,$51.10,Yes
1/22/2025,44,956027,SANDY,96,SOUTHERN SANITATION SERVICE,,#87,,CHG  SALE,$358.90,Yes
1/22/2025,44,956033,WIZARD,96,SOUTHERN SANITATION SERVICE,,#85 52,,CHG  SALE,$77.60,Yes
1/22/2025,44,956059,SANDY,96,SOUTHERN SANITATION SERVICE,HEB,LS-3,,CHG  SALE,$159.90,Yes
1/22/2025,44,956060,ROSIE,98,S.S.S. MINI ROLL-OFF,,#82 030,,CHG  SALE,$37.60,Yes
1/22/2025,44,956093,WIZARD,96,SOUTHERN SANITATION SERVICE,,LS-4 308,,CHG  SALE,$63.20,Yes
1/22/2025,44,956095,WIZARD,96,SOUTHERN SANITATION SERVICE,,#85 251,,CHG  SALE,$13.40,Yes
1/22/2025,44,956098,SANDY,96,SOUTHERN SANITATION SERVICE,HEB,#94,,CHG  SALE,$295.70,Yes
1/22/2025,44,956130,SANDY,96,SOUTHERN SANITATION SERVICE,HEB,LS-3,,CHG  SALE,$192.90,Yes
1/22/2025,44,956149,SANDY,96,SOUTHERN SANITATION SERVICE,WALMART,LS-4,,CHG  SALE,$467.30,No
1/22/2025,44,956178,WIZARD,96,SOUTHERN SANITATION SERVICE,,#87 189,,CHG  SALE,$114.80,Yes
1/22/2025,44,956203,ROSIE,96,SOUTHERN SANITATION SERVICE,,#79 174,,CHG  SALE,$78.10,Yes
1/22/2025,44,956207,ROSIE,96,SOUTHERN SANITATION SERVICE,HEB,#94,,CHG  SALE,$288.30,Yes
1/22/2025,44,956232,ROSIE,96,SOUTHERN SANITATION SERVICE,,#85 241,,CHG  SALE,$4.60,Yes
1/22/2025,44,956302,WIZARD,96,SOUTHERN SANITATION SERVICE,,LS-3 122,,CHG  SALE,$81.80,Yes
1/22/2025,44,956328,SANDY,96,SOUTHERN SANITATION SERVICE,,#79 159,,CHG  SALE,$89.20,Yes
1/22/2025,44,956337,WIZARD,96,SOUTHERN SANITATION SERVICE,,#85 343,,CHG  SALE,$18.10,Yes
1/22/2025,44,956340,ROSIE,96,SOUTHERN SANITATION SERVICE,WALMART,LS-4,,CHG  SALE,$314.80,No
1/22/2025,44,956341,WIZARD,96,SOUTHERN SANITATION SERVICE,,#87 115,,CHG  SALE,$100.90,Yes
1/22/2025,44,956365,WIZARD,96,SOUTHERN SANITATION SERVICE,,#94 361,,CHG  SALE,$55.30,Yes
1/22/2025,44,956388,WIZARD,96,SOUTHERN SANITATION SERVICE,,LS-3 70,,CHG  SALE,$219.00,Yes
1/22/2025,44,956414,SANDY,96,SOUTHERN SANITATION SERVICE,,#79 60,,CHG  SALE,$72.50,Yes
1/23/2025,44,956446,WIZARD,96,SOUTHERN SANITATION SERVICE,,LS-3 135,,CHG  SALE,$174.80,Yes
1/23/2025,44,956453,ROSIE,98,S.S.S. MINI ROLL-OFF,,#82 046,,CHG  SALE,$126.00,Yes
1/23/2025,44,956457,ROSIE,96,SOUTHERN SANITATION SERVICE,,#79 20,,CHG  SALE,$112.50,Yes
1/23/2025,44,956474,ROSIE,96,SOUTHERN SANITATION SERVICE,,LS-4 91,,CHG  SALE,$166.90,Yes
1/23/2025,44,956476,ROSIE,96,SOUTHERN SANITATION SERVICE,,#94 183,,CHG  SALE,$51.10,Yes
1/23/2025,44,956489,WIZARD,96,SOUTHERN SANITATION SERVICE,,#94 62,,CHG  SALE,$26.00,Yes
1/23/2025,44,956493,ROSIE,98,S.S.S. MINI ROLL-OFF,,#82 071,,CHG  SALE,$13.90,Yes
1/23/2025,44,956518,WIZARD,96,SOUTHERN SANITATION SERVICE,,LS-3 7,,CHG  SALE,$18.10,Yes
1/23/2025,44,956551,WIZARD,96,SOUTHERN SANITATION SERVICE,,#87 323,,CHG  SALE,$51.60,Yes
1/23/2025,44,956565,ROSIE,98,S.S.S. MINI ROLL-OFF,,#82 091,,CHG  SALE,"$1,097.60",Yes
1/23/2025,44,956570,WIZARD,96,SOUTHERN SANITATION SERVICE,,LS-4 351,,CHG  SALE,$118.50,Yes
1/23/2025,44,956571,ROSIE,96,SOUTHERN SANITATION SERVICE,KOHL'S,#94,,CHG  SALE,$0.00,Yes
1/23/2025,44,956597,ROSIE,96,SOUTHERN SANITATION SERVICE,,#87 368,,CHG  SALE,$236.20,Yes
1/23/2025,44,956598,ROSIE,96,SOUTHERN SANITATION SERVICE,,#79 364,,CHG  SALE,$191.10,No
1/23/2025,44,956603,WIZARD,96,SOUTHERN SANITATION SERVICE,,LS-3 39,,CHG  SALE,$53.00,Yes
1/23/2025,44,956634,WIZARD,96,SOUTHERN SANITATION SERVICE,,#87 125,,CHG  SALE,$188.30,Yes
1/23/2025,44,956657,WIZARD,96,SOUTHERN SANITATION SERVICE,,LS-3 130,,CHG  SALE,$177.60,Yes
1/23/2025,44,956672,WIZARD,96,SOUTHERN SANITATION SERVICE,,LS-4 100,,CHG  SALE,$20.40,Yes
1/23/2025,44,956694,ROSIE,96,SOUTHERN SANITATION SERVICE,,#94 62,,CHG  SALE,$3.70,No
1/23/2025,44,956736,ROSIE,96,SOUTHERN SANITATION SERVICE,HEB,#79,,CHG  SALE,$404.00,Yes
1/23/2025,44,956744,WIZARD,96,SOUTHERN SANITATION SERVICE,,#87 38,,CHG  SALE,$104.10,Yes
1/23/2025,44,956746,WIZARD,96,SOUTHERN SANITATION SERVICE,,LS-3 124,,CHG  SALE,$87.80,Yes
1/23/2025,44,956756,ROSIE,96,SOUTHERN SANITATION SERVICE,,#87 38,,CHG  SALE,$20.00,No
1/23/2025,44,956768,ROSIE,96,SOUTHERN SANITATION SERVICE,,#87 196,,CHG  SALE,$30.60,Yes
1/23/2025,44,956784,ROSIE,96,SOUTHERN SANITATION SERVICE,,#94 4,,CHG  SALE,$415.60,Yes
1/23/2025,44,956821,ROSIE,96,SOUTHERN SANITATION SERVICE,,LS-3,,CHG  SALE,$0.00,Yes
1/23/2025,44,956826,WIZARD,96,SOUTHERN SANITATION SERVICE,,LS-4 144,,CHG  SALE,$119.90,Yes
1/23/2025,44,956837,WIZARD,96,SOUTHERN SANITATION SERVICE,,#94 106,,CHG  SALE,$19.50,No
1/23/2025,44,956841,WIZARD,96,SOUTHERN SANITATION SERVICE,,#85 183,,CHG  SALE,$292.00,No
1/23/2025,44,956846,ROSIE,96,SOUTHERN SANITATION SERVICE,,LS-4 195,,CHG  SALE,$75.30,Yes
1/24/2025,44,956853,WIZARD,96,SOUTHERN SANITATION SERVICE,,#93 281,,CHG  SALE,$650.50,No
1/24/2025,44,956861,WIZARD,96,SOUTHERN SANITATION SERVICE,,LS-4 246,,CHG  SALE,$130.60,Yes
1/24/2025,44,956868,WIZARD,96,SOUTHERN SANITATION SERVICE,,LS-3 76,,CHG  SALE,$242.70,Yes
1/24/2025,44,956876,WIZARD,96,SOUTHERN SANITATION SERVICE,,#94 234,,CHG  SALE,$75.80,Yes
1/24/2025,44,956884,ROSIE,98,S.S.S. MINI ROLL-OFF,,#82 035,,CHG  SALE,$46.00,Yes
1/24/2025,44,956891,ROSIE,98,S.S.S. MINI ROLL-OFF,,#82 079,,CHG  SALE,$2.70,Yes
1/24/2025,44,956895,WIZARD,96,SOUTHERN SANITATION SERVICE,,#85 131,,CHG  SALE,$38.10,Yes
1/24/2025,44,956911,WIZARD,96,SOUTHERN SANITATION SERVICE,,#93 215,,CHG  SALE,$161.30,Yes
1/24/2025,44,956925,WIZARD,96,SOUTHERN SANITATION SERVICE,,#93 220,,CHG  SALE,$200.40,Yes
1/24/2025,44,956938,ROSIE,96,SOUTHERN SANITATION SERVICE,,LS-4,,CHG  SALE,$44.60,Yes
1/24/2025,44,956972,ROSIE,96,SOUTHERN SANITATION SERVICE,,#79 209,,CHG  SALE,$89.20,Yes
1/24/2025,44,956985,ROSIE,96,SOUTHERN SANITATION SERVICE,FLYING J,#94,,CHG  SALE,$210.10,Yes
1/24/2025,44,956997,ROSIE,96,SOUTHERN SANITATION SERVICE,DOCTORS,#85,,CHG  SALE,$173.40,Yes
1/24/2025,44,957004,ROSIE,96,SOUTHERN SANITATION SERVICE,HEB,LS-3,,CHG  SALE,$232.90,Yes
1/24/2025,44,957033,WIZARD,96,SOUTHERN SANITATION SERVICE,,#93 106,,CHG  SALE,$218.00,Yes
1/24/2025,44,957042,WIZARD,96,SOUTHERN SANITATION SERVICE,,LS-4 56,,CHG  SALE,$39.00,Yes
1/24/2025,44,957052,WIZARD,96,SOUTHERN SANITATION SERVICE,,#93 105,,CHG  SALE,$114.80,Yes
1/24/2025,44,957053,ROSIE,96,SOUTHERN SANITATION SERVICE,,#79 22,,CHG  SALE,$68.30,Yes
1/24/2025,44,957069,WIZARD,96,SOUTHERN SANITATION SERVICE,,#93 336,,CHG  SALE,$35.30,Yes
1/24/2025,44,957081,WIZARD,96,SOUTHERN SANITATION SERVICE,,LS-3 307,,CHG  SALE,$87.40,Yes
1/24/2025,44,957105,WIZARD,96,SOUTHERN SANITATION SERVICE,,#94 1,,CHG  SALE,$259.00,Yes
1/24/2025,44,957122,ROSIE,96,SOUTHERN SANITATION SERVICE,,#79 186,,CHG  SALE,$67.80,Yes
1/24/2025,44,957160,WIZARD,96,SOUTHERN SANITATION SERVICE,,LS-4 52,,CHG  SALE,$6.50,Yes
1/24/2025,44,957180,ROSIE,96,SOUTHERN SANITATION SERVICE,,#94 241,,CHG  SALE,$25.10,Yes
1/24/2025,44,957201,WIZARD,96,SOUTHERN SANITATION SERVICE,,#85 312,,CHG  SALE,$78.10,Yes
1/24/2025,44,957219,ROSIE,96,SOUTHERN SANITATION SERVICE,,#79 162,,CHG  SALE,$108.80,No
1/24/2025,44,957246,WIZARD,96,SOUTHERN SANITATION SERVICE,,#94 137,,CHG  SALE,$23.20,No
1/24/2025,44,957270,WIZARD,96,SOUTHERN SANITATION SERVICE,,LS-4 140,,CHG  SALE,$134.30,Yes
1/24/2025,44,957282,ROSIE,96,SOUTHERN SANITATION SERVICE,,#79 326,,CHG  SALE,$130.20,Yes
1/25/2025,44,957287,WIZARD,96,SOUTHERN SANITATION SERVICE,,#85 202,,CHG  SALE,$52.50,Yes
1/25/2025,44,957325,WIZARD,96,SOUTHERN SANITATION SERVICE,,LS-3 114,,CHG  SALE,$79.50,Yes
1/25/2025,44,957350,WIZARD,96,SOUTHERN SANITATION SERVICE,,#85 16,,CHG  SALE,$19.00,Yes
1/25/2025,44,957411,AKEMY,96,SOUTHERN SANITATION SERVICE,,#94 240,,CHG  SALE,$119.90,Yes
1/25/2025,44,957419,WIZARD,96,SOUTHERN SANITATION SERVICE,,LS-3 322,,CHG  SALE,$58.50,Yes
1/25/2025,44,957447,WIZARD,96,SOUTHERN SANITATION SERVICE,,#85 111,,CHG  SALE,$17.60,Yes
1/25/2025,44,957504,AKEMY,96,SOUTHERN SANITATION SERVICE,LOWES,LS-4,,CHG  SALE,$97.10,Yes
1/25/2025,44,957563,WIZARD,96,SOUTHERN SANITATION SERVICE,,#94 373,,CHG  SALE,$34.40,Yes
1/25/2025,44,957599,WIZARD,96,SOUTHERN SANITATION SERVICE,,LS-4 366,,CHG  SALE,$89.70,Yes
1/25/2025,44,957605,WIZARD,96,SOUTHERN SANITATION SERVICE,,#85 243,,CHG  SALE,$8.30,Yes
1/25/2025,44,957631,WIZARD,96,SOUTHERN SANITATION SERVICE,,LS-4 270,,CHG  SALE,$17.60,Yes
1/25/2025,44,957634,AKEMY,96,SOUTHERN SANITATION SERVICE,KOHLS,LS-3,,CHG  SALE,$28.30,Yes
1/25/2025,44,957699,WIZARD,96,SOUTHERN SANITATION SERVICE,,#85 232,,CHG  SALE,$111.60,Yes
1/25/2025,44,957704,WIZARD,96,SOUTHERN SANITATION SERVICE,,LS-4 142,,CHG  SALE,$70.20,Yes
1/25/2025,44,957765,WIZARD,96,SOUTHERN SANITATION SERVICE,,#85 375,,CHG  SALE,$29.30,Yes
1/25/2025,44,957777,WIZARD,96,SOUTHERN SANITATION SERVICE,,LS-4 299,,CHG  SALE,$52.00,Yes
1/27/2025,44,957788,AKEMY,96,SOUTHERN SANITATION SERVICE,LOVES,LS-3,,CHG  SALE,$265.00,Yes
1/27/2025,44,957801,AKEMY,96,SOUTHERN SANITATION SERVICE,,#94 372,,CHG  SALE,$92.00,Yes
1/27/2025,44,957834,AKEMY,96,SOUTHERN SANITATION SERVICE,,#93 69,,CHG  SALE,$15.50,Yes
1/27/2025,44,957848,AKEMY,96,SOUTHERN SANITATION SERVICE,LOVES,#93,,CHG  SALE,$308.30,Yes
1/27/2025,44,957849,AKEMY,96,SOUTHERN SANITATION SERVICE,HOME DEPOT,#85,,CHG  SALE,$411.50,Yes
1/27/2025,44,957861,ROSIE,98,S.S.S. MINI ROLL-OFF,,#82 039,,CHG  SALE,$63.70,Yes
1/27/2025,44,957862,WIZARD,96,SOUTHERN SANITATION SERVICE,,LS-4 348,,CHG  SALE,$41.30,Yes
1/27/2025,44,957877,WIZARD,96,SOUTHERN SANITATION SERVICE,,#94 116,,CHG  SALE,$79.90,Yes
1/27/2025,44,957887,WIZARD,96,SOUTHERN SANITATION SERVICE,,LS-3 139,,CHG  SALE,$47.90,Yes
1/27/2025,44,957945,WIZARD,96,SOUTHERN SANITATION SERVICE,,LS-3 186,,CHG  SALE,$155.70,Yes
1/27/2025,44,957947,WIZARD,96,SOUTHERN SANITATION SERVICE,,LS-4 35,,CHG  SALE,$61.80,Yes
1/27/2025,44,957948,ROSIE,98,S.S.S. MINI ROLL-OFF,,#82 067,,CHG  SALE,$89.70,Yes
1/27/2025,44,957951,WIZARD,96,SOUTHERN SANITATION SERVICE,,#85 108,,CHG  SALE,$26.50,Yes
1/27/2025,44,957960,ROSIE,96,SOUTHERN SANITATION SERVICE,,#94 161,,CHG  SALE,$71.10,Yes
1/27/2025,44,957994,AKEMY,98,S.S.S. MINI ROLL-OFF,,#82 071,,CHG  SALE,$584.50,Yes
1/27/2025,44,957996,WIZARD,96,SOUTHERN SANITATION SERVICE,,#93 115,,CHG  SALE,$99.00,Yes
1/27/2025,44,958013,AKEMY,96,SOUTHERN SANITATION SERVICE,,#94 168,,CHG  SALE,$63.20,Yes
1/27/2025,44,958020,WIZARD,96,SOUTHERN SANITATION SERVICE,,#85 78,,CHG  SALE,$131.10,Yes
1/27/2025,44,958036,WIZARD,96,SOUTHERN SANITATION SERVICE,,#94 360,,CHG  SALE,$40.90,Yes
1/27/2025,44,958063,ROSIE,96,SOUTHERN SANITATION SERVICE,TRAVEL AME,LS-4,,CHG  SALE,$84.10,Yes
1/27/2025,44,958068,AKEMY,98,S.S.S. MINI ROLL-OFF,,#82 066,,CHG  SALE,$8.30,Yes
1/27/2025,44,958076,AKEMY,96,SOUTHERN SANITATION SERVICE,,#93 238,,CHG  SALE,$65.50,Yes
1/27/2025,44,958085,AKEMY,98,S.S.S. MINI ROLL-OFF,,#82 091,,CHG  SALE,$23.70,Yes
1/27/2025,44,958086,ROSIE,96,SOUTHERN SANITATION SERVICE,SAMS,LS-3,,CHG  SALE,$639.30,Yes
1/27/2025,44,958104,WIZARD,96,SOUTHERN SANITATION SERVICE,,#94 241,,CHG  SALE,$30.20,No
1/27/2025,44,958114,ROSIE,96,SOUTHERN SANITATION SERVICE,TA,#85,,CHG  SALE,$264.50,Yes
1/27/2025,44,958119,WIZARD,96,SOUTHERN SANITATION SERVICE,,#93 350,,CHG  SALE,$51.60,Yes
1/27/2025,44,958127,WIZARD,96,SOUTHERN SANITATION SERVICE,,LS-3 125,,CHG  SALE,$48.30,Yes
1/27/2025,44,958134,AKEMY,96,SOUTHERN SANITATION SERVICE,,LS-4 343,,CHG  SALE,$22.30,Yes
1/28/2025,44,958163,ROSIE,98,S.S.S. MINI ROLL-OFF,,#82 015,,CHG  SALE,$53.90,Yes
1/28/2025,44,958166,WIZARD,96,SOUTHERN SANITATION SERVICE,,LS-3 59,,CHG  SALE,$96.70,Yes
1/28/2025,44,958168,AKEMY,96,SOUTHERN SANITATION SERVICE,DOCTORS,#93,,CHG  SALE,$180.40,Yes
1/28/2025,44,958169,WIZARD,96,SOUTHERN SANITATION SERVICE,,LS-4 254,,CHG  SALE,$97.60,No
1/28/2025,44,958171,ROSIE,96,SOUTHERN SANITATION SERVICE,,#85 60,,CHG  SALE,$129.70,Yes
1/28/2025,44,958186,AKEMY,96,SOUTHERN SANITATION SERVICE,LA SALLE,#94,,CHG  SALE,"$1,608.60",Yes
1/28/2025,44,958212,WIZARD,96,SOUTHERN SANITATION SERVICE,,#87 164,,CHG  SALE,$88.30,No
1/28/2025,44,958213,ROSIE,98,S.S.S. MINI ROLL-OFF,,#82 065,,CHG  SALE,$18.60,Yes
1/28/2025,44,958227,AKEMY,96,SOUTHERN SANITATION SERVICE,HEB,LS-4,,CHG  SALE,$214.30,Yes
1/28/2025,44,958237,WIZARD,96,SOUTHERN SANITATION SERVICE,,#94 31,,CHG  SALE,$45.10,Yes
1/28/2025,44,958255,ROSIE,98,S.S.S. MINI ROLL-OFF,,#82 000,,CHG  SALE,$36.20,Yes
1/28/2025,44,958256,WIZARD,96,SOUTHERN SANITATION SERVICE,,#85 364,,CHG  SALE,$262.20,No
1/28/2025,44,958260,WIZARD,96,SOUTHERN SANITATION SERVICE,,#93 172,,CHG  SALE,$91.60,No
1/28/2025,44,958267,WIZARD,96,SOUTHERN SANITATION SERVICE,,#87 94,,CHG  SALE,$89.20,No
1/28/2025,44,958308,AKEMY,96,SOUTHERN SANITATION SERVICE,WALTMART,LS-4,,CHG  SALE,$470.10,Yes
1/28/2025,44,958315,ROSIE,96,SOUTHERN SANITATION SERVICE,,#94 246,,CHG  SALE,$248.70,No
1/28/2025,44,958331,AKEMY,96,SOUTHERN SANITATION SERVICE,FLYING J,LS-3,,CHG  SALE,$102.70,Yes
1/28/2025,44,958361,WIZARD,96,SOUTHERN SANITATION SERVICE,,#87 330,,CHG  SALE,$54.80,No
1/28/2025,44,958366,WIZARD,96,SOUTHERN SANITATION SERVICE,,#85 32,,CHG  SALE,$139.50,Yes
1/28/2025,44,958379,WIZARD,96,SOUTHERN SANITATION SERVICE,,LS-4 300,,CHG  SALE,$216.20,Yes
1/28/2025,44,958419,ROSIE,98,S.S.S. MINI ROLL-OFF,,#82 014,,CHG  SALE,$1.80,Yes
1/28/2025,44,958437,WIZARD,96,SOUTHERN SANITATION SERVICE,,#87 194,,CHG  SALE,$68.80,No
1/28/2025,44,958438,WIZARD,96,SOUTHERN SANITATION SERVICE,,LS-3 124,,CHG  SALE,$90.20,Yes
1/28/2025,44,958441,ROSIE,96,SOUTHERN SANITATION SERVICE,,#94 62,,CHG  SALE,$441.60,Yes
1/28/2025,44,958459,ROSIE,96,SOUTHERN SANITATION SERVICE,HEB,#85,,CHG  SALE,$264.50,Yes
1/28/2025,44,958469,AKEMY,98,S.S.S. MINI ROLL-OFF,,#82 032,,CHG  SALE,$26.50,Yes
1/28/2025,44,958491,WIZARD,96,SOUTHERN SANITATION SERVICE,,LS-4 339,,CHG  SALE,$35.30,Yes
1/28/2025,44,958497,AKEMY,98,S.S.S. MINI ROLL-OFF,,#82 079,,CHG  SALE,$2.30,Yes
1/28/2025,44,958516,WIZARD,96,SOUTHERN SANITATION SERVICE,,LS-3 34,,CHG  SALE,$57.20,Yes
1/28/2025,44,958531,WIZARD,96,SOUTHERN SANITATION SERVICE,,#94 291,,CHG  SALE,$198.00,Yes
1/28/2025,44,958532,WIZARD,96,SOUTHERN SANITATION SERVICE,,LS-4 221,,CHG  SALE,$120.40,Yes
1/28/2025,44,958545,WIZARD,96,SOUTHERN SANITATION SERVICE,,#87 154,,CHG  SALE,$132.50,No
1/28/2025,44,958552,WIZARD,96,SOUTHERN SANITATION SERVICE,,#85 348,,CHG  SALE,$35.80,Yes
1/29/2025,44,958564,WIZARD,96,SOUTHERN SANITATION SERVICE,,#87 248,,CHG  SALE,$32.00,No
1/29/2025,44,958576,AKEMY,96,SOUTHERN SANITATION SERVICE,HEB,LS-3,,CHG  SALE,$169.70,No
1/29/2025,44,958579,ROSIE,96,SOUTHERN SANITATION SERVICE,,#94 272,,CHG  SALE,$38.60,No
1/29/2025,44,958586,WIZARD,96,SOUTHERN SANITATION SERVICE,,#85 370,,CHG  SALE,$184.10,No
1/29/2025,44,958597,WIZARD,96,SOUTHERN SANITATION SERVICE,,LS-4 8,,CHG  SALE,$94.40,No
1/29/2025,44,958602,WIZARD,96,SOUTHERN SANITATION SERVICE,,LS-3 147,,CHG  SALE,$71.10,No
1/29/2025,44,958617,WIZARD,96,SOUTHERN SANITATION SERVICE,,#94 56,,CHG  SALE,$19.00,No
1/29/2025,44,958627,AKEMY,96,SOUTHERN SANITATION SERVICE,,#79 115,,CHG  SALE,$86.40,No
1/29/2025,44,958633,WIZARD,96,SOUTHERN SANITATION SERVICE,,#85 380,,CHG  SALE,$152.00,No
1/29/2025,44,958671,WIZARD,96,SOUTHERN SANITATION SERVICE,,#87 186,,CHG  SALE,$157.10,No
1/29/2025,44,958674,WIZARD,96,SOUTHERN SANITATION SERVICE,,#94 159,,CHG  SALE,$45.50,No
1/29/2025,44,958682,WIZARD,96,SOUTHERN SANITATION SERVICE,,LS-3 325,,CHG  SALE,$40.40,No
1/29/2025,44,958698,WIZARD,96,SOUTHERN SANITATION SERVICE,,#94 296,,CHG  SALE,$55.80,No
1/29/2025,44,958699,ROSIE,96,SOUTHERN SANITATION SERVICE,,#79 59,,CHG  SALE,$119.50,No
1/29/2025,44,958716,WIZARD,96,SOUTHERN SANITATION SERVICE,,#87 1,,CHG  SALE,$36.20,No
1/29/2025,44,958717,WIZARD,96,SOUTHERN SANITATION SERVICE,,#85 370,,CHG  SALE,$147.40,No
1/29/2025,44,958718,WIZARD,96,SOUTHERN SANITATION SERVICE,,#94 93,,CHG  SALE,$7.90,Yes
1/29/2025,44,958745,WIZARD,96,SOUTHERN SANITATION SERVICE,,#94 39,,CHG  SALE,$190.60,No
1/29/2025,44,958746,WIZARD,96,SOUTHERN SANITATION SERVICE,,LS-3 138,,CHG  SALE,$278.00,No
1/29/2025,44,958751,AKEMY,96,SOUTHERN SANITATION SERVICE,,#79 78,,CHG  SALE,$106.00,No
1/29/2025,44,958770,ROSIE,96,SOUTHERN SANITATION SERVICE,HEB,LS-4,,CHG  SALE,$311.00,No
1/29/2025,44,958774,WIZARD,96,SOUTHERN SANITATION SERVICE,,#94 140,,CHG  SALE,$20.00,Yes
1/29/2025,44,958776,WIZARD,96,SOUTHERN SANITATION SERVICE,,#85 354,,CHG  SALE,$100.40,No
1/29/2025,44,958798,AKEMY,96,SOUTHERN SANITATION SERVICE,,#87 251,,CHG  SALE,$28.30,No
1/29/2025,44,958847,WIZARD,96,SOUTHERN SANITATION SERVICE,,LS-3 293,,CHG  SALE,$76.20,No
1/29/2025,44,958853,ROSIE,96,SOUTHERN SANITATION SERVICE,,#94 348,,CHG  SALE,$72.00,No
1/29/2025,44,958854,WIZARD,96,SOUTHERN SANITATION SERVICE,,#85 77,,CHG  SALE,$421.20,No
1/29/2025,44,958874,WIZARD,96,SOUTHERN SANITATION SERVICE,,LS-4 183,,CHG  SALE,$31.10,No
1/29/2025,44,958886,WIZARD,96,SOUTHERN SANITATION SERVICE,,#87 184,,CHG  SALE,$54.40,No
1/29/2025,44,958915,ROSIE,96,SOUTHERN SANITATION SERVICE,,LS-4 176,,CHG  SALE,$30.20,No
1/30/2025,44,958919,WIZARD,96,SOUTHERN SANITATION SERVICE,,LS-3 247,,CHG  SALE,$49.70,No
1/30/2025,44,958921,WIZARD,96,SOUTHERN SANITATION SERVICE,,#79 162,,CHG  SALE,$52.00,No
1/30/2025,44,958932,WIZARD,96,SOUTHERN SANITATION SERVICE,,#87 139,,CHG  SALE,$55.80,No
1/30/2025,44,958939,WIZARD,96,SOUTHERN SANITATION SERVICE,,LS-4 101,,CHG  SALE,$61.80,No
1/30/2025,44,958947,ROSIE,98,S.S.S. MINI ROLL-OFF,,#82 035,,CHG  SALE,$14.40,No
1/30/2025,44,958951,WIZARD,96,SOUTHERN SANITATION SERVICE,,#85 70,,CHG  SALE,$175.70,No
1/30/2025,44,958956,WIZARD,96,SOUTHERN SANITATION SERVICE,,LS-3 26,,CHG  SALE,$107.40,No
1/30/2025,44,958963,ROSIE,96,SOUTHERN SANITATION SERVICE,,#79 350,,CHG  SALE,$4.60,No
1/30/2025,44,958968,WIZARD,96,SOUTHERN SANITATION SERVICE,,LS-4 144,,CHG  SALE,$26.00,No
1/30/2025,44,958977,ROSIE,98,S.S.S. MINI ROLL-OFF,,#82 054,,CHG  SALE,$39.50,No
1/30/2025,44,958984,WIZARD,96,SOUTHERN SANITATION SERVICE,,#87 356,,CHG  SALE,$65.10,No
1/30/2025,44,958993,ROSIE,98,S.S.S. MINI ROLL-OFF,,#82 091,,CHG  SALE,$9.30,No
1/30/2025,44,959009,AKEMY,96,SOUTHERN SANITATION SERVICE,OUTLETS,LS-3,,CHG  SALE,$0.00,No
1/30/2025,44,959022,WIZARD,96,SOUTHERN SANITATION SERVICE,,#85 171,,CHG  SALE,$181.30,No
1/30/2025,44,959033,WIZARD,96,SOUTHERN SANITATION SERVICE,,#94 308,,CHG  SALE,$153.90,No
1/30/2025,44,959059,ROSIE,96,SOUTHERN SANITATION SERVICE,OUTLETS,LS-4,,CHG  SALE,$0.00,No
1/30/2025,44,959070,WIZARD,96,SOUTHERN SANITATION SERVICE,,#87 131,,CHG  SALE,$278.50,No
1/30/2025,44,959077,AKEMY,98,S.S.S. MINI ROLL-OFF,,#82 067,,CHG  SALE,"$1,153.90",Yes
1/30/2025,44,959078,WIZARD,96,SOUTHERN SANITATION SERVICE,,#94 360,,CHG  SALE,$105.00,No
1/30/2025,44,959097,WIZARD,96,SOUTHERN SANITATION SERVICE,,#85 120,,CHG  SALE,$42.30,No
1/30/2025,44,959100,WIZARD,96,SOUTHERN SANITATION SERVICE,,#79 350,,CHG  SALE,$25.10,No
1/30/2025,44,959142,ROSIE,96,SOUTHERN SANITATION SERVICE,OLD DOMINI,LS-3,,CHG  SALE,$165.50,No
1/30/2025,44,959174,WIZARD,96,SOUTHERN SANITATION SERVICE,,#87 60,,CHG  SALE,$81.80,No
1/30/2025,44,959201,WIZARD,96,SOUTHERN SANITATION SERVICE,,#79 66,,CHG  SALE,$38.60,No
1/30/2025,44,959210,WIZARD,96,SOUTHERN SANITATION SERVICE,,#94 110,,CHG  SALE,$336.20,No
1/30/2025,44,959213,ROSIE,96,SOUTHERN SANITATION SERVICE,HEB,#85,,CHG  SALE,$258.00,No
1/30/2025,44,959230,WIZARD,96,SOUTHERN SANITATION SERVICE,,LS-4 143,,CHG  SALE,$163.20,No
1/30/2025,44,959272,WIZARD,96,SOUTHERN SANITATION SERVICE,,LS-3 50,,CHG  SALE,$399.40,No
1/30/2025,44,959307,ROSIE,96,SOUTHERN SANITATION SERVICE,HEB,#94,,CHG  SALE,$467.70,No
1/30/2025,44,959317,WIZARD,96,SOUTHERN SANITATION SERVICE,,#87 252,,CHG  SALE,$164.60,No
1/30/2025,44,959321,AKEMY,96,SOUTHERN SANITATION SERVICE,,#85 59,,CHG  SALE,$66.00,No
1/30/2025,44,959325,WIZARD,96,SOUTHERN SANITATION SERVICE,,LS-3 256,,CHG  SALE,$205.50,No
1/30/2025,44,959342,AKEMY,96,SOUTHERN SANITATION SERVICE,,LS-4 30,,CHG  SALE,$40.40,No
1/31/2025,44,959361,SANDY,96,SOUTHERN SANITATION SERVICE,HEB,LS-3,,CHG  SALE,$577.00,No
1/31/2025,44,959373,AKEMY,96,SOUTHERN SANITATION SERVICE,,LS-4 241,,CHG  SALE,$8.80,No
1/31/2025,44,959392,AKEMY,96,SOUTHERN SANITATION SERVICE,,#87 162,,CHG  SALE,$219.00,No
1/31/2025,44,959407,SANDY,96,SOUTHERN SANITATION SERVICE,DOCTORS,#85,,CHG  SALE,$171.10,No
1/31/2025,44,959408,WIZARD,96,SOUTHERN SANITATION SERVICE,,#94 140,,CHG  SALE,$56.70,No
1/31/2025,44,959409,WIZARD,96,SOUTHERN SANITATION SERVICE,,#79 84,,CHG  SALE,$49.20,No
1/31/2025,44,959464,WIZARD,96,SOUTHERN SANITATION SERVICE,,LS-4 62,,CHG  SALE,$54.40,No
1/31/2025,44,959466,SANDY,96,SOUTHERN SANITATION SERVICE,WALMART,LS-3,,CHG  SALE,$153.40,No
1/31/2025,44,959475,SANDY,96,SOUTHERN SANITATION SERVICE,,#87 349,,CHG  SALE,$211.10,No
1/31/2025,44,959484,WIZARD,96,SOUTHERN SANITATION SERVICE,,#94 144,,CHG  SALE,$164.10,No
1/31/2025,44,959501,WIZARD,96,SOUTHERN SANITATION SERVICE,,#85 35,,CHG  SALE,$61.80,No
1/31/2025,44,959508,WIZARD,96,SOUTHERN SANITATION SERVICE,,#79 186,,CHG  SALE,$36.20,No
1/31/2025,44,959571,WIZARD,96,SOUTHERN SANITATION SERVICE,,#85 19,,CHG  SALE,$248.30,No
1/31/2025,44,959595,SANDY,96,SOUTHERN SANITATION SERVICE,LA POSADA,LS-3,,CHG  SALE,$45.50,No
1/31/2025,44,959596,AKEMY,96,SOUTHERN SANITATION SERVICE,,#94 246,,CHG  SALE,$651.60,No
1/31/2025,44,959609,WIZARD,96,SOUTHERN SANITATION SERVICE,,#79 188,,CHG  SALE,$59.50,No
1/31/2025,44,959686,AKEMY,96,SOUTHERN SANITATION SERVICE,,#87 79,,CHG  SALE,$38.60,No
1/31/2025,44,959757,WIZARD,96,SOUTHERN SANITATION SERVICE,,#85 34,,CHG  SALE,$53.90,No
1/31/2025,44,959783,AKEMY,96,SOUTHERN SANITATION SERVICE,PILOT,#79,,CHG  SALE,$337.50,No
1/31/2025,44,959812,SANDY,96,SOUTHERN SANITATION SERVICE,,LS-4 22,,CHG  SALE,$4.60,No
1/31/2025,44,959845,WIZARD,96,SOUTHERN SANITATION SERVICE,,#79 163,,CHG  SALE,$201.80,No
