DateIn,Site,Ticket,Operator,CustNum,Customer,Reference,Vehicle,Rolloff,TransType,Amount,Amount Match,Landfill_Amount,Trux_Amount,Difference,Entered Ticket,Material Description
2025-07-01,44,1031975,WIZARD,96,SOUTHERN SANITATION SERVICE,,#87 53,,CHG  SALE,50.6,False,$50.60,$50.69,$-0.09,1031975,Trash
2025-07-01,44,1031983,ROSIE,96,SOUTHERN SANITATION SERVICE,FLYING J,#94,,CHG  SALE,462.6,False,$462.60,$462.68,$-0.08,1031983,Trash
2025-07-01,44,1031984,ROSIE,96,SOUTHERN SANITATION SERVICE,,#85 339,,CHG  SALE,143.6,False,$143.60,$143.69,$-0.09,1031984,Trash
2025-07-01,44,1032032,WIZARD,96,SOUTHERN SANITATION SERVICE,,#94 50,,CHG  SALE,185.5,False,$185.50,$185.54,$-0.04,1032032,Trash
2025-07-01,44,1032038,ROSIE,96,SOUTHERN SANITATION SERVICE,LOWE'S,#79,,CHG  SALE,256.2,False,$256.20,$256.22,$-0.02,1032038,Trash
2025-07-01,44,1032050,WIZARD,96,SOUTHERN SANITATION SERVICE,,#87 72,,CHG  SALE,206.4,False,$206.40,$206.46,$-0.06,1032050,Trash
2025-07-01,44,1032076,WIZARD,96,SOUTHERN SANITATION SERVICE,,#94 30,,CHG  SALE,499.8,False,$499.80,$499.88,$-0.08,1032076,Trash
2025-07-01,44,1032099,WIZARD,96,SOUTHERN SANITATION SERVICE,,LS-4 257,,CHG  SALE,51.6,False,$51.60,$51.62,$-0.02,1032099,Trash
2025-07-01,44,1032129,WIZARD,96,SOUTHERN SANITATION SERVICE,,#87 106,,CHG  SALE,73.0,False,$73.00,$73.01,$-0.01,1032129,Trash
2025-07-01,44,1032155,ROSIE,96,SOUTHERN SANITATION SERVICE,LOVES,#85,,CHG  SALE,363.1,False,$363.10,$363.17,$-0.07,1032155,Trash
2025-07-01,44,1032180,WIZARD,96,SOUTHERN SANITATION SERVICE,,LS-4 97,,CHG  SALE,122.3,True,$122.30,$122.30,$0.00,1032180,Trash
2025-07-01,44,1032186,WIZARD,96,SOUTHERN SANITATION SERVICE,,#87 379,,CHG  SALE,66.0,False,$66.00,$67.43,$-1.43,1032186,Trash
2025-07-01,44,1032239,WIZARD,96,SOUTHERN SANITATION SERVICE,,LS-4 110,,CHG  SALE,54.8,False,$54.80,$54.87,$-0.07,1032239,Trash
2025-07-01,44,1032246,WIZARD,96,SOUTHERN SANITATION SERVICE,,#87 284,,CHG  SALE,33.0,False,$33.00,$33.02,$-0.02,1032246,Trash
2025-07-01,44,1032253,ROSIE,96,SOUTHERN SANITATION SERVICE,HEB,LS-4,,CHG  SALE,201.3,False,$201.30,$201.35,$-0.05,1032253,Trash
2025-07-01,44,1032255,WIZARD,96,SOUTHERN SANITATION SERVICE,,#94 16,,CHG  SALE,104.1,False,$104.10,$104.16,$-0.06,1032255,Trash
2025-07-01,44,1032274,WIZARD,96,SOUTHERN SANITATION SERVICE,,#94 187,,CHG  SALE,35.3,False,$35.30,$35.34,$-0.04,1032274,Trash
2025-07-01,44,1032279,WIZARD,96,SOUTHERN SANITATION SERVICE,,LS-4 122,,CHG  SALE,150.2,True,$150.20,$150.20,$0.00,1032279,Trash
2025-07-01,44,1032299,ROSIE,96,SOUTHERN SANITATION SERVICE,OJOS LOCOS,LS-4,,CHG  SALE,117.1,False,$117.10,$117.18,$-0.08,1032299,Trash
2025-07-01,44,1032301,WIZARD,96,SOUTHERN SANITATION SERVICE,,#94 17,,CHG  SALE,84.6,False,$84.60,$84.63,$-0.03,1032301,Trash
2025-07-02,44,1032304,ROSIE,96,SOUTHERN SANITATION SERVICE,FLYING JAY,#94,,CHG  SALE,294.8,False,$294.80,$294.81,$-0.01,1032304,Trash
2025-07-02,44,1032306,ROSIE,96,SOUTHERN SANITATION SERVICE,,#85 356,,CHG  SALE,33.4,False,$33.40,$33.48,$-0.08,1032306,Trash
2025-07-02,44,1032308,ROSIE,96,SOUTHERN SANITATION SERVICE,,#79 168,,CHG  SALE,81.3,False,$81.30,$81.38,$-0.08,1032308,Trash
2025-07-02,44,1032309,WIZARD,96,SOUTHERN SANITATION SERVICE,,#87 114,,CHG  SALE,31.1,False,$31.10,$31.16,$-0.06,1032309,Trash
2025-07-02,44,1032334,WIZARD,96,SOUTHERN SANITATION SERVICE,,#79 350,,CHG  SALE,357.5,False,$357.50,$357.59,$-0.09,1032334,Trash
2025-07-02,44,1032360,ROSIE,96,SOUTHERN SANITATION SERVICE,HEB,#85,,CHG  SALE,346.8,False,$346.80,$346.89,$-0.09,1032360,Trash
2025-07-02,44,1032363,WIZARD,96,SOUTHERN SANITATION SERVICE,,#94 248,,CHG  SALE,54.4,False,$54.40,$54.41,$-0.01,1032363,Trash
2025-07-02,44,1032377,WIZARD,96,SOUTHERN SANITATION SERVICE,,#87 247,,CHG  SALE,49.7,False,$49.70,$49.76,$-0.06,1032377,Trash
2025-07-02,44,1032407,SANDY,96,SOUTHERN SANITATION SERVICE,WALMART,#79,,CHG  SALE,250.1,False,$250.10,$250.17,$-0.07,1032407,Trash
2025-07-02,44,1032411,WIZARD,96,SOUTHERN SANITATION SERVICE,,#94 64,,CHG  SALE,30.2,False,$30.20,$30.23,$-0.03,1032411,Trash
2025-07-02,44,1032423,SANDY,96,SOUTHERN SANITATION SERVICE,DOCTORS,#85,,CHG  SALE,227.8,False,$227.80,$227.85,$-0.05,1032423,Trash
2025-07-02,44,1032431,WIZARD,96,SOUTHERN SANITATION SERVICE,,#87 232,,CHG  SALE,117.1,False,$117.10,$117.18,$-0.08,1032431,Trash
2025-07-02,44,1032461,WIZARD,96,SOUTHERN SANITATION SERVICE,,LS-4 305,,CHG  SALE,77.6,False,$77.60,$77.66,$-0.06,1032461,Trash
2025-07-02,44,1032463,SANDY,96,SOUTHERN SANITATION SERVICE,CINEMARK,LS-4,,CHG  SALE,581.2,False,$581.20,$581.25,$-0.05,1032463,Trash
2025-07-02,44,1032487,WIZARD,96,SOUTHERN SANITATION SERVICE,,#85 251,,CHG  SALE,22.3,False,$22.30,$22.32,$-0.02,1032487,Trash
2025-07-02,44,1032492,WIZARD,96,SOUTHERN SANITATION SERVICE,,LS-4 351,,CHG  SALE,155.3,False,$155.30,$155.31,$-0.01,1032492,Trash
2025-07-02,44,1032496,WIZARD,96,SOUTHERN SANITATION SERVICE,,#87 158,,CHG  SALE,43.2,False,$43.20,$43.25,$-0.05,1032496,Trash
2025-07-02,44,1032502,WIZARD,96,SOUTHERN SANITATION SERVICE,,#94 206,,CHG  SALE,86.4,False,$86.40,$86.49,$-0.09,1032502,Trash
2025-07-02,44,1032521,WIZARD,96,SOUTHERN SANITATION SERVICE,,#79 183,,CHG  SALE,75.3,False,$75.30,$75.33,$-0.03,1032521,Trash
2025-07-02,44,1032523,WIZARD,96,SOUTHERN SANITATION SERVICE,,#94 195,,CHG  SALE,54.8,False,$54.80,$54.87,$-0.07,1032523,Trash
2025-07-02,44,1032530,SANDY,96,SOUTHERN SANITATION SERVICE,,#85 354,,CHG  SALE,85.1,True,$85.10,$85.10,$0.00,1032530,Trash
2025-07-03,44,1032531,SANDY,96,SOUTHERN SANITATION SERVICE,1031302,#0216 0393,,CHG  ADJ,-46.5,False,$-46.50,$0.00,$-46.50,No Match,No Match
2025-07-03,44,1032535,WIZARD,96,SOUTHERN SANITATION SERVICE,,#87 284,,CHG  SALE,29.3,False,$29.30,$0.00,$29.30,No Match,No Match
2025-07-03,44,1032545,ROSIE,96,SOUTHERN SANITATION SERVICE,HEB,LS-4,,CHG  SALE,325.5,True,$325.50,$325.50,$0.00,1032545,Trash
2025-07-03,44,1032557,WIZARD,96,SOUTHERN SANITATION SERVICE,,#85 281,,CHG  SALE,43.7,False,$43.70,$43.71,$-0.01,1032557,Trash
2025-07-03,44,1032561,WIZARD,96,SOUTHERN SANITATION SERVICE,,#79 111,,CHG  SALE,346.4,False,$346.40,$346.43,$-0.03,1032561,Trash
2025-07-03,44,1032571,WIZARD,96,SOUTHERN SANITATION SERVICE,,#87 75,,CHG  SALE,64.6,False,$64.60,$64.64,$-0.04,1032571,Trash
2025-07-03,44,1032579,ROSIE,96,SOUTHERN SANITATION SERVICE,,LS-4 160,,CHG  SALE,417.1,False,$417.10,$417.11,$-0.01,1032579,Trash
2025-07-03,44,1032583,ROSIE,96,SOUTHERN SANITATION SERVICE,,#85 291,,CHG  SALE,159.5,True,$159.50,$159.50,$0.00,1032583,Trash
2025-07-03,44,1032613,WIZARD,96,SOUTHERN SANITATION SERVICE,,#87 160,,CHG  SALE,179.4,False,$179.40,$179.49,$-0.09,1032613,Trash
2025-07-03,44,1032624,ROSIE,96,SOUTHERN SANITATION SERVICE,,LS-4 94,,CHG  SALE,261.3,False,$261.30,$262.26,$-0.96,1032624,Trash
2025-07-03,44,1032633,SANDY,96,SOUTHERN SANITATION SERVICE,OUTLETTS,#79,,CHG  SALE,327.3,False,$327.30,$327.36,$-0.06,1032633,Trash
2025-07-03,44,1032667,WIZARD,96,SOUTHERN SANITATION SERVICE,,#85 134,,CHG  SALE,71.1,False,$71.10,$71.15,$-0.05,1032667,Trash
2025-07-03,44,1032673,WIZARD,96,SOUTHERN SANITATION SERVICE,,LS-4 161,,CHG  SALE,610.0,False,$610.00,$610.08,$-0.08,1032673,Trash
2025-07-03,44,1032701,WIZARD,96,SOUTHERN SANITATION SERVICE,,#87 60,,CHG  SALE,86.0,False,$86.00,$86.03,$-0.03,1032701,Trash
2025-07-03,44,1032702,WIZARD,96,SOUTHERN SANITATION SERVICE,,#94 54,,CHG  SALE,65.1,True,$65.10,$65.10,$0.00,1032702,Trash
2025-07-03,44,1032710,WIZARD,96,SOUTHERN SANITATION SERVICE,,#79 323,,CHG  SALE,50.2,False,$50.20,$50.22,$-0.02,1032710,Trash
2025-07-03,44,1032713,WIZARD,96,SOUTHERN SANITATION SERVICE,,LS-4 253,,CHG  SALE,119.9,False,$119.90,$0.00,$119.90,No Match,No Match
2025-07-03,44,1032730,SANDY,96,SOUTHERN SANITATION SERVICE,HEB,#85,,CHG  SALE,485.0,True,$485.00,$485.00,$0.00,1032730,Trash
2025-07-03,44,1032742,WIZARD,96,SOUTHERN SANITATION SERVICE,,#94 303,,CHG  SALE,66.9,False,$66.90,$66.96,$-0.06,1032742,Trash
2025-07-03,44,1032749,ROSIE,96,SOUTHERN SANITATION SERVICE,,LS-4 110,,CHG  SALE,134.8,False,$134.80,$134.85,$-0.05,1032749,Trash
2025-07-03,44,1032756,WIZARD,96,SOUTHERN SANITATION SERVICE,,#87 87,,CHG  SALE,146.9,False,$146.90,$146.94,$-0.04,1032756,Trash
2025-07-03,44,1032798,WIZARD,96,SOUTHERN SANITATION SERVICE,,#94 200,,CHG  SALE,364.5,False,$364.50,$364.56,$-0.06,1032798,Trash
2025-07-03,44,1032808,WIZARD,96,SOUTHERN SANITATION SERVICE,,#85 296,,CHG  SALE,80.9,False,$80.90,$80.91,$-0.01,1032808,Trash
2025-07-03,44,1032818,ROSIE,96,SOUTHERN SANITATION SERVICE,,#94 116,,CHG  SALE,86.4,False,$86.40,$86.49,$-0.09,1032818,Trash
2025-07-03,44,1032839,WIZARD,96,SOUTHERN SANITATION SERVICE,,LS-4 293,,CHG  SALE,78.1,False,$78.10,$78.12,$-0.02,1032839,Trash
2025-07-04,44,1032843,WIZARD,96,SOUTHERN SANITATION SERVICE,,#87 336,,CHG  SALE,63.2,False,$63.20,$63.24,$-0.04,1032843,Trash
2025-07-04,44,1032846,ROSIE,96,SOUTHERN SANITATION SERVICE,LOVES,#94,,CHG  SALE,282.7,False,$282.70,$282.72,$-0.02,1032846,Trash
2025-07-04,44,1032848,ROSIE,96,SOUTHERN SANITATION SERVICE,LA POSADA,LS-4,,CHG  SALE,36.2,False,$36.20,$36.27,$-0.07,1032848,Trash
2025-07-04,44,1032890,WIZARD,96,SOUTHERN SANITATION SERVICE,,#87 61,,CHG  SALE,88.3,False,$88.30,$88.35,$-0.05,1032890,Trash
2025-07-04,44,1032910,WIZARD,96,SOUTHERN SANITATION SERVICE,,LS-4 50,,CHG  SALE,54.4,False,$54.40,$54.41,$-0.01,1032910,Trash
2025-07-04,44,1032918,WIZARD,96,SOUTHERN SANITATION SERVICE,,#79 334,,CHG  SALE,108.3,False,$108.30,$108.35,$-0.05,1032918,Trash
2025-07-04,44,1032933,SANDY,96,SOUTHERN SANITATION SERVICE,,LS-4 146,,CHG  SALE,87.4,False,$87.40,$87.42,$-0.02,1032933,Trash
2025-07-04,44,1032938,SANDY,96,SOUTHERN SANITATION SERVICE,,#79 287,,CHG  SALE,2128.2,True,"$2,128.20","$2,128.20",$0.00,1032938,Food
2025-07-04,44,1032946,WIZARD,96,SOUTHERN SANITATION SERVICE,,#87 22,,CHG  SALE,47.4,False,$47.40,$47.43,$-0.03,1032946,Trash
2025-07-04,44,1032972,WIZARD,96,SOUTHERN SANITATION SERVICE,,#79 130,,CHG  SALE,139.0,False,$139.00,$139.04,$-0.04,1032972,Trash
2025-07-04,44,1033001,WIZARD,96,SOUTHERN SANITATION SERVICE,,#94 310,,CHG  SALE,162.7,False,$162.70,$162.75,$-0.05,1033001,Trash
2025-07-04,44,1033083,SANDY,96,SOUTHERN SANITATION SERVICE,WALMART,#79,,CHG  SALE,277.6,False,$277.60,$277.61,$-0.01,1033083,Trash
2025-07-04,44,1033086,SANDY,96,SOUTHERN SANITATION SERVICE,HEB,#94,,CHG  SALE,0.0,True,$0.00,$0.00,$0.00,No Match,No Match
2025-07-04,44,1033087,WIZARD,96,SOUTHERN SANITATION SERVICE,,#87 364,,CHG  SALE,56.7,False,$56.70,$56.73,$-0.03,1033087,Trash
2025-07-04,44,1033098,WIZARD,96,SOUTHERN SANITATION SERVICE,,#94 75,,CHG  SALE,427.8,True,$427.80,$427.80,$0.00,1033098,Trash
2025-07-04,44,1033114,WIZARD,96,SOUTHERN SANITATION SERVICE,,#79 3,,CHG  SALE,73.4,False,$73.40,$73.47,$-0.07,1033114,Trash
2025-07-04,44,1033117,WIZARD,96,SOUTHERN SANITATION SERVICE,,LS-4 315,,CHG  SALE,68.8,False,$68.80,$68.82,$-0.02,1033117,Trash
2025-07-04,44,1033156,WIZARD,96,SOUTHERN SANITATION SERVICE,,#87 216,,CHG  SALE,151.1,False,$151.10,$151.13,$-0.03,1033156,Trash
2025-07-04,44,1033170,SANDY,96,SOUTHERN SANITATION SERVICE,DOCTORS,LS-4,,CHG  SALE,120.4,False,$120.40,$120.44,$-0.04,1033170,Trash
2025-07-04,44,1033178,SANDY,96,SOUTHERN SANITATION SERVICE,OUTLETS,#79,,CHG  SALE,0.0,True,$0.00,$0.00,$0.00,No Match,No Match
2025-07-04,44,1033180,SANDY,96,SOUTHERN SANITATION SERVICE,HEB,#94,,CHG  SALE,359.9,False,$359.90,$359.91,$-0.01,1033180,Trash
2025-07-05,44,1033208,WIZARD,96,SOUTHERN SANITATION SERVICE,,LS-4 182,,CHG  SALE,46.9,False,$46.90,$46.97,$-0.07,1033208,Trash
2025-07-05,44,1033242,WIZARD,96,SOUTHERN SANITATION SERVICE,,#87 91,,CHG  SALE,79.0,False,$79.00,$79.05,$-0.05,1033242,Trash
2025-07-05,44,1033291,WIZARD,96,SOUTHERN SANITATION SERVICE,,LS-4 256,,CHG  SALE,144.1,False,$144.10,$144.15,$-0.05,1033291,Trash
2025-07-05,44,1033375,WIZARD,96,SOUTHERN SANITATION SERVICE,,#79 353,,CHG  SALE,25.1,False,$25.10,$25.11,$-0.01,1033375,Trash
2025-07-05,44,1033382,WIZARD,96,SOUTHERN SANITATION SERVICE,,#87 70,,CHG  SALE,27.9,True,$27.90,$27.90,$0.00,1033382,Trash
2025-07-05,44,1033481,WIZARD,96,SOUTHERN SANITATION SERVICE,,LS-4 81,,CHG  SALE,54.8,False,$54.80,$0.00,$54.80,No Match,No Match
2025-07-05,44,1033531,WIZARD,96,SOUTHERN SANITATION SERVICE,,LS-4 154,,CHG  SALE,172.0,False,$172.00,$172.05,$-0.05,1033531,Trash
2025-07-05,44,1033547,WIZARD,96,SOUTHERN SANITATION SERVICE,,LS-4 24,,CHG  SALE,178.1,True,$178.10,$178.10,$0.00,1033547,Trash
2025-07-05,44,1033615,WIZARD,96,SOUTHERN SANITATION SERVICE,,LS-4 377,,CHG  SALE,262.7,False,$262.70,$262.73,$-0.03,1033615,Trash
2025-07-05,44,1033676,WIZARD,96,SOUTHERN SANITATION SERVICE,,LS-4 378,,CHG  SALE,169.2,False,$169.20,$169.26,$-0.06,1033676,Trash
2025-07-05,44,1033710,SANDY,96,SOUTHERN SANITATION SERVICE,MAIN EVENT,#79,,CHG  SALE,677.0,False,$677.00,$677.04,$-0.04,1033710,Trash
2025-07-07,44,1033750,WIZARD,96,SOUTHERN SANITATION SERVICE,,#87 206,,CHG  SALE,99.0,False,$99.00,$99.05,$-0.05,1033750,Trash
2025-07-07,44,1033880,WIZARD,96,SOUTHERN SANITATION SERVICE,,#87 111,,CHG  SALE,66.5,False,$66.50,$0.00,$66.50,No Match,No Match
2025-07-07,44,1033929,SANDY,96,SOUTHERN SANITATION SERVICE,BEST BUY,LS-4,,CHG  SALE,69.7,False,$69.70,$69.75,$-0.05,1033929,Trash
2025-07-07,44,1034051,WIZARD,96,SOUTHERN SANITATION SERVICE,,#79 124,,CHG  SALE,113.0,True,$113.00,$113.00,$0.00,1034051,Trash
2025-07-07,44,1034082,ROSIE,96,SOUTHERN SANITATION SERVICE,,LS-4 9,,CHG  SALE,287.3,False,$287.30,$287.37,$-0.07,1034082,Trash
2025-07-07,44,1034180,WIZARD,96,SOUTHERN SANITATION SERVICE,,#87 115,,CHG  SALE,51.6,False,$51.60,$51.62,$-0.02,1034180,Trash
2025-07-07,44,1034227,ROSIE,96,SOUTHERN SANITATION SERVICE,WALMART,LS-4,,CHG  SALE,86.4,False,$86.40,$86.49,$-0.09,1034227,Trash
2025-07-07,44,1034252,SANDY,96,SOUTHERN SANITATION SERVICE,,#79 117,,CHG  SALE,1160.4,False,"$1,160.40","$1,160.44",$-0.04,1034252,Food
2025-07-07,44,1034263,WIZARD,96,SOUTHERN SANITATION SERVICE,,#87 158,,CHG  SALE,32.5,False,$32.50,$32.55,$-0.05,1034263,Trash
2025-07-08,44,1034351,WIZARD,96,SOUTHERN SANITATION SERVICE,,#87 101,,CHG  SALE,101.3,False,$101.30,$101.37,$-0.07,1034351,Trash
2025-07-08,44,1034354,WIZARD,96,SOUTHERN SANITATION SERVICE,,LS-4 156,,CHG  SALE,49.2,False,$49.20,$49.29,$-0.09,1034354,Trash
2025-07-08,44,1034357,ROSIE,96,SOUTHERN SANITATION SERVICE,,#94 16,,CHG  SALE,56.7,False,$56.70,$56.73,$-0.03,1034357,Trash
2025-07-08,44,1034360,SANDY,96,SOUTHERN SANITATION SERVICE,,#93,,CHG  SALE,61.3,False,$61.30,$61.38,$-0.08,1034360,Trash
2025-07-08,44,1034410,WIZARD,96,SOUTHERN SANITATION SERVICE,,LS-4 46,,CHG  SALE,105.5,False,$105.50,$105.56,$-0.06,1034410,Trash
2025-07-08,44,1034455,ROSIE,96,SOUTHERN SANITATION SERVICE,,#94 363,,CHG  SALE,64.1,False,$64.10,$64.17,$-0.07,1034455,Trash
2025-07-08,44,1034474,WIZARD,96,SOUTHERN SANITATION SERVICE,,#87 8,,CHG  SALE,73.0,False,$73.00,$73.01,$-0.01,1034474,Trash
2025-07-08,44,1034508,ROSIE,96,SOUTHERN SANITATION SERVICE,KOHLS,#93,,CHG  SALE,0.0,True,$0.00,$0.00,$0.00,1034508,Cardboard
2025-07-08,44,1034571,ROSIE,96,SOUTHERN SANITATION SERVICE,PILOT,LS-4,,CHG  SALE,385.9,False,$385.90,$385.95,$-0.05,1034571,Trash
2025-07-08,44,1034587,WIZARD,96,SOUTHERN SANITATION SERVICE,,#94 110,,CHG  SALE,109.2,False,$109.20,$109.28,$-0.08,1034587,Trash
2025-07-08,44,1034620,WIZARD,96,SOUTHERN SANITATION SERVICE,,#94 177,,CHG  SALE,88.3,False,$88.30,$88.35,$-0.05,1034620,Trash
2025-07-08,44,1034641,WIZARD,96,SOUTHERN SANITATION SERVICE,,#87 104,,CHG  SALE,49.7,False,$49.70,$49.76,$-0.06,1034641,Trash
2025-07-08,44,1034645,WIZARD,96,SOUTHERN SANITATION SERVICE,,#94 358,,CHG  SALE,28.8,False,$28.80,$28.83,$-0.03,1034645,Trash
2025-07-08,44,1034731,ROSIE,96,SOUTHERN SANITATION SERVICE,HEB,LS-4,,CHG  SALE,379.9,False,$379.90,$379.91,$-0.01,1034731,Trash
2025-07-08,44,1034746,WIZARD,96,SOUTHERN SANITATION SERVICE,,#87 368,,CHG  SALE,192.9,False,$192.90,$192.98,$-0.08,1034746,Trash
2025-07-08,44,1034762,WIZARD,96,SOUTHERN SANITATION SERVICE,,#93 277,,CHG  SALE,99.0,False,$99.00,$99.05,$-0.05,1034762,Trash
2025-07-08,44,1034809,WIZARD,96,SOUTHERN SANITATION SERVICE,,#94 56,,CHG  SALE,108.8,False,$108.80,$108.81,$-0.01,1034809,Trash
2025-07-08,44,1034836,WIZARD,96,SOUTHERN SANITATION SERVICE,,#93 5,,CHG  SALE,102.7,False,$102.70,$102.77,$-0.07,1034836,Trash
2025-07-08,44,1034846,WIZARD,96,SOUTHERN SANITATION SERVICE,,LS-4 188,,CHG  SALE,79.9,False,$79.90,$79.98,$-0.08,1034846,Trash
2025-07-08,44,1034872,WIZARD,96,SOUTHERN SANITATION SERVICE,,#87 355,,CHG  SALE,196.2,False,$196.20,$196.23,$-0.03,1034872,Trash
2025-07-08,44,1034893,WIZARD,96,SOUTHERN SANITATION SERVICE,,#94 143,,CHG  SALE,45.5,False,$45.50,$45.57,$-0.07,1034893,Trash
2025-07-08,44,1034917,SANDY,96,SOUTHERN SANITATION SERVICE,,#93 281,,CHG  SALE,101.8,False,$101.80,$101.84,$-0.04,1034917,Trash
2025-07-08,44,1034961,WIZARD,96,SOUTHERN SANITATION SERVICE,,LS-4 373,,CHG  SALE,35.8,False,$35.80,$35.81,$-0.01,1034961,Trash
2025-07-08,44,1034964,WIZARD,96,SOUTHERN SANITATION SERVICE,,#87 115,,CHG  SALE,17.6,False,$17.60,$17.67,$-0.07,1034964,Trash
2025-07-08,44,1034972,WIZARD,96,SOUTHERN SANITATION SERVICE,,#94 370,,CHG  SALE,20.4,False,$20.40,$20.46,$-0.06,1034972,Trash
2025-07-08,44,1034977,WIZARD,96,SOUTHERN SANITATION SERVICE,,#93 17,,CHG  SALE,28.3,False,$28.30,$28.37,$-0.07,1034977,Trash
2025-07-09,44,1034998,WIZARD,96,SOUTHERN SANITATION SERVICE,,#87 169,,CHG  SALE,172.5,False,$172.50,$172.52,$-0.02,1034998,Trash
2025-07-09,44,1035005,SANDY,96,SOUTHERN SANITATION SERVICE,PILOT,LS-4,,CHG  SALE,497.5,False,$497.50,$497.55,$-0.05,1035005,Trash
2025-07-09,44,1035015,WIZARD,96,SOUTHERN SANITATION SERVICE,,#85 184,,CHG  SALE,16.2,False,$16.20,$16.28,$-0.08,1035015,Trash
2025-07-09,44,1035025,SANDY,96,SOUTHERN SANITATION SERVICE,,#94 180,,CHG  SALE,132.5,False,$132.50,$132.53,$-0.03,1035025,Trash
2025-07-09,44,1035030,ROSIE,96,SOUTHERN SANITATION SERVICE,,#79 151,,CHG  SALE,1669.2,False,"$1,669.20","$1,669.22",$-0.02,1035030,Food
2025-07-09,44,1035062,SANDY,96,SOUTHERN SANITATION SERVICE,,#93,,CHG  SALE,163.6,False,$163.60,$163.68,$-0.08,1035062,Trash
2025-07-09,44,1035098,WIZARD,96,SOUTHERN SANITATION SERVICE,,#87 249,,CHG  SALE,93.0,True,$93.00,$93.00,$0.00,1035098,Trash
2025-07-09,44,1035124,WIZARD,96,SOUTHERN SANITATION SERVICE,,#93 50,,CHG  SALE,23.7,False,$23.70,$0.00,$23.70,No Match,No Match
2025-07-09,44,1035160,WIZARD,96,SOUTHERN SANITATION SERVICE,,#85 291,,CHG  SALE,54.8,False,$54.80,$54.87,$-0.07,1035160,Trash
2025-07-09,44,1035224,WIZARD,96,SOUTHERN SANITATION SERVICE,,#93 248,,CHG  SALE,24.6,False,$24.60,$24.65,$-0.05,1035224,Trash
2025-07-09,44,1035225,WIZARD,96,SOUTHERN SANITATION SERVICE,,#87 72,,CHG  SALE,85.5,False,$85.50,$85.56,$-0.06,1035225,Trash
2025-07-09,44,1035270,WIZARD,96,SOUTHERN SANITATION SERVICE,,LS-4 146,,CHG  SALE,38.1,False,$38.10,$38.13,$-0.03,1035270,Trash
2025-07-09,44,1035274,WIZARD,96,SOUTHERN SANITATION SERVICE,,#94 141,,CHG  SALE,113.4,False,$113.40,$113.46,$-0.06,1035274,Trash
2025-07-09,44,1035290,ROSIE,96,SOUTHERN SANITATION SERVICE,UNITRADE,#85,,CHG  SALE,72.0,False,$72.00,$72.08,$-0.08,1035290,Trash
2025-07-09,44,1035306,ROSIE,96,SOUTHERN SANITATION SERVICE,HEB,#79,,CHG  SALE,513.3,False,$513.30,$513.36,$-0.06,1035306,Trash
2025-07-09,44,1035365,SANDY,96,SOUTHERN SANITATION SERVICE,,#94 289,,CHG  SALE,47.4,False,$47.40,$47.43,$-0.03,1035365,Trash
2025-07-09,44,1035366,WIZARD,96,SOUTHERN SANITATION SERVICE,,#87 174,,CHG  SALE,172.5,False,$172.50,$172.52,$-0.02,1035366,Trash
2025-07-09,44,1035414,SANDY,96,SOUTHERN SANITATION SERVICE,,#93 124,,CHG  SALE,935.2,False,$935.20,$200.88,$734.32,1035414,Trash
2025-07-09,44,1035477,WIZARD,96,SOUTHERN SANITATION SERVICE,,LS-4 190,,CHG  SALE,243.6,False,$243.60,$0.00,$243.60,No Match,No Match
2025-07-09,44,1035501,ROSIE,96,SOUTHERN SANITATION SERVICE,LOWES,#79,,CHG  SALE,325.5,True,$325.50,$325.50,$0.00,1035501,Trash
2025-07-09,44,1035503,ROSIE,96,SOUTHERN SANITATION SERVICE,WALMART,#85,,CHG  SALE,508.7,False,$508.70,$508.71,$-0.01,1035503,Trash
2025-07-09,44,1035504,WIZARD,96,SOUTHERN SANITATION SERVICE,,#94 155,,CHG  SALE,78.1,False,$78.10,$78.12,$-0.02,1035504,Trash
2025-07-09,44,1035511,WIZARD,96,SOUTHERN SANITATION SERVICE,,#87 232,,CHG  SALE,69.7,False,$69.70,$69.75,$-0.05,1035511,Trash
2025-07-09,44,1035517,ROSIE,96,SOUTHERN SANITATION SERVICE,HOMEGOODS,#93,,CHG  SALE,0.0,True,$0.00,$0.00,$0.00,1035517,Cardboard
2025-07-09,44,1035535,WIZARD,96,SOUTHERN SANITATION SERVICE,,#94 154,,CHG  SALE,153.4,False,$153.40,$153.45,$-0.05,1035535,Trash
2025-07-09,44,1035551,WIZARD,96,SOUTHERN SANITATION SERVICE,,#93 163,,CHG  SALE,130.6,False,$130.60,$130.67,$-0.07,1035551,Trash
2025-07-09,44,1035603,WIZARD,96,SOUTHERN SANITATION SERVICE,,#87 355,,CHG  SALE,26.9,False,$26.90,$26.97,$-0.07,1035603,Trash
2025-07-09,44,1035611,WIZARD,96,SOUTHERN SANITATION SERVICE,,#93 187,,CHG  SALE,62.3,False,$62.30,$62.31,$-0.01,1035611,Trash
2025-07-09,44,1035615,WIZARD,96,SOUTHERN SANITATION SERVICE,,LS-4 39,,CHG  SALE,93.0,True,$93.00,$93.00,$0.00,1035615,Trash
2025-07-09,44,1035626,SANDY,96,SOUTHERN SANITATION SERVICE,,#79 182,,CHG  SALE,171.5,False,$171.50,$171.59,$-0.09,1035626,Trash
2025-07-09,44,1035633,WIZARD,96,SOUTHERN SANITATION SERVICE,,#85 356,,CHG  SALE,26.5,False,$26.50,$26.51,$-0.01,1035633,Trash
2025-07-09,44,1035636,WIZARD,96,SOUTHERN SANITATION SERVICE,,#93 30,,CHG  SALE,34.8,False,$34.80,$34.88,$-0.08,1035636,Trash
2025-07-10,44,1035660,WIZARD,96,SOUTHERN SANITATION SERVICE,,LS-4 139,,CHG  SALE,90.6,False,$90.60,$90.68,$-0.08,1035660,Trash
2025-07-10,44,1035673,WIZARD,96,SOUTHERN SANITATION SERVICE,,#87 256,,CHG  SALE,43.7,False,$43.70,$43.71,$-0.01,1035673,Trash
2025-07-10,44,1035692,SANDY,96,SOUTHERN SANITATION SERVICE,WALMART,#85,,CHG  SALE,197.1,False,$197.10,$197.16,$-0.06,1035692,Trash
2025-07-10,44,1035693,SANDY,96,SOUTHERN SANITATION SERVICE,OJOS LOCOS,LS-4,,CHG  SALE,119.0,False,$119.00,$119.04,$-0.04,1035693,Trash
2025-07-10,44,1035743,ROSIE,96,SOUTHERN SANITATION SERVICE,,#79,,CHG  SALE,161.8,False,$161.80,$161.82,$-0.02,1035743,Trash
2025-07-10,44,1035764,WIZARD,96,SOUTHERN SANITATION SERVICE,,#87 215,,CHG  SALE,12.0,False,$12.00,$12.09,$-0.09,1035764,Trash
2025-07-10,44,1035822,WIZARD,96,SOUTHERN SANITATION SERVICE,,#85 293,,CHG  SALE,90.2,False,$90.20,$0.00,$90.20,No Match,No Match
2025-07-10,44,1035848,WIZARD,96,SOUTHERN SANITATION SERVICE,,LS-4 9,,CHG  SALE,180.8,False,$180.80,$180.89,$-0.09,1035848,Trash
2025-07-10,44,1035853,WIZARD,96,SOUTHERN SANITATION SERVICE,,#87 87,,CHG  SALE,21.8,False,$21.80,$21.86,$-0.06,1035853,Trash
2025-07-10,44,1035922,WIZARD,96,SOUTHERN SANITATION SERVICE,,#85 134,,CHG  SALE,33.4,False,$33.40,$33.48,$-0.08,1035922,Trash
2025-07-10,44,1035934,WIZARD,96,SOUTHERN SANITATION SERVICE,,#93 200,,CHG  SALE,52.5,False,$52.50,$52.55,$-0.05,1035934,Trash
2025-07-10,44,1035941,WIZARD,96,SOUTHERN SANITATION SERVICE,,LS-4 206,,CHG  SALE,55.8,True,$55.80,$55.80,$0.00,1035941,Trash
2025-07-10,44,1035965,WIZARD,96,SOUTHERN SANITATION SERVICE,,LS-4 158,,CHG  SALE,34.8,False,$34.80,$34.88,$-0.08,1035965,Trash
2025-07-10,44,1036031,WIZARD,96,SOUTHERN SANITATION SERVICE,,#87 140,,CHG  SALE,25.5,False,$25.50,$25.58,$-0.08,1036031,Trash
2025-07-10,44,1036056,ROSIE,96,SOUTHERN SANITATION SERVICE,HEB,#85,,CHG  SALE,592.4,False,$592.40,$592.41,$-0.01,1036056,Trash
2025-07-10,44,1036074,ROSIE,96,SOUTHERN SANITATION SERVICE,SAMS CLUB,#79,,CHG  SALE,824.4,False,$824.40,$824.45,$-0.05,1036074,Trash
2025-07-10,44,1036105,WIZARD,96,SOUTHERN SANITATION SERVICE,,#87 108,,CHG  SALE,86.0,False,$86.00,$86.03,$-0.03,1036105,Trash
2025-07-10,44,1036117,WIZARD,96,SOUTHERN SANITATION SERVICE,,#93 125,,CHG  SALE,365.9,False,$365.90,$365.96,$-0.06,1036117,Trash
2025-07-10,44,1036188,ROSIE,96,SOUTHERN SANITATION SERVICE,,LS-4 43,,CHG  SALE,47.4,False,$47.40,$47.43,$-0.03,1036188,Trash
2025-07-10,44,1036189,WIZARD,96,SOUTHERN SANITATION SERVICE,,#87 232,,CHG  SALE,57.2,True,$57.20,$57.20,$0.00,1036189,Trash
2025-07-10,44,1036197,WIZARD,96,SOUTHERN SANITATION SERVICE,,#85 308,,CHG  SALE,109.7,False,$109.70,$109.74,$-0.04,1036197,Trash
2025-07-10,44,1036211,WIZARD,96,SOUTHERN SANITATION SERVICE,,#93 226,,CHG  SALE,45.1,False,$45.10,$45.11,$-0.01,1036211,Trash
2025-07-10,44,1036232,WIZARD,96,SOUTHERN SANITATION SERVICE,,#93 240,,CHG  SALE,66.5,True,$66.50,$66.50,$0.00,1036232,Trash
2025-07-11,44,1036245,WIZARD,96,SOUTHERN SANITATION SERVICE,,#85 380,,CHG  SALE,53.9,False,$53.90,$53.94,$-0.04,1036245,Trash
2025-07-11,44,1036260,SANDY,96,SOUTHERN SANITATION SERVICE,FLYING J,#93,,CHG  SALE,189.7,False,$189.70,$189.72,$-0.02,1036260,Trash
2025-07-11,44,1036282,WIZARD,96,SOUTHERN SANITATION SERVICE,,#87 247,,CHG  SALE,514.2,False,$514.20,$514.29,$-0.09,1036282,Trash
2025-07-11,44,1036316,WIZARD,96,SOUTHERN SANITATION SERVICE,,#79 348,,CHG  SALE,79.5,False,$79.50,$79.52,$-0.02,1036316,Trash
2025-07-11,44,1036358,WIZARD,96,SOUTHERN SANITATION SERVICE,,#85 184,,CHG  SALE,41.8,False,$41.80,$0.00,$41.80,No Match,No Match
2025-07-11,44,1036369,WIZARD,96,SOUTHERN SANITATION SERVICE,,#93 212,,CHG  SALE,93.9,False,$93.90,$93.93,$-0.03,1036369,Trash
2025-07-11,44,1036391,WIZARD,96,SOUTHERN SANITATION SERVICE,,#87 114,,CHG  SALE,60.4,False,$60.40,$60.45,$-0.05,1036391,Trash
2025-07-11,44,1036442,WIZARD,96,SOUTHERN SANITATION SERVICE,,#79 366,,CHG  SALE,102.7,False,$102.70,$102.77,$-0.07,1036442,Trash
2025-07-11,44,1036471,WIZARD,96,SOUTHERN SANITATION SERVICE,,#79 80,,CHG  SALE,127.4,False,$127.40,$127.41,$-0.01,1036471,Trash
2025-07-11,44,1036475,WIZARD,96,SOUTHERN SANITATION SERVICE,,#87 22,,CHG  SALE,59.5,False,$59.50,$59.52,$-0.02,1036475,Trash
2025-07-11,44,1036486,WIZARD,96,SOUTHERN SANITATION SERVICE,,#85 180,,CHG  SALE,26.9,False,$26.90,$26.97,$-0.07,1036486,Trash
2025-07-11,44,1036501,WIZARD,96,SOUTHERN SANITATION SERVICE,,#79 338,,CHG  SALE,305.5,False,$305.50,$305.51,$-0.01,1036501,Trash
2025-07-11,44,1036510,WIZARD,96,SOUTHERN SANITATION SERVICE,,#93 120,,CHG  SALE,213.9,True,$213.90,$213.90,$0.00,1036510,Trash
2025-07-11,44,1036543,WIZARD,96,SOUTHERN SANITATION SERVICE,,#87 42,,CHG  SALE,117.1,False,$117.10,$117.18,$-0.08,1036543,Trash
2025-07-11,44,1036559,WIZARD,96,SOUTHERN SANITATION SERVICE,,#85 168,,CHG  SALE,529.1,False,$529.10,$529.17,$-0.07,1036559,Trash
2025-07-11,44,1036571,WIZARD,96,SOUTHERN SANITATION SERVICE,,LS-4 339,,CHG  SALE,572.4,False,$572.40,$572.42,$-0.02,1036571,Trash
2025-07-11,44,1036610,WIZARD,96,SOUTHERN SANITATION SERVICE,,#85 137,,CHG  SALE,93.9,False,$93.90,$93.93,$-0.03,1036610,Trash
2025-07-11,44,1036658,SANDY,96,SOUTHERN SANITATION SERVICE,LA POSADA,#79,,CHG  SALE,85.1,False,$85.10,$64.17,$20.93,1036658,Trash
2025-07-11,44,1036694,WIZARD,96,SOUTHERN SANITATION SERVICE,,#87 67,,CHG  SALE,100.4,False,$100.40,$100.44,$-0.04,1036694,Trash
2025-07-11,44,1036696,WIZARD,96,SOUTHERN SANITATION SERVICE,,LS-4 101,,CHG  SALE,331.5,False,$331.50,$0.00,$331.50,No Match,No Match
2025-07-11,44,1036699,SANDY,96,SOUTHERN SANITATION SERVICE,,#94 101,,CHG  SALE,260.8,False,$260.80,$260.87,$-0.07,1036699,Trash
2025-07-11,44,1036700,SANDY,96,SOUTHERN SANITATION SERVICE,DOCTORS,#93,,CHG  SALE,343.6,False,$343.60,$343.64,$-0.04,1036700,Trash
2025-07-11,44,1036722,WIZARD,96,SOUTHERN SANITATION SERVICE,,#93 82,,CHG  SALE,194.3,False,$194.30,$194.37,$-0.07,1036722,Trash
2025-07-11,44,1036738,WIZARD,96,SOUTHERN SANITATION SERVICE,,#85 345,,CHG  SALE,77.1,False,$77.10,$77.19,$-0.09,1036738,Trash
2025-07-11,44,1036756,SANDY,96,SOUTHERN SANITATION SERVICE,,#94 243,,CHG  SALE,106.9,False,$106.90,$0.00,$106.90,No Match,No Match
2025-07-11,44,1036782,WIZARD,96,SOUTHERN SANITATION SERVICE,,#87 10,,CHG  SALE,19.5,False,$19.50,$19.53,$-0.03,1036782,Trash
2025-07-11,44,1036787,ROSIE,96,SOUTHERN SANITATION SERVICE,OUTLETS,#79,,CHG  SALE,278.5,False,$278.50,$278.54,$-0.04,1036787,Trash
2025-07-11,44,1036792,SANDY,96,SOUTHERN SANITATION SERVICE,,#93 248,,CHG  SALE,184.6,False,$184.60,$184.61,$-0.01,1036792,Trash
2025-07-11,44,1036803,WIZARD,96,SOUTHERN SANITATION SERVICE,,LS-4 381,,CHG  SALE,106.0,False,$106.00,$0.00,$106.00,No Match,No Match
2025-07-12,44,1036842,ROSIE,96,SOUTHERN SANITATION SERVICE,ROSS,#93,,CHG  SALE,276.2,False,$276.20,$276.21,$-0.01,1036842,Trash
2025-07-12,44,1036856,WIZARD,96,SOUTHERN SANITATION SERVICE,,#94 217,,CHG  SALE,306.9,True,$306.90,$306.90,$0.00,1036856,Trash
2025-07-12,44,1036864,WIZARD,96,SOUTHERN SANITATION SERVICE,,#87 91,,CHG  SALE,32.5,False,$32.50,$32.55,$-0.05,1036864,Trash
2025-07-12,44,1036875,WIZARD,96,SOUTHERN SANITATION SERVICE,,#85 297,,CHG  SALE,64.6,False,$64.60,$64.64,$-0.04,1036875,Trash
2025-07-12,44,1036955,WIZARD,96,SOUTHERN SANITATION SERVICE,,#93 54,,CHG  SALE,30.6,False,$30.60,$30.69,$-0.09,1036955,Trash
2025-07-12,44,1036958,WIZARD,96,SOUTHERN SANITATION SERVICE,,#85 4,,CHG  SALE,53.9,False,$53.90,$0.00,$53.90,No Match,No Match
2025-07-12,44,1037003,WIZARD,96,SOUTHERN SANITATION SERVICE,,#94 199,,CHG  SALE,62.3,False,$62.30,$62.31,$-0.01,1037003,Trash
2025-07-12,44,1037023,WIZARD,96,SOUTHERN SANITATION SERVICE,,#87 216,,CHG  SALE,63.7,False,$63.70,$63.71,$-0.01,1037023,Trash
2025-07-12,44,1037033,WIZARD,96,SOUTHERN SANITATION SERVICE,,#94 370,,CHG  SALE,445.4,False,$445.40,$445.47,$-0.07,1037033,Trash
2025-07-12,44,1037072,WIZARD,96,SOUTHERN SANITATION SERVICE,,#93 315,,CHG  SALE,48.3,False,$48.30,$48.36,$-0.06,1037072,Trash
2025-07-12,44,1037089,ROSIE,96,SOUTHERN SANITATION SERVICE,HEB,#85,,CHG  SALE,530.1,True,$530.10,$530.10,$0.00,1037089,Trash
2025-07-12,44,1037097,ROSIE,96,SOUTHERN SANITATION SERVICE,OUTLETTS,#79,,CHG  SALE,0.0,True,$0.00,$0.00,$0.00,1037097,Cardboard
2025-07-12,44,1037103,WIZARD,96,SOUTHERN SANITATION SERVICE,,#93 52,,CHG  SALE,300.8,False,$300.80,$300.86,$-0.06,1037103,Trash
2025-07-12,44,1037142,ROSIE,96,SOUTHERN SANITATION SERVICE,,#94 300,,CHG  SALE,27.4,False,$27.40,$27.44,$-0.04,1037142,Trash
2025-07-12,44,1037157,WIZARD,96,SOUTHERN SANITATION SERVICE,,#87 254,,CHG  SALE,152.9,False,$152.90,$152.99,$-0.09,1037157,Trash
2025-07-12,44,1037177,WIZARD,96,SOUTHERN SANITATION SERVICE,,#94 146,,CHG  SALE,210.1,False,$210.10,$210.18,$-0.08,1037177,Trash
2025-07-12,44,1037217,WIZARD,96,SOUTHERN SANITATION SERVICE,,#94 362,,CHG  SALE,173.4,False,$173.40,$173.45,$-0.05,1037217,Trash
2025-07-12,44,1037269,WIZARD,96,SOUTHERN SANITATION SERVICE,,#87 8,,CHG  SALE,26.5,False,$26.50,$26.51,$-0.01,1037269,Trash
2025-07-12,44,1037321,ROSIE,96,SOUTHERN SANITATION SERVICE,HEB,#79,,CHG  SALE,549.6,False,$549.60,$549.63,$-0.03,1037321,Trash
2025-07-12,44,1037328,WIZARD,96,SOUTHERN SANITATION SERVICE,,#85 3,,CHG  SALE,5.1,False,$5.10,$5.12,$-0.02,1037328,Trash
2025-07-12,44,1037360,WIZARD,96,SOUTHERN SANITATION SERVICE,,#93 240,,CHG  SALE,81.3,False,$81.30,$81.38,$-0.08,1037360,Trash
2025-07-12,44,1037369,WIZARD,96,SOUTHERN SANITATION SERVICE,,#94 81,,CHG  SALE,179.0,False,$179.00,$179.03,$-0.03,1037369,Trash
2025-07-12,44,1037385,WIZARD,96,SOUTHERN SANITATION SERVICE,,#93 350,,CHG  SALE,61.3,False,$61.30,$61.38,$-0.08,1037385,Trash
2025-07-12,44,1037460,WIZARD,96,SOUTHERN SANITATION SERVICE,,#94 95,,CHG  SALE,162.7,False,$162.70,$162.75,$-0.05,1037460,Trash
2025-07-12,44,1037479,WIZARD,96,SOUTHERN SANITATION SERVICE,,#93 57,,CHG  SALE,169.2,False,$169.20,$169.26,$-0.06,1037479,Trash
2025-07-12,44,1037497,ROSIE,96,SOUTHERN SANITATION SERVICE,,#79 337,,CHG  SALE,167.4,True,$167.40,$167.40,$0.00,1037497,Trash
2025-07-14,44,1037564,WIZARD,96,SOUTHERN SANITATION SERVICE,,#94 381,,CHG  SALE,133.9,False,$133.90,$133.92,$-0.02,1037564,Trash
2025-07-14,44,1037571,WIZARD,96,SOUTHERN SANITATION SERVICE,,#87 203,,CHG  SALE,94.8,False,$94.80,$94.86,$-0.06,1037571,Trash
2025-07-14,44,1037581,ROSIE,96,SOUTHERN SANITATION SERVICE,LOVES,#93,,CHG  SALE,277.1,False,$277.10,$277.14,$-0.04,1037581,Trash
2025-07-14,44,1037590,ROSIE,96,SOUTHERN SANITATION SERVICE,,#94 30,,CHG  SALE,59.0,False,$59.00,$59.06,$-0.06,1037590,Trash
2025-07-14,44,1037610,WIZARD,96,SOUTHERN SANITATION SERVICE,,#94 206,,CHG  SALE,40.9,False,$40.90,$40.92,$-0.02,1037610,Trash
2025-07-14,44,1037644,ROSIE,96,SOUTHERN SANITATION SERVICE,LOVE'S,#85,,CHG  SALE,275.2,False,$275.20,$275.28,$-0.08,1037644,Trash
2025-07-14,44,1037652,ROSIE,96,SOUTHERN SANITATION SERVICE,,LS-3,,CHG  SALE,963.4,False,$963.40,$963.43,$-0.03,1037652,Food
2025-07-14,44,1037714,ROSIE,96,SOUTHERN SANITATION SERVICE,,#79,,CHG  SALE,52.0,False,$52.00,$52.08,$-0.08,1037714,Trash
2025-07-14,44,1037725,WIZARD,96,SOUTHERN SANITATION SERVICE,,#94 188,,CHG  SALE,25.5,False,$25.50,$25.58,$-0.08,1037725,Trash
2025-07-14,44,1037745,WIZARD,96,SOUTHERN SANITATION SERVICE,,#87 158,,CHG  SALE,50.6,False,$50.60,$50.69,$-0.09,1037745,Trash
2025-07-14,44,1037806,WIZARD,96,SOUTHERN SANITATION SERVICE,,#93 182,,CHG  SALE,60.9,False,$60.90,$60.92,$-0.02,1037806,Trash
2025-07-14,44,1037811,WIZARD,96,SOUTHERN SANITATION SERVICE,,#94 326,,CHG  SALE,54.8,False,$54.80,$54.87,$-0.07,1037811,Trash
2025-07-14,44,1037876,ROSIE,96,SOUTHERN SANITATION SERVICE,TRAVEL AME,#85,,CHG  SALE,61.8,False,$61.80,$61.85,$-0.05,1037876,Trash
2025-07-14,44,1037897,WIZARD,96,SOUTHERN SANITATION SERVICE,,#94 134,,CHG  SALE,78.5,False,$78.50,$78.59,$-0.09,1037897,Trash
2025-07-14,44,1037988,WIZARD,96,SOUTHERN SANITATION SERVICE,,#94 363,,CHG  SALE,183.6,False,$183.60,$20.00,$163.60,1037988,Trash
2025-07-14,44,1037994,ROSIE,96,SOUTHERN SANITATION SERVICE,,#79 354,,CHG  SALE,57.6,False,$57.60,$57.66,$-0.06,1037994,Trash
2025-07-14,44,1038005,ROSIE,96,SOUTHERN SANITATION SERVICE,,#94 368,,CHG  SALE,20.0,False,$20.00,$0.00,$20.00,No Match,No Match
2025-07-14,44,1038011,WIZARD,96,SOUTHERN SANITATION SERVICE,,#87 67,,CHG  SALE,31.6,False,$31.60,$31.62,$-0.02,1038011,Trash
2025-07-14,44,1038018,WIZARD,96,SOUTHERN SANITATION SERVICE,,#93 344,,CHG  SALE,126.9,False,$126.90,$126.95,$-0.05,1038018,Trash
2025-07-14,44,1038047,ROSIE,96,SOUTHERN SANITATION SERVICE,COTULLA,LS-3,,CHG  SALE,419.4,False,$419.40,$419.43,$-0.03,1038047,Sludge
2025-07-14,44,1038049,WIZARD,96,SOUTHERN SANITATION SERVICE,,#93 155,,CHG  SALE,48.8,False,$48.80,$48.83,$-0.03,1038049,Trash
2025-07-14,44,1038050,WIZARD,96,SOUTHERN SANITATION SERVICE,,#85 29,,CHG  SALE,53.9,False,$53.90,$53.94,$-0.04,1038050,Trash
2025-07-14,44,1038072,WIZARD,96,SOUTHERN SANITATION SERVICE,,#94 322,,CHG  SALE,165.0,False,$165.00,$0.00,$165.00,No Match,No Match
2025-07-14,44,1038101,ROSIE,96,SOUTHERN SANITATION SERVICE,LOWES,#79,,CHG  SALE,130.2,True,$130.20,$130.20,$0.00,1038101,Trash
2025-07-15,44,1038130,ROSIE,96,SOUTHERN SANITATION SERVICE,FLYING J,#93,,CHG  SALE,113.0,True,$113.00,$113.00,$0.00,1038130,Trash
2025-07-15,44,1038147,WIZARD,96,SOUTHERN SANITATION SERVICE,,#85 346,,CHG  SALE,35.3,False,$35.30,$35.34,$-0.04,1038147,Trash
2025-07-15,44,1038153,WIZARD,96,SOUTHERN SANITATION SERVICE,,#87 379,,CHG  SALE,53.0,False,$53.00,$53.01,$-0.01,1038153,Trash
2025-07-15,44,1038193,WIZARD,96,SOUTHERN SANITATION SERVICE,,#79 121,,CHG  SALE,88.8,False,$88.80,$88.82,$-0.02,1038193,Trash
2025-07-15,44,1038195,SANDY,96,SOUTHERN SANITATION SERVICE,,#94 17,,CHG  SALE,73.4,False,$73.40,$73.47,$-0.07,1038195,Trash
2025-07-15,44,1038216,WIZARD,96,SOUTHERN SANITATION SERVICE,,#93 359,,CHG  SALE,112.0,False,$112.00,$112.07,$-0.07,1038216,Trash
2025-07-15,44,1038234,SANDY,96,SOUTHERN SANITATION SERVICE,,#85 140,,CHG  SALE,109.2,False,$109.20,$109.28,$-0.08,1038234,Trash
2025-07-15,44,1038241,WIZARD,96,SOUTHERN SANITATION SERVICE,,#93 5,,CHG  SALE,64.1,False,$64.10,$64.17,$-0.07,1038241,Trash
2025-07-15,44,1038256,WIZARD,96,SOUTHERN SANITATION SERVICE,,#94 326,,CHG  SALE,85.1,True,$85.10,$85.10,$0.00,1038256,Trash
2025-07-15,44,1038261,WIZARD,96,SOUTHERN SANITATION SERVICE,,#87 232,,CHG  SALE,392.4,False,$392.40,$392.46,$-0.06,1038261,Trash
2025-07-15,44,1038293,SANDY,96,SOUTHERN SANITATION SERVICE,,#94 9,,CHG  SALE,43.2,False,$43.20,$43.25,$-0.05,1038293,Trash
2025-07-15,44,1038326,WIZARD,96,SOUTHERN SANITATION SERVICE,,#94 358,,CHG  SALE,67.4,False,$67.40,$67.43,$-0.03,1038326,Trash
2025-07-15,44,1038345,ROSIE,96,SOUTHERN SANITATION SERVICE,,#93,,CHG  SALE,405.0,False,$405.00,$405.02,$-0.02,1038345,Trash
2025-07-15,44,1038357,ROSIE,96,SOUTHERN SANITATION SERVICE,DOCTORS,#85,,CHG  SALE,191.1,False,$191.10,$191.12,$-0.02,1038357,Trash
2025-07-15,44,1038374,WIZARD,96,SOUTHERN SANITATION SERVICE,,#93 120,,CHG  SALE,132.5,False,$132.50,$132.53,$-0.03,1038374,Trash
2025-07-15,44,1038446,WIZARD,96,SOUTHERN SANITATION SERVICE,,#87 87,,CHG  SALE,104.1,False,$104.10,$104.16,$-0.06,1038446,Trash
2025-07-15,44,1038486,SANDY,96,SOUTHERN SANITATION SERVICE,LA POSADA,#79,,CHG  SALE,33.0,False,$33.00,$33.02,$-0.02,1038486,Trash
2025-07-15,44,1038526,SANDY,96,SOUTHERN SANITATION SERVICE,HEB,#85,,CHG  SALE,373.8,False,$373.80,$373.86,$-0.06,1038526,Trash
2025-07-15,44,1038556,WIZARD,96,SOUTHERN SANITATION SERVICE,,#87 106,,CHG  SALE,85.5,False,$85.50,$85.56,$-0.06,1038556,Trash
2025-07-15,44,1038610,WIZARD,96,SOUTHERN SANITATION SERVICE,,#93 281,,CHG  SALE,53.4,False,$53.40,$53.48,$-0.08,1038610,Trash
2025-07-15,44,1038648,SANDY,96,SOUTHERN SANITATION SERVICE,CINEMARK,#79,,CHG  SALE,489.6,False,$489.60,$489.65,$-0.05,1038648,Trash
2025-07-15,44,1038661,WIZARD,96,SOUTHERN SANITATION SERVICE,,#94 41,,CHG  SALE,67.8,False,$67.80,$67.89,$-0.09,1038661,Trash
2025-07-15,44,1038678,WIZARD,96,SOUTHERN SANITATION SERVICE,,#87 158,,CHG  SALE,39.0,False,$39.00,$0.00,$39.00,No Match,No Match
2025-07-15,44,1038710,SANDY,96,SOUTHERN SANITATION SERVICE,ROSS,#93,,CHG  SALE,231.1,False,$231.10,$231.11,$-0.01,1038710,Trash
2025-07-15,44,1038713,WIZARD,96,SOUTHERN SANITATION SERVICE,,LS-3 59,,CHG  SALE,132.5,False,$132.50,$132.53,$-0.03,1038713,Trash
2025-07-15,44,1038732,SANDY,96,SOUTHERN SANITATION SERVICE,BESTBUY,#79,,CHG  SALE,81.3,False,$81.30,$81.38,$-0.08,1038732,Trash
2025-07-16,44,1038759,NORMA,96,SOUTHERN SANITATION SERVICE,,#93 343,,CHG  SALE,50.2,False,$50.20,$50.22,$-0.02,1038759,Trash
2025-07-16,44,1038776,WIZARD,96,SOUTHERN SANITATION SERVICE,,#85 7,,CHG  SALE,189.7,False,$189.70,$189.72,$-0.02,1038776,Trash
2025-07-16,44,1038808,WIZARD,96,SOUTHERN SANITATION SERVICE,,#87 138,,CHG  SALE,165.5,False,$165.50,$165.54,$-0.04,1038808,Trash
2025-07-16,44,1038813,WIZARD,96,SOUTHERN SANITATION SERVICE,,#94 361,,CHG  SALE,121.8,False,$121.80,$121.83,$-0.03,1038813,Trash
2025-07-16,44,1038816,NORMA,96,SOUTHERN SANITATION SERVICE,,#93 82,,CHG  SALE,844.3,False,$844.30,$181.35,$662.95,1038816,Trash
2025-07-16,44,1038839,NORMA,96,SOUTHERN SANITATION SERVICE,PILOT,#93,,CHG  SALE,151.1,False,$151.10,$151.13,$-0.03,1038839,Trash
2025-07-16,44,1038879,WIZARD,96,SOUTHERN SANITATION SERVICE,,#85 308,,CHG  SALE,43.2,False,$43.20,$43.25,$-0.05,1038879,Trash
2025-07-16,44,1038899,WIZARD,96,SOUTHERN SANITATION SERVICE,,#87 169,,CHG  SALE,53.4,False,$53.40,$53.48,$-0.08,1038899,Trash
2025-07-16,44,1038918,WIZARD,96,SOUTHERN SANITATION SERVICE,,#94 59,,CHG  SALE,64.1,False,$64.10,$64.17,$-0.07,1038918,Trash
2025-07-16,44,1038926,WIZARD,96,SOUTHERN SANITATION SERVICE,,LS-3 60,,CHG  SALE,83.7,True,$83.70,$83.70,$0.00,1038926,Trash
2025-07-16,44,1038954,WIZARD,96,SOUTHERN SANITATION SERVICE,,#93 294,,CHG  SALE,96.7,False,$96.70,$0.00,$96.70,No Match,No Match
2025-07-16,44,1038957,WIZARD,96,SOUTHERN SANITATION SERVICE,,#94 17,,CHG  SALE,96.2,False,$96.20,$96.26,$-0.06,1038957,Trash
2025-07-16,44,1038988,WIZARD,96,SOUTHERN SANITATION SERVICE,,#79 348,,CHG  SALE,79.9,False,$79.90,$79.98,$-0.08,1038988,Trash
2025-07-16,44,1038990,WIZARD,96,SOUTHERN SANITATION SERVICE,,#94 199,,CHG  SALE,89.7,False,$89.70,$89.75,$-0.05,1038990,Trash
2025-07-16,44,1039017,WIZARD,96,SOUTHERN SANITATION SERVICE,,#79 326,,CHG  SALE,75.8,False,$75.80,$16.30,$59.50,1039017,Tires
2025-07-16,44,1039021,NORMA,96,SOUTHERN SANITATION SERVICE,,#85,,CHG  SALE,427.8,True,$427.80,$427.80,$0.00,1039021,Trash
2025-07-16,44,1039031,WIZARD,96,SOUTHERN SANITATION SERVICE,,#94 32,,CHG  SALE,120.9,True,$120.90,$120.90,$0.00,1039031,Trash
2025-07-16,44,1039042,WIZARD,96,SOUTHERN SANITATION SERVICE,,LS-3 110,,CHG  SALE,58.1,False,$58.10,$58.13,$-0.03,1039042,Trash
2025-07-16,44,1039044,WIZARD,96,SOUTHERN SANITATION SERVICE,,#94 56,,CHG  SALE,20.9,False,$20.90,$20.93,$-0.03,1039044,Trash
2025-07-16,44,1039103,WIZARD,96,SOUTHERN SANITATION SERVICE,,#79 101,,CHG  SALE,48.8,False,$48.80,$48.83,$-0.03,1039103,Trash
2025-07-16,44,1039166,WIZARD,96,SOUTHERN SANITATION SERVICE,,#87 284,,CHG  SALE,68.8,False,$68.80,$68.82,$-0.02,1039166,Trash
2025-07-16,44,1039194,WIZARD,96,SOUTHERN SANITATION SERVICE,,#79 69,,CHG  SALE,223.6,False,$223.60,$223.67,$-0.07,1039194,Trash
2025-07-16,44,1039234,WIZARD,96,SOUTHERN SANITATION SERVICE,,#85 291,,CHG  SALE,24.6,False,$24.60,$24.65,$-0.05,1039234,Trash
2025-07-16,44,1039253,WIZARD,96,SOUTHERN SANITATION SERVICE,,#93 106,,CHG  SALE,69.7,False,$69.70,$69.75,$-0.05,1039253,Trash
2025-07-16,44,1039297,WIZARD,96,SOUTHERN SANITATION SERVICE,,#94 358,,CHG  SALE,241.3,False,$241.30,$241.34,$-0.04,1039297,Trash
2025-07-16,44,1039327,NORMA,96,SOUTHERN SANITATION SERVICE,HEB,LS-3,,CHG  SALE,329.6,False,$329.60,$329.69,$-0.09,1039327,Trash
2025-07-16,44,1039332,WIZARD,96,SOUTHERN SANITATION SERVICE,,#85 33,,CHG  SALE,115.3,False,$115.30,$115.32,$-0.02,1039332,Trash
2025-07-16,44,1039347,WIZARD,96,SOUTHERN SANITATION SERVICE,,#93 104,,CHG  SALE,158.1,True,$158.10,$158.10,$0.00,1039347,Trash
2025-07-16,44,1039356,NORMA,96,SOUTHERN SANITATION SERVICE,,#79 174,,CHG  SALE,52.0,False,$52.00,$52.08,$-0.08,1039356,Trash
2025-07-17,44,1039376,WIZARD,96,SOUTHERN SANITATION SERVICE,,#94 57,,CHG  SALE,65.5,False,$65.50,$65.57,$-0.07,1039376,Trash
2025-07-17,44,1039378,WIZARD,96,SOUTHERN SANITATION SERVICE,,#87 61,,CHG  SALE,59.0,False,$59.00,$59.06,$-0.06,1039378,Trash
2025-07-17,44,1039381,SANDY,96,SOUTHERN SANITATION SERVICE,,#85 346,,CHG  SALE,111.1,False,$111.10,$111.14,$-0.04,1039381,Trash
2025-07-17,44,1039428,WIZARD,96,SOUTHERN SANITATION SERVICE,,#94 354,,CHG  SALE,106.0,False,$106.00,$106.02,$-0.02,1039428,Trash
2025-07-17,44,1039451,ROSIE,96,SOUTHERN SANITATION SERVICE,,LS-3,,CHG  SALE,3.2,False,$3.20,$3.26,$-0.06,1039451,Trash
2025-07-17,44,1039481,WIZARD,96,SOUTHERN SANITATION SERVICE,,#87 125,,CHG  SALE,82.7,False,$82.70,$82.77,$-0.07,1039481,Trash
2025-07-17,44,1039503,WIZARD,96,SOUTHERN SANITATION SERVICE,,#85 380,,CHG  SALE,77.1,False,$77.10,$77.19,$-0.09,1039503,Trash
2025-07-17,44,1039522,WIZARD,96,SOUTHERN SANITATION SERVICE,,#79 315,,CHG  SALE,24.6,False,$24.60,$24.65,$-0.05,1039522,Trash
2025-07-17,44,1039553,WIZARD,96,SOUTHERN SANITATION SERVICE,,#94 41,,CHG  SALE,113.9,False,$113.90,$113.93,$-0.03,1039553,Trash
2025-07-17,44,1039557,WIZARD,96,SOUTHERN SANITATION SERVICE,,#93 240,,CHG  SALE,45.1,False,$45.10,$45.11,$-0.01,1039557,Trash
2025-07-17,44,1039588,WIZARD,96,SOUTHERN SANITATION SERVICE,,#87 62,,CHG  SALE,183.2,False,$183.20,$183.21,$-0.01,1039588,Trash
2025-07-17,44,1039595,WIZARD,96,SOUTHERN SANITATION SERVICE,,#94 95,,CHG  SALE,69.2,False,$69.20,$69.29,$-0.09,1039595,Trash
2025-07-17,44,1039656,WIZARD,96,SOUTHERN SANITATION SERVICE,,#85 329,,CHG  SALE,159.0,False,$159.00,$159.03,$-0.03,1039656,Trash
2025-07-17,44,1039666,WIZARD,96,SOUTHERN SANITATION SERVICE,,#79 285,,CHG  SALE,97.1,False,$97.10,$97.19,$-0.09,1039666,Trash
2025-07-17,44,1039703,WIZARD,96,SOUTHERN SANITATION SERVICE,,#87 64,,CHG  SALE,139.9,False,$139.90,$139.97,$-0.07,1039703,Trash
2025-07-17,44,1039708,WIZARD,96,SOUTHERN SANITATION SERVICE,,#94 81,,CHG  SALE,159.5,False,$159.50,$0.00,$159.50,No Match,No Match
2025-07-17,44,1039711,WIZARD,96,SOUTHERN SANITATION SERVICE,,#93 50,,CHG  SALE,68.3,False,$68.30,$68.36,$-0.06,1039711,Trash
2025-07-17,44,1039829,WIZARD,96,SOUTHERN SANITATION SERVICE,,#85 71,,CHG  SALE,57.2,False,$57.20,$0.00,$57.20,No Match,No Match
2025-07-17,44,1039863,WIZARD,96,SOUTHERN SANITATION SERVICE,,#93 371,,CHG  SALE,5.5,False,$5.50,$5.58,$-0.08,1039863,Trash
2025-07-17,44,1039872,WIZARD,96,SOUTHERN SANITATION SERVICE,,#87 312,,CHG  SALE,48.3,False,$48.30,$48.36,$-0.06,1039872,Trash
2025-07-17,44,1039889,WIZARD,96,SOUTHERN SANITATION SERVICE,,#79 142,,CHG  SALE,48.3,False,$48.30,$48.36,$-0.06,1039889,Trash
2025-07-17,44,1039908,WIZARD,96,SOUTHERN SANITATION SERVICE,,#85 145,,CHG  SALE,88.8,False,$88.80,$88.82,$-0.02,1039908,Trash
2025-07-17,44,1039925,WIZARD,96,SOUTHERN SANITATION SERVICE,,#93 30,,CHG  SALE,32.5,False,$32.50,$32.55,$-0.05,1039925,Trash
2025-07-17,44,1039949,WIZARD,96,SOUTHERN SANITATION SERVICE,,#87 215,,CHG  SALE,31.1,False,$31.10,$0.00,$31.10,No Match,No Match
2025-07-17,44,1039958,WIZARD,96,SOUTHERN SANITATION SERVICE,,#93 150,,CHG  SALE,71.6,False,$71.60,$71.61,$-0.01,1039958,Trash
2025-07-18,44,1039986,ROSIE,96,SOUTHERN SANITATION SERVICE,,#93 141,,CHG  SALE,65.1,True,$65.10,$65.10,$0.00,1039986,Trash
2025-07-18,44,1039992,SANDY,96,SOUTHERN SANITATION SERVICE,,#87 114,,CHG  SALE,33.4,False,$33.40,$33.48,$-0.08,1039992,Trash
2025-07-18,44,1040007,SANDY,96,SOUTHERN SANITATION SERVICE,,#93 339,,CHG  SALE,155.7,False,$155.70,$155.78,$-0.08,1040007,Trash
2025-07-18,44,1040031,WIZARD,96,SOUTHERN SANITATION SERVICE,,#85 129,,CHG  SALE,91.6,False,$91.60,$91.61,$-0.01,1040031,Trash
2025-07-18,44,1040061,WIZARD,96,SOUTHERN SANITATION SERVICE,,#87 371,,CHG  SALE,35.8,False,$35.80,$35.81,$-0.01,1040061,Trash
2025-07-18,44,1040098,ROSIE,96,SOUTHERN SANITATION SERVICE,WALMART,#93,,CHG  SALE,164.6,False,$164.60,$164.61,$-0.01,1040098,Trash
2025-07-18,44,1040127,WIZARD,96,SOUTHERN SANITATION SERVICE,,#94 381,,CHG  SALE,45.1,False,$45.10,$45.11,$-0.01,1040127,Trash
2025-07-18,44,1040137,WIZARD,96,SOUTHERN SANITATION SERVICE,,#87 66,,CHG  SALE,66.0,False,$66.00,$66.03,$-0.03,1040137,Trash
2025-07-18,44,1040154,ROSIE,96,SOUTHERN SANITATION SERVICE,LA POSADA,#85,,CHG  SALE,35.8,False,$35.80,$35.81,$-0.01,1040154,Trash
2025-07-18,44,1040232,WIZARD,96,SOUTHERN SANITATION SERVICE,,#79 251,,CHG  SALE,113.4,False,$113.40,$113.46,$-0.06,1040232,Trash
2025-07-18,44,1040234,SANDY,96,SOUTHERN SANITATION SERVICE,,#93 343,,CHG  SALE,1069.5,False,"$1,069.50",$229.71,$839.79,1040234,Trash
2025-07-18,44,1040243,WIZARD,96,SOUTHERN SANITATION SERVICE,,#94 154,,CHG  SALE,44.1,False,$44.10,$44.18,$-0.08,1040243,Trash
2025-07-18,44,1040263,WIZARD,96,SOUTHERN SANITATION SERVICE,,LS-3 39,,CHG  SALE,257.1,False,$257.10,$257.15,$-0.05,1040263,Trash
2025-07-18,44,1040302,WIZARD,96,SOUTHERN SANITATION SERVICE,,#94 337,,CHG  SALE,51.1,False,$51.10,$51.15,$-0.05,1040302,Trash
2025-07-18,44,1040326,SANDY,96,SOUTHERN SANITATION SERVICE,DOCTORS,#85,,CHG  SALE,182.2,False,$182.20,$182.28,$-0.08,1040326,Trash
2025-07-18,44,1040341,ROSIE,96,SOUTHERN SANITATION SERVICE,,#94 43,,CHG  SALE,68.3,False,$68.30,$68.36,$-0.06,1040341,Trash
2025-07-18,44,1040372,SANDY,96,SOUTHERN SANITATION SERVICE,OUTLETS,#79,,CHG  SALE,0.0,True,$0.00,$0.00,$0.00,1040372,Cardboard
2025-07-18,44,1040452,WIZARD,96,SOUTHERN SANITATION SERVICE,,#93 289,,CHG  SALE,22.3,False,$22.30,$22.32,$-0.02,1040452,Trash
2025-07-18,44,1040479,WIZARD,96,SOUTHERN SANITATION SERVICE,,#85 19,,CHG  SALE,63.2,False,$63.20,$63.24,$-0.04,1040479,Trash
2025-07-18,44,1040533,WIZARD,96,SOUTHERN SANITATION SERVICE,,#94 348,,CHG  SALE,216.6,False,$216.60,$216.69,$-0.09,1040533,Trash
2025-07-18,44,1040563,SANDY,96,SOUTHERN SANITATION SERVICE,WALMART,#79,,CHG  SALE,381.3,False,$381.30,$0.00,$381.30,No Match,No Match
2025-07-18,44,1040574,WIZARD,96,SOUTHERN SANITATION SERVICE,,#93 379,,CHG  SALE,620.3,False,$620.30,$620.31,$-0.01,1040574,Trash
2025-07-19,44,1040595,SANDY,96,SOUTHERN SANITATION SERVICE,PILOT,#93,,CHG  SALE,506.8,False,$506.80,$506.85,$-0.05,1040595,Trash
2025-07-19,44,1040606,WIZARD,96,SOUTHERN SANITATION SERVICE,,#85 344,,CHG  SALE,27.4,False,$27.40,$27.44,$-0.04,1040606,Trash
2025-07-19,44,1040629,WIZARD,96,SOUTHERN SANITATION SERVICE,,#87 10,,CHG  SALE,20.9,False,$20.90,$20.93,$-0.03,1040629,Trash
2025-07-19,44,1040735,WIZARD,96,SOUTHERN SANITATION SERVICE,,#94 43,,CHG  SALE,202.2,False,$202.20,$0.00,$202.20,No Match,No Match
2025-07-19,44,1040738,WIZARD,96,SOUTHERN SANITATION SERVICE,,#85 345,,CHG  SALE,15.8,False,$15.80,$0.00,$15.80,No Match,No Match
2025-07-19,44,1040791,WIZARD,96,SOUTHERN SANITATION SERVICE,,#87 91,,CHG  SALE,70.6,False,$70.60,$70.68,$-0.08,1040791,Trash
2025-07-19,44,1040793,WIZARD,96,SOUTHERN SANITATION SERVICE,,LS-3 79,,CHG  SALE,43.7,False,$43.70,$43.25,$0.45,1040793,Trash
2025-07-19,44,1040849,WIZARD,96,SOUTHERN SANITATION SERVICE,,#93 181,,CHG  SALE,271.1,True,$271.10,$271.10,$0.00,1040849,Trash
2025-07-19,44,1040864,WIZARD,96,SOUTHERN SANITATION SERVICE,,#94 374,,CHG  SALE,138.5,False,$138.50,$138.57,$-0.07,1040864,Trash
2025-07-19,44,1040948,WIZARD,96,SOUTHERN SANITATION SERVICE,,#85 4,,CHG  SALE,14.8,False,$14.80,$14.88,$-0.08,1040948,Trash
2025-07-19,44,1041002,ROSIE,96,SOUTHERN SANITATION SERVICE,TARGET,LS-3,,CHG  SALE,315.7,False,$315.70,$315.74,$-0.04,1041002,Trash
2025-07-19,44,1041017,WIZARD,96,SOUTHERN SANITATION SERVICE,,#94 357,,CHG  SALE,83.7,True,$83.70,$83.70,$0.00,1041017,Trash
2025-07-19,44,1041022,WIZARD,96,SOUTHERN SANITATION SERVICE,,#79 297,,CHG  SALE,45.1,False,$45.10,$45.11,$-0.01,1041022,Trash
2025-07-19,44,1041024,WIZARD,96,SOUTHERN SANITATION SERVICE,,#93 243,,CHG  SALE,13.9,False,$13.90,$13.95,$-0.05,1041024,Trash
2025-07-19,44,1041107,WIZARD,96,SOUTHERN SANITATION SERVICE,,#94 227,,CHG  SALE,43.7,False,$43.70,$43.71,$-0.01,1041107,Trash
2025-07-19,44,1041118,ROSIE,96,SOUTHERN SANITATION SERVICE,HEB,#79,,CHG  SALE,252.9,False,$252.90,$252.96,$-0.06,1041118,Trash
2025-07-19,44,1041121,WIZARD,96,SOUTHERN SANITATION SERVICE,,#93 54,,CHG  SALE,45.5,False,$45.50,$45.57,$-0.07,1041121,Trash
2025-07-19,44,1041152,ROSIE,96,SOUTHERN SANITATION SERVICE,HEB,LS-3,,CHG  SALE,441.2,False,$441.20,$441.29,$-0.09,1041152,Trash
2025-07-19,44,1041213,WIZARD,96,SOUTHERN SANITATION SERVICE,,#94 353,,CHG  SALE,45.1,False,$45.10,$45.11,$-0.01,1041213,Trash
2025-07-19,44,1041232,WIZARD,96,SOUTHERN SANITATION SERVICE,,#93 295,,CHG  SALE,106.9,False,$106.90,$106.95,$-0.05,1041232,Trash
2025-07-21,44,1041255,SANDY,96,SOUTHERN SANITATION SERVICE,,#93,,CHG  SALE,59.9,False,$59.90,$59.99,$-0.09,1041255,Trash
2025-07-21,44,1041278,WIZARD,96,SOUTHERN SANITATION SERVICE,,#85 57,,CHG  SALE,59.9,False,$59.90,$55.80,$4.10,1041278,Trash
2025-07-21,44,1041304,WIZARD,96,SOUTHERN SANITATION SERVICE,,#87 138,,CHG  SALE,36.7,False,$36.70,$36.74,$-0.04,1041304,Trash
2025-07-21,44,1041319,ROSIE,96,SOUTHERN SANITATION SERVICE,,#79 117,,CHG  SALE,1426.7,False,"$1,426.70","$1,426.74",$-0.04,1041319,Food
2025-07-21,44,1041377,WIZARD,96,SOUTHERN SANITATION SERVICE,,#87 203,,CHG  SALE,31.6,False,$31.60,$31.62,$-0.02,1041377,Trash
2025-07-21,44,1041399,SANDY,96,SOUTHERN SANITATION SERVICE,WALMART,#79,,CHG  SALE,351.5,False,$351.50,$351.54,$-0.04,1041399,Trash
2025-07-21,44,1041402,SANDY,96,SOUTHERN SANITATION SERVICE,PILOT,#85,,CHG  SALE,223.6,False,$223.60,$223.67,$-0.07,1041402,Trash
2025-07-21,44,1041414,WIZARD,96,SOUTHERN SANITATION SERVICE,,#93 355,,CHG  SALE,62.3,False,$62.30,$62.31,$-0.01,1041414,Trash
2025-07-21,44,1041484,WIZARD,96,SOUTHERN SANITATION SERVICE,,#93 143,,CHG  SALE,20.9,False,$20.90,$20.93,$-0.03,1041484,Trash
2025-07-21,44,1041538,WIZARD,96,SOUTHERN SANITATION SERVICE,,#87 100,,CHG  SALE,191.1,False,$191.10,$191.12,$-0.02,1041538,Trash
2025-07-21,44,1041643,ROSIE,96,SOUTHERN SANITATION SERVICE,SAMS,#85,,CHG  SALE,653.7,False,$653.70,$653.79,$-0.09,1041643,Trash
2025-07-21,44,1041688,WIZARD,96,SOUTHERN SANITATION SERVICE,,#87 186,,CHG  SALE,45.1,False,$45.10,$45.11,$-0.01,1041688,Trash
2025-07-21,44,1041733,ROSIE,96,SOUTHERN SANITATION SERVICE,HEB,#93,,CHG  SALE,193.9,False,$193.90,$193.91,$-0.01,1041733,Trash
2025-07-21,44,1041778,WIZARD,96,SOUTHERN SANITATION SERVICE,,#93 174,,CHG  SALE,51.1,False,$51.10,$51.15,$-0.05,1041778,Trash
2025-07-21,44,1041781,WIZARD,96,SOUTHERN SANITATION SERVICE,,#87 254,,CHG  SALE,22.7,False,$22.70,$0.00,$22.70,No Match,No Match
2025-07-21,44,1041806,WIZARD,96,SOUTHERN SANITATION SERVICE,,#85 159,,CHG  SALE,124.6,False,$124.60,$124.62,$-0.02,1041806,Trash
2025-07-21,44,1041836,WIZARD,96,SOUTHERN SANITATION SERVICE,,#85 17,,CHG  SALE,48.8,False,$48.80,$48.83,$-0.03,1041836,Trash
2025-07-21,44,1041852,WIZARD,96,SOUTHERN SANITATION SERVICE,,#87 114,,CHG  SALE,27.4,False,$27.40,$27.44,$-0.04,1041852,Trash
2025-07-21,44,1041866,WIZARD,96,SOUTHERN SANITATION SERVICE,,#93 129,,CHG  SALE,82.3,False,$82.30,$82.31,$-0.01,1041866,Trash
2025-07-21,44,1041867,ROSIE,96,SOUTHERN SANITATION SERVICE,LOWES,#79,,CHG  SALE,251.5,False,$251.50,$0.00,$251.50,No Match,No Match
2025-07-22,44,1041890,ROSIE,96,SOUTHERN SANITATION SERVICE,,#85 33,,CHG  SALE,60.4,False,$60.40,$60.45,$-0.05,1041890,Trash
2025-07-22,44,1041914,WIZARD,96,SOUTHERN SANITATION SERVICE,,#93 192,,CHG  SALE,118.1,False,$118.10,$118.11,$-0.01,1041914,Trash
2025-07-22,44,1041923,WIZARD,96,SOUTHERN SANITATION SERVICE,,#87 214,,CHG  SALE,96.7,False,$96.70,$96.72,$-0.02,1041923,Trash
2025-07-22,44,1041929,SANDY,96,SOUTHERN SANITATION SERVICE,HEB,#93,,CHG  SALE,296.6,False,$296.60,$296.67,$-0.07,1041929,Trash
2025-07-22,44,1041931,WIZARD,96,SOUTHERN SANITATION SERVICE,,#79 180,,CHG  SALE,627.2,False,$627.20,$627.29,$-0.09,1041931,Trash
2025-07-22,44,1041952,WIZARD,96,SOUTHERN SANITATION SERVICE,,#94 158,,CHG  SALE,101.3,False,$101.30,$101.37,$-0.07,1041952,Trash
2025-07-22,44,1041957,WIZARD,96,SOUTHERN SANITATION SERVICE,,LS-3 9,,CHG  SALE,132.5,False,$132.50,$132.53,$-0.03,1041957,Trash
2025-07-22,44,1041979,ROSIE,96,SOUTHERN SANITATION SERVICE,HEB,#85,,CHG  SALE,378.5,False,$378.50,$378.51,$-0.01,1041979,Trash
2025-07-22,44,1042030,SANDY,96,SOUTHERN SANITATION SERVICE,,#87 332,,CHG  SALE,63.7,False,$63.70,$0.00,$63.70,No Match,No Match
2025-07-22,44,1042062,SANDY,96,SOUTHERN SANITATION SERVICE,,#93 284,,CHG  SALE,63.2,False,$63.20,$0.00,$63.20,No Match,No Match
2025-07-22,44,1042095,SANDY,96,SOUTHERN SANITATION SERVICE,,#79 366,,CHG  SALE,90.2,False,$90.20,$90.21,$-0.01,1042095,Trash
2025-07-22,44,1042103,WIZARD,96,SOUTHERN SANITATION SERVICE,,#94 41,,CHG  SALE,33.9,False,$33.90,$33.95,$-0.05,1042103,Trash
2025-07-22,44,1042120,SANDY,96,SOUTHERN SANITATION SERVICE,DOCTORS,#85,,CHG  SALE,201.3,False,$201.30,$201.35,$-0.05,1042120,Trash
2025-07-22,44,1042137,WIZARD,96,SOUTHERN SANITATION SERVICE,,#87 101,,CHG  SALE,89.7,False,$89.70,$89.75,$-0.05,1042137,Trash
2025-07-22,44,1042138,WIZARD,96,SOUTHERN SANITATION SERVICE,,#94 322,,CHG  SALE,57.2,True,$57.20,$57.20,$0.00,1042138,Trash
2025-07-22,44,1042159,WIZARD,96,SOUTHERN SANITATION SERVICE,,#93 5,,CHG  SALE,39.9,False,$39.90,$39.99,$-0.09,1042159,Trash
2025-07-22,44,1042166,WIZARD,96,SOUTHERN SANITATION SERVICE,,#94 19,,CHG  SALE,39.9,False,$39.90,$39.99,$-0.09,1042166,Trash
2025-07-22,44,1042202,SANDY,96,SOUTHERN SANITATION SERVICE,,LS-3 253,,CHG  SALE,201.8,False,$201.80,$201.81,$-0.01,1042202,Trash
2025-07-22,44,1042204,ROSIE,96,SOUTHERN SANITATION SERVICE,,#94 206,,CHG  SALE,13.9,False,$13.90,$13.95,$-0.05,1042204,Trash
2025-07-22,44,1042238,WIZARD,96,SOUTHERN SANITATION SERVICE,,#87 137,,CHG  SALE,65.1,True,$65.10,$65.10,$0.00,1042238,Trash
2025-07-22,44,1042265,ROSIE,96,SOUTHERN SANITATION SERVICE,TRAVEL AME,#79,,CHG  SALE,137.6,False,$137.60,$137.64,$-0.04,1042265,Trash
2025-07-22,44,1042312,WIZARD,96,SOUTHERN SANITATION SERVICE,,#93 248,,CHG  SALE,404.5,False,$404.50,$0.00,$404.50,No Match,No Match
2025-07-22,44,1042330,WIZARD,96,SOUTHERN SANITATION SERVICE,,#85 127,,CHG  SALE,27.4,False,$27.40,$27.44,$-0.04,1042330,Trash
2025-07-22,44,1042341,WIZARD,96,SOUTHERN SANITATION SERVICE,,LS-3 368,,CHG  SALE,168.8,True,$168.80,$168.80,$0.00,1042341,Trash
2025-07-22,44,1042365,WIZARD,96,SOUTHERN SANITATION SERVICE,,#87 144,,CHG  SALE,33.9,False,$33.90,$0.00,$33.90,No Match,No Match
2025-07-22,44,1042385,SANDY,96,SOUTHERN SANITATION SERVICE,,#94 97,,CHG  SALE,75.8,False,$75.80,$0.00,$75.80,No Match,No Match
2025-07-22,44,1042402,SANDY,96,SOUTHERN SANITATION SERVICE,,#93 339,,CHG  SALE,1132.3,True,"$1,132.30","$1,132.30",$0.00,1042402,Food
2025-07-22,44,1042425,WIZARD,96,SOUTHERN SANITATION SERVICE,,#94 123,,CHG  SALE,96.2,False,$96.20,$96.26,$-0.06,1042425,Trash
2025-07-22,44,1042435,SANDY,96,SOUTHERN SANITATION SERVICE,,#85 344,,CHG  SALE,1.4,True,$1.40,$1.40,$0.00,1042435,Trash
2025-07-22,44,1042436,WIZARD,96,SOUTHERN SANITATION SERVICE,,#93 80,,CHG  SALE,617.5,False,$617.50,$617.52,$-0.02,1042436,Trash
2025-07-22,44,1042446,WIZARD,96,SOUTHERN SANITATION SERVICE,,LS-3 171,,CHG  SALE,191.5,False,$191.50,$191.58,$-0.08,1042446,Trash
2025-07-23,44,1042461,WIZARD,96,SOUTHERN SANITATION SERVICE,,#87 370,,CHG  SALE,99.5,False,$99.50,$99.51,$-0.01,1042461,Trash
2025-07-23,44,1042463,WIZARD,96,SOUTHERN SANITATION SERVICE,,#93 120,,CHG  SALE,16.7,False,$16.70,$16.74,$-0.04,1042463,Trash
2025-07-23,44,1042485,WIZARD,96,SOUTHERN SANITATION SERVICE,,#79 305,,CHG  SALE,36.2,False,$36.20,$36.27,$-0.07,1042485,Trash
2025-07-23,44,1042489,ROSIE,96,SOUTHERN SANITATION SERVICE,FLYING J,#93,,CHG  SALE,179.0,False,$179.00,$179.03,$-0.03,1042489,Trash
2025-07-23,44,1042509,WIZARD,96,SOUTHERN SANITATION SERVICE,,#85 346,,CHG  SALE,75.8,True,$75.80,$75.80,$0.00,1042509,Trash
2025-07-23,44,1042538,WIZARD,96,SOUTHERN SANITATION SERVICE,,#94 109,,CHG  SALE,85.5,False,$85.50,$85.56,$-0.06,1042538,Trash
2025-07-23,44,1042572,WIZARD,96,SOUTHERN SANITATION SERVICE,,#87 158,,CHG  SALE,142.7,False,$142.70,$142.76,$-0.06,1042572,Trash
2025-07-23,44,1042575,WIZARD,96,SOUTHERN SANITATION SERVICE,,#93 82,,CHG  SALE,10.2,False,$10.20,$10.23,$-0.03,1042575,Trash
2025-07-23,44,1042595,WIZARD,96,SOUTHERN SANITATION SERVICE,,#85 238,,CHG  SALE,126.4,False,$126.40,$126.48,$-0.08,1042595,Trash
2025-07-23,44,1042596,ROSIE,96,SOUTHERN SANITATION SERVICE,15,#79,,CHG  SALE,202.7,False,$202.70,$202.74,$-0.04,1042596,Trash
2025-07-23,44,1042637,ROSIE,96,SOUTHERN SANITATION SERVICE,RIO BRAVO,LS-3,,CHG  SALE,524.0,False,$524.00,$524.06,$-0.06,1042637,Sludge
2025-07-23,44,1042641,WIZARD,96,SOUTHERN SANITATION SERVICE,,#94 306,,CHG  SALE,156.2,False,$156.20,$156.24,$-0.04,1042641,Trash
2025-07-23,44,1042672,WIZARD,96,SOUTHERN SANITATION SERVICE,,#87 300,,CHG  SALE,99.5,False,$99.50,$99.51,$-0.01,1042672,Trash
2025-07-23,44,1042697,WIZARD,96,SOUTHERN SANITATION SERVICE,,#85 209,,CHG  SALE,86.0,False,$86.00,$86.03,$-0.03,1042697,Trash
2025-07-23,44,1042728,WIZARD,96,SOUTHERN SANITATION SERVICE,,#85 194,,CHG  SALE,87.8,False,$87.80,$87.89,$-0.09,1042728,Trash
2025-07-23,44,1042761,WIZARD,96,SOUTHERN SANITATION SERVICE,,#94 153,,CHG  SALE,32.0,False,$32.00,$32.09,$-0.09,1042761,Trash
2025-07-23,44,1042773,WIZARD,96,SOUTHERN SANITATION SERVICE,,#79 184,,CHG  SALE,69.2,False,$69.20,$69.29,$-0.09,1042773,Trash
2025-07-23,44,1042793,WIZARD,96,SOUTHERN SANITATION SERVICE,,#94 192,,CHG  SALE,88.8,False,$88.80,$88.82,$-0.02,1042793,Trash
2025-07-23,44,1042839,WIZARD,96,SOUTHERN SANITATION SERVICE,,#87 155,,CHG  SALE,94.4,True,$94.40,$94.40,$0.00,1042839,Trash
2025-07-23,44,1042856,WIZARD,96,SOUTHERN SANITATION SERVICE,,LS-3 60,,CHG  SALE,37.2,True,$37.20,$37.20,$0.00,1042856,Trash
2025-07-23,44,1042867,WIZARD,96,SOUTHERN SANITATION SERVICE,,#93 7,,CHG  SALE,41.3,False,$41.30,$41.39,$-0.09,1042867,Trash
2025-07-23,44,1042910,WIZARD,96,SOUTHERN SANITATION SERVICE,,#85 17,,CHG  SALE,89.2,False,$89.20,$89.28,$-0.08,1042910,Trash
2025-07-23,44,1042931,WIZARD,96,SOUTHERN SANITATION SERVICE,,#93 335,,CHG  SALE,111.6,True,$111.60,$111.60,$0.00,1042931,Trash
2025-07-23,44,1042936,WIZARD,96,SOUTHERN SANITATION SERVICE,,#79 355,,CHG  SALE,33.4,False,$33.40,$33.48,$-0.08,1042936,Trash
2025-07-23,44,1042953,WIZARD,96,SOUTHERN SANITATION SERVICE,,#87 360,,CHG  SALE,53.0,False,$53.00,$53.01,$-0.01,1042953,Trash
2025-07-23,44,1042975,ROSIE,96,SOUTHERN SANITATION SERVICE,,#94 107,,CHG  SALE,45.1,False,$45.10,$45.11,$-0.01,1042975,Trash
2025-07-23,44,1043005,WIZARD,96,SOUTHERN SANITATION SERVICE,,#85 308,,CHG  SALE,38.6,True,$38.60,$38.60,$0.00,1043005,Trash
2025-07-23,44,1043009,WIZARD,96,SOUTHERN SANITATION SERVICE,,#93 168,,CHG  SALE,77.1,False,$77.10,$77.19,$-0.09,1043009,Trash
2025-07-24,44,1043030,WIZARD,96,SOUTHERN SANITATION SERVICE,,#87 254,,CHG  SALE,25.1,False,$25.10,$25.11,$-0.01,1043030,Trash
2025-07-24,44,1043047,ROSIE,96,SOUTHERN SANITATION SERVICE,,#85 17,,CHG  SALE,73.9,False,$73.90,$73.94,$-0.04,1043047,Trash
2025-07-24,44,1043068,ROSIE,96,SOUTHERN SANITATION SERVICE,,#79 53,,CHG  SALE,136.7,False,$136.70,$136.71,$-0.01,1043068,Trash
2025-07-24,44,1043100,WIZARD,96,SOUTHERN SANITATION SERVICE,,#93 206,,CHG  SALE,59.0,False,$59.00,$59.06,$-0.06,1043100,Trash
2025-07-24,44,1043153,WIZARD,96,SOUTHERN SANITATION SERVICE,,#87 23,,CHG  SALE,82.3,False,$82.30,$82.31,$-0.01,1043153,Trash
2025-07-24,44,1043171,WIZARD,96,SOUTHERN SANITATION SERVICE,,#85 358,,CHG  SALE,93.9,False,$93.90,$93.93,$-0.03,1043171,Trash
2025-07-24,44,1043187,ROSIE,96,SOUTHERN SANITATION SERVICE,,#79 323,,CHG  SALE,1597.7,False,"$1,597.70","$1,597.77",$-0.07,1043187,Food
2025-07-24,44,1043195,ROSIE,96,SOUTHERN SANITATION SERVICE,,#93,,CHG  SALE,288.3,True,$288.30,$288.30,$0.00,1043195,Trash
2025-07-24,44,1043219,ROSIE,96,SOUTHERN SANITATION SERVICE,,#93 248,,CHG  SALE,647.3,False,$647.30,$647.34,$-0.04,1043219,Food
2025-07-24,44,1043228,WIZARD,96,SOUTHERN SANITATION SERVICE,,#87 25,,CHG  SALE,73.4,False,$73.40,$72.54,$0.86,1043228,Trash
2025-07-24,44,1043238,WIZARD,96,SOUTHERN SANITATION SERVICE,,#93 295,,CHG  SALE,69.2,False,$69.20,$69.29,$-0.09,1043238,Trash
2025-07-24,44,1043285,WIZARD,96,SOUTHERN SANITATION SERVICE,,LS-3 71,,CHG  SALE,74.8,False,$74.80,$0.00,$74.80,No Match,No Match
2025-07-24,44,1043307,WIZARD,96,SOUTHERN SANITATION SERVICE,,#85 160,,CHG  SALE,365.0,False,$365.00,$365.03,$-0.03,1043307,Trash
2025-07-24,44,1043348,WIZARD,96,SOUTHERN SANITATION SERVICE,,#87 140,,CHG  SALE,59.9,False,$59.90,$59.99,$-0.09,1043348,Trash
2025-07-24,44,1043387,WIZARD,96,SOUTHERN SANITATION SERVICE,,#93 277,,CHG  SALE,233.9,True,$233.90,$233.90,$0.00,1043387,Trash
2025-07-24,44,1043401,WIZARD,96,SOUTHERN SANITATION SERVICE,,LS-3 175,,CHG  SALE,336.2,True,$336.20,$336.20,$0.00,1043401,Trash
2025-07-24,44,1043428,WIZARD,96,SOUTHERN SANITATION SERVICE,,#85 156,,CHG  SALE,273.8,False,$273.80,$273.89,$-0.09,1043428,Trash
2025-07-24,44,1043442,WIZARD,96,SOUTHERN SANITATION SERVICE,,#93 177,,CHG  SALE,365.0,False,$365.00,$365.03,$-0.03,1043442,Trash
2025-07-24,44,1043452,WIZARD,96,SOUTHERN SANITATION SERVICE,,#87 139,,CHG  SALE,152.0,False,$152.00,$152.06,$-0.06,1043452,Trash
2025-07-24,44,1043473,WIZARD,96,SOUTHERN SANITATION SERVICE,,LS-3 4,,CHG  SALE,80.4,False,$80.40,$0.00,$80.40,No Match,No Match
2025-07-24,44,1043506,ROSIE,96,SOUTHERN SANITATION SERVICE,LOVES,#79,,CHG  SALE,276.2,False,$276.20,$276.21,$-0.01,1043506,Trash
2025-07-24,44,1043514,WIZARD,96,SOUTHERN SANITATION SERVICE,,#85 35,,CHG  SALE,99.9,False,$99.90,$99.98,$-0.08,1043514,Trash
2025-07-24,44,1043544,WIZARD,96,SOUTHERN SANITATION SERVICE,,#87 247,,CHG  SALE,28.8,False,$28.80,$28.83,$-0.03,1043544,Trash
2025-07-25,44,1043546,WIZARD,96,SOUTHERN SANITATION SERVICE,,#93 174,,CHG  SALE,60.4,False,$60.40,$60.45,$-0.05,1043546,Trash
2025-07-25,44,1043547,WIZARD,96,SOUTHERN SANITATION SERVICE,,#85 123,,CHG  SALE,128.3,False,$128.30,$128.34,$-0.04,1043547,Trash
2025-07-25,44,1043554,SANDY,96,SOUTHERN SANITATION SERVICE,PILOT,LS-3,,CHG  SALE,272.0,False,$272.00,$272.03,$-0.03,1043554,Trash
2025-07-25,44,1043563,WIZARD,96,SOUTHERN SANITATION SERVICE,,#94 120,,CHG  SALE,295.7,False,$295.70,$295.74,$-0.04,1043563,Trash
2025-07-25,44,1043570,WIZARD,96,SOUTHERN SANITATION SERVICE,,#93 143,,CHG  SALE,71.1,False,$71.10,$71.15,$-0.05,1043570,Trash
2025-07-25,44,1043583,WIZARD,96,SOUTHERN SANITATION SERVICE,,#87 91,,CHG  SALE,75.3,False,$75.30,$75.33,$-0.03,1043583,Trash
2025-07-25,44,1043587,WIZARD,96,SOUTHERN SANITATION SERVICE,,#94 329,,CHG  SALE,85.5,False,$85.50,$85.56,$-0.06,1043587,Trash
2025-07-25,44,1043588,WIZARD,96,SOUTHERN SANITATION SERVICE,,#93 83,,CHG  SALE,90.2,False,$90.20,$90.21,$-0.01,1043588,Trash
2025-07-25,44,1043605,WIZARD,96,SOUTHERN SANITATION SERVICE,,#94 337,,CHG  SALE,234.8,False,$234.80,"$10,918.20","$-10,683.40",1043605,Trash
2025-07-25,44,1043666,WIZARD,96,SOUTHERN SANITATION SERVICE,,#93 305,,CHG  SALE,17.2,False,$17.20,$17.21,$-0.01,1043666,Trash
2025-07-25,44,1043670,WIZARD,96,SOUTHERN SANITATION SERVICE,,#94 163,,CHG  SALE,69.7,False,$69.70,$69.75,$-0.05,1043670,Trash
2025-07-25,44,1043671,WIZARD,96,SOUTHERN SANITATION SERVICE,,#85 344,,CHG  SALE,37.6,False,$37.60,$37.67,$-0.07,1043671,Trash
2025-07-25,44,1043688,WIZARD,96,SOUTHERN SANITATION SERVICE,,#87 220,,CHG  SALE,97.6,False,$97.60,$97.65,$-0.05,1043688,Trash
2025-07-25,44,1043714,WIZARD,96,SOUTHERN SANITATION SERVICE,,#79 110,,CHG  SALE,105.5,False,$105.50,$105.56,$-0.06,1043714,Trash
2025-07-25,44,1043743,WIZARD,96,SOUTHERN SANITATION SERVICE,,#93 184,,CHG  SALE,28.8,False,$28.80,$28.83,$-0.03,1043743,Trash
2025-07-25,44,1043768,SANDY,96,SOUTHERN SANITATION SERVICE,DOCTORS,#85,,CHG  SALE,199.9,False,$199.90,$199.95,$-0.05,1043768,Trash
2025-07-25,44,1043785,WIZARD,96,SOUTHERN SANITATION SERVICE,,#94 235,,CHG  SALE,99.5,False,$99.50,$99.51,$-0.01,1043785,Trash
2025-07-25,44,1043809,WIZARD,96,SOUTHERN SANITATION SERVICE,,#87 227,,CHG  SALE,51.6,False,$51.60,$51.62,$-0.02,1043809,Trash
2025-07-25,44,1043845,WIZARD,96,SOUTHERN SANITATION SERVICE,,#94 35,,CHG  SALE,115.7,False,$115.70,$115.79,$-0.09,1043845,Trash
2025-07-25,44,1043891,WIZARD,96,SOUTHERN SANITATION SERVICE,,#87 115,,CHG  SALE,132.9,False,$132.90,$132.99,$-0.09,1043891,Trash
2025-07-25,44,1043907,WIZARD,96,SOUTHERN SANITATION SERVICE,,#93 81,,CHG  SALE,39.5,False,$39.50,$39.53,$-0.03,1043907,Trash
2025-07-25,44,1043948,WIZARD,96,SOUTHERN SANITATION SERVICE,,#94 4,,CHG  SALE,74.4,True,$74.40,$74.40,$0.00,1043948,Trash
2025-07-25,44,1043967,WIZARD,96,SOUTHERN SANITATION SERVICE,,#87 360,,CHG  SALE,35.3,False,$35.30,$35.34,$-0.04,1043967,Trash
2025-07-25,44,1043972,WIZARD,96,SOUTHERN SANITATION SERVICE,,#93 326,,CHG  SALE,58.1,False,$58.10,$58.13,$-0.03,1043972,Trash
2025-07-25,44,1044036,ROSIE,96,SOUTHERN SANITATION SERVICE,HEB,#93,,CHG  SALE,446.4,True,$446.40,$446.40,$0.00,1044036,Trash
2025-07-25,44,1044037,WIZARD,96,SOUTHERN SANITATION SERVICE,,#94 294,,CHG  SALE,31.6,False,$31.60,$31.62,$-0.02,1044037,Trash
2025-07-25,44,1044039,WIZARD,96,SOUTHERN SANITATION SERVICE,,#85 289,,CHG  SALE,114.3,False,$114.30,$114.39,$-0.09,1044039,Trash
2025-07-25,44,1044053,SANDY,96,SOUTHERN SANITATION SERVICE,,#85 289,,CHG  SALE,20.0,False,$20.00,$0.00,$20.00,No Match,No Match
2025-07-25,44,1044057,WIZARD,96,SOUTHERN SANITATION SERVICE,,#87 56,,CHG  SALE,65.1,True,$65.10,$65.10,$0.00,1044057,Trash
2025-07-25,44,1044060,WIZARD,96,SOUTHERN SANITATION SERVICE,,#79 348,,CHG  SALE,81.8,False,$81.80,$81.84,$-0.04,1044060,Trash
2025-07-26,44,1044106,WIZARD,96,SOUTHERN SANITATION SERVICE,,#87 66,,CHG  SALE,22.7,False,$22.70,$22.79,$-0.09,1044106,Trash
2025-07-26,44,1044199,NORMA,96,SOUTHERN SANITATION SERVICE,,#85 127,,CHG  SALE,4.1,False,$4.10,$4.19,$-0.09,1044199,Trash
2025-07-26,44,1044208,WIZARD,96,SOUTHERN SANITATION SERVICE,,#87 249,,CHG  SALE,105.0,False,$105.00,$105.09,$-0.09,1044208,Trash
2025-07-26,44,1044234,WIZARD,96,SOUTHERN SANITATION SERVICE,,#79 353,,CHG  SALE,54.8,False,$54.80,$54.87,$-0.07,1044234,Trash
2025-07-26,44,1044282,WIZARD,96,SOUTHERN SANITATION SERVICE,,#85 251,,CHG  SALE,39.9,False,$39.90,$39.99,$-0.09,1044282,Trash
2025-07-26,44,1044291,WIZARD,96,SOUTHERN SANITATION SERVICE,,#94 24,,CHG  SALE,152.5,False,$152.50,$152.52,$-0.02,1044291,Trash
2025-07-26,44,1044297,WIZARD,96,SOUTHERN SANITATION SERVICE,,#87 328,,CHG  SALE,68.3,False,$68.30,$68.36,$-0.06,1044297,Trash
2025-07-26,44,1044370,WIZARD,96,SOUTHERN SANITATION SERVICE,,LS-3 103,,CHG  SALE,64.1,False,$64.10,$64.17,$-0.07,1044370,Trash
2025-07-26,44,1044412,WIZARD,96,SOUTHERN SANITATION SERVICE,,#94 377,,CHG  SALE,186.0,True,$186.00,$186.00,$0.00,1044412,Trash
2025-07-26,44,1044414,WIZARD,96,SOUTHERN SANITATION SERVICE,,#87 186,,CHG  SALE,38.6,True,$38.60,$38.60,$0.00,1044414,Trash
2025-07-26,44,1044461,WIZARD,96,SOUTHERN SANITATION SERVICE,,#85 345,,CHG  SALE,8.8,False,$8.80,$8.84,$-0.04,1044461,Trash
2025-07-26,44,1044469,NORMA,96,SOUTHERN SANITATION SERVICE,,#79,,CHG  SALE,332.0,False,$332.00,$332.01,$-0.01,1044469,Trash
2025-07-26,44,1044503,WIZARD,96,SOUTHERN SANITATION SERVICE,,#94 3,,CHG  SALE,268.3,False,$268.30,$268.31,$-0.01,1044503,Trash
2025-07-26,44,1044530,WIZARD,96,SOUTHERN SANITATION SERVICE,,LS-3 8,,CHG  SALE,38.1,False,$38.10,$38.13,$-0.03,1044530,Trash
2025-07-26,44,1044596,NORMA,96,SOUTHERN SANITATION SERVICE,,#85,,CHG  SALE,780.7,False,$780.70,$780.74,$-0.04,1044596,Trash
2025-07-26,44,1044597,WIZARD,96,SOUTHERN SANITATION SERVICE,,#94 362,,CHG  SALE,141.3,False,$141.30,$141.36,$-0.06,1044597,Trash
2025-07-26,44,1044651,WIZARD,96,SOUTHERN SANITATION SERVICE,,LS-3 371,,CHG  SALE,148.3,False,$148.30,$148.34,$-0.04,1044651,Trash
2025-07-26,44,1044670,NORMA,96,SOUTHERN SANITATION SERVICE,,#79,,CHG  SALE,0.0,True,$0.00,$0.00,$0.00,1044670,Cardboard
2025-07-28,44,1044711,WIZARD,96,SOUTHERN SANITATION SERVICE,,#94 281,,CHG  SALE,152.5,False,$152.50,$152.52,$-0.02,1044711,Trash
2025-07-28,44,1044732,WIZARD,96,SOUTHERN SANITATION SERVICE,,#94 17,,CHG  SALE,100.4,False,$100.40,$100.44,$-0.04,1044732,Trash
2025-07-28,44,1044744,ROSIE,96,SOUTHERN SANITATION SERVICE,TRAVEL AME,#79,,CHG  SALE,62.3,False,$62.30,$62.31,$-0.01,1044744,Trash
2025-07-28,44,1044746,ROSIE,96,SOUTHERN SANITATION SERVICE,FLYING J,LS-3,,CHG  SALE,540.3,False,$540.30,$540.33,$-0.03,1044746,Trash
2025-07-28,44,1044747,WIZARD,96,SOUTHERN SANITATION SERVICE,,#94 82,,CHG  SALE,49.2,False,$49.20,$49.29,$-0.09,1044747,Trash
2025-07-28,44,1044793,SANDY,96,SOUTHERN SANITATION SERVICE,LOVES,#85,,CHG  SALE,53.0,False,$53.00,$53.01,$-0.01,1044793,Trash
2025-07-28,44,1044844,WIZARD,96,SOUTHERN SANITATION SERVICE,,#94 112,,CHG  SALE,52.0,False,$52.00,$52.08,$-0.08,1044844,Trash
2025-07-28,44,1044847,WIZARD,96,SOUTHERN SANITATION SERVICE,,#79 77,,CHG  SALE,245.0,False,$245.00,$245.06,$-0.06,1044847,Trash
2025-07-28,44,1044959,WIZARD,96,SOUTHERN SANITATION SERVICE,,#94 235,,CHG  SALE,214.8,False,$214.80,$214.83,$-0.03,1044959,Trash
2025-07-28,44,1044967,WIZARD,96,SOUTHERN SANITATION SERVICE,,LS-3 116,,CHG  SALE,78.5,False,$78.50,$78.59,$-0.09,1044967,Trash
2025-07-28,44,1045044,SANDY,96,SOUTHERN SANITATION SERVICE,,#85,,CHG  SALE,81.3,False,$81.30,$81.38,$-0.08,1045044,Trash
2025-07-28,44,1045055,ROSIE,96,SOUTHERN SANITATION SERVICE,,#87 111,,CHG  SALE,131.1,False,$131.10,$0.00,$131.10,No Match,No Match
2025-07-28,44,1045119,SANDY,96,SOUTHERN SANITATION SERVICE,WALMART,#79,,CHG  SALE,218.5,False,$218.50,$218.55,$-0.05,1045119,Trash
2025-07-28,44,1045151,ROSIE,96,SOUTHERN SANITATION SERVICE,,#87 115,,CHG  SALE,19.5,False,$19.50,$19.53,$-0.03,1045151,Trash
2025-07-28,44,1045154,WIZARD,96,SOUTHERN SANITATION SERVICE,,#85 123,,CHG  SALE,33.0,False,$33.00,$33.02,$-0.02,1045154,Trash
2025-07-29,44,1045175,ROSIE,96,SOUTHERN SANITATION SERVICE,,#85 308,,CHG  SALE,135.3,False,$135.30,$135.32,$-0.02,1045175,Trash
2025-07-29,44,1045183,ROSIE,96,SOUTHERN SANITATION SERVICE,,#87 192,,CHG  SALE,1420.2,False,"$1,420.20","$1,420.24",$-0.04,1045183,Food
2025-07-29,44,1045188,WIZARD,96,SOUTHERN SANITATION SERVICE,,#94 112,,CHG  SALE,141.8,False,$141.80,$141.83,$-0.03,1045188,Trash
2025-07-29,44,1045206,WIZARD,96,SOUTHERN SANITATION SERVICE,,#87 343,,CHG  SALE,66.0,False,$66.00,$66.03,$-0.03,1045206,Trash
2025-07-29,44,1045215,WIZARD,96,SOUTHERN SANITATION SERVICE,,#94 215,,CHG  SALE,97.1,False,$97.10,$97.19,$-0.09,1045215,Trash
2025-07-29,44,1045216,ROSIE,96,SOUTHERN SANITATION SERVICE,HEB,#79,,CHG  SALE,385.4,False,$385.40,$385.49,$-0.09,1045216,Trash
2025-07-29,44,1045218,ROSIE,96,SOUTHERN SANITATION SERVICE,,#87,,CHG  SALE,141.3,False,$141.30,$141.36,$-0.06,1045218,Trash
2025-07-29,44,1045237,WIZARD,96,SOUTHERN SANITATION SERVICE,,#94 129,,CHG  SALE,65.5,False,$65.50,$65.57,$-0.07,1045237,Trash
2025-07-29,44,1045258,ROSIE,96,SOUTHERN SANITATION SERVICE,DOCTORS,#85,,CHG  SALE,191.1,False,$191.10,$191.12,$-0.02,1045258,Trash
2025-07-29,44,1045276,WIZARD,96,SOUTHERN SANITATION SERVICE,,LS-3 370,,CHG  SALE,33.0,False,$33.00,$33.02,$-0.02,1045276,Trash
2025-07-29,44,1045322,WIZARD,96,SOUTHERN SANITATION SERVICE,,#87 111,,CHG  SALE,30.2,False,$30.20,$30.23,$-0.03,1045322,Trash
2025-07-29,44,1045344,WIZARD,96,SOUTHERN SANITATION SERVICE,,LS-3 175,,CHG  SALE,98.5,False,$98.50,$98.58,$-0.08,1045344,Trash
2025-07-29,44,1045360,WIZARD,96,SOUTHERN SANITATION SERVICE,,#94 232,,CHG  SALE,357.1,False,$357.10,$357.12,$-0.02,1045360,Trash
2025-07-29,44,1045383,SANDY,96,SOUTHERN SANITATION SERVICE,,#94 232,,CHG  SALE,20.0,False,$20.00,$0.00,$20.00,No Match,No Match
2025-07-29,44,1045390,ROSIE,96,SOUTHERN SANITATION SERVICE,CINEMARK,#79,,CHG  SALE,445.4,False,$445.40,$445.47,$-0.07,1045390,Trash
2025-07-29,44,1045412,WIZARD,96,SOUTHERN SANITATION SERVICE,,#87 34,,CHG  SALE,90.6,False,$90.60,$90.68,$-0.08,1045412,Trash
2025-07-29,44,1045485,WIZARD,96,SOUTHERN SANITATION SERVICE,,LS-3 71,,CHG  SALE,285.9,False,$285.90,$285.98,$-0.08,1045485,Trash
2025-07-29,44,1045521,WIZARD,96,SOUTHERN SANITATION SERVICE,,LS-3 351,,CHG  SALE,115.7,False,$115.70,$115.79,$-0.09,1045521,Trash
2025-07-29,44,1045557,WIZARD,96,SOUTHERN SANITATION SERVICE,,#85 279,,CHG  SALE,149.2,False,$149.20,$149.27,$-0.07,1045557,Trash
2025-07-29,44,1045564,SANDY,96,SOUTHERN SANITATION SERVICE,OUTLETS,LS-3,,CHG  SALE,0.0,True,$0.00,$0.00,$0.00,1045564,Cardboard
2025-07-29,44,1045597,WIZARD,96,SOUTHERN SANITATION SERVICE,,#87 160,,CHG  SALE,181.3,False,$181.30,$181.35,$-0.05,1045597,Trash
2025-07-29,44,1045611,SANDY,96,SOUTHERN SANITATION SERVICE,HEB,#79,,CHG  SALE,404.5,False,$404.50,$404.55,$-0.05,1045611,Trash
2025-07-29,44,1045666,WIZARD,96,SOUTHERN SANITATION SERVICE,,#85 124,,CHG  SALE,46.9,False,$46.90,$51.15,$-4.25,1045666,Trash
2025-07-29,44,1045678,WIZARD,96,SOUTHERN SANITATION SERVICE,,#87 284,,CHG  SALE,124.1,False,$124.10,$124.16,$-0.06,1045678,Trash
2025-07-29,44,1045730,SANDY,96,SOUTHERN SANITATION SERVICE,HEB,#79,,CHG  SALE,318.0,False,$318.00,$318.06,$-0.06,1045730,Trash
2025-07-29,44,1045735,ROSIE,96,SOUTHERN SANITATION SERVICE,,#85 289,,CHG  SALE,8.8,False,$8.80,$0.00,$8.80,No Match,No Match
2025-07-29,44,1045737,WIZARD,96,SOUTHERN SANITATION SERVICE,,#87 305,,CHG  SALE,52.0,False,$52.00,$52.08,$-0.08,1045737,Trash
2025-07-30,44,1045760,WIZARD,96,SOUTHERN SANITATION SERVICE,,LS-3 150,,CHG  SALE,237.1,False,$237.10,$237.15,$-0.05,1045760,Trash
2025-07-30,44,1045761,SANDY,96,SOUTHERN SANITATION SERVICE,,#85 294,,CHG  SALE,5.5,False,$5.50,$5.58,$-0.08,1045761,Trash
2025-07-30,44,1045771,WIZARD,96,SOUTHERN SANITATION SERVICE,,#94 170,,CHG  SALE,54.4,False,$54.40,$54.41,$-0.01,1045771,Trash
2025-07-30,44,1045778,WIZARD,96,SOUTHERN SANITATION SERVICE,,#87 19,,CHG  SALE,18.6,True,$18.60,$18.60,$0.00,1045778,Trash
2025-07-30,44,1045818,WIZARD,96,SOUTHERN SANITATION SERVICE,,#94 225,,CHG  SALE,91.6,False,$91.60,$91.61,$-0.01,1045818,Trash
2025-07-30,44,1045845,WIZARD,96,SOUTHERN SANITATION SERVICE,,#87 175,,CHG  SALE,247.3,False,$247.30,$247.38,$-0.08,1045845,Trash
2025-07-30,44,1045857,WIZARD,96,SOUTHERN SANITATION SERVICE,,LS-3 109,,CHG  SALE,543.1,False,$543.10,$543.12,$-0.02,1045857,Trash
2025-07-30,44,1045861,WIZARD,96,SOUTHERN SANITATION SERVICE,,#85 145,,CHG  SALE,63.7,False,$63.70,$63.71,$-0.01,1045861,Trash
2025-07-30,44,1045903,WIZARD,96,SOUTHERN SANITATION SERVICE,,#79 366,,CHG  SALE,96.7,False,$96.70,$96.72,$-0.02,1045903,Trash
2025-07-30,44,1045954,WIZARD,96,SOUTHERN SANITATION SERVICE,,#94 304,,CHG  SALE,147.8,False,$147.80,$0.00,$147.80,No Match,No Match
2025-07-30,44,1045979,SANDY,96,SOUTHERN SANITATION SERVICE,HEB,#87,,CHG  SALE,418.5,True,$418.50,$418.50,$0.00,1045979,Trash
2025-07-30,44,1045985,WIZARD,96,SOUTHERN SANITATION SERVICE,,LS-3 146,,CHG  SALE,204.6,False,$204.60,$0.00,$204.60,10459858,Trash
2025-07-30,44,1046010,WIZARD,96,SOUTHERN SANITATION SERVICE,,#85 126,,CHG  SALE,143.6,False,$143.60,$143.69,$-0.09,1046010,Trash
2025-07-30,44,1046068,WIZARD,96,SOUTHERN SANITATION SERVICE,,#94 139,,CHG  SALE,29.7,False,$29.70,$29.76,$-0.06,1046068,Trash
2025-07-30,44,1046107,SANDY,96,SOUTHERN SANITATION SERVICE,HEB,#85,,CHG  SALE,491.9,False,$491.90,$491.97,$-0.07,1046107,Trash
2025-07-30,44,1046113,WIZARD,96,SOUTHERN SANITATION SERVICE,,#94 362,,CHG  SALE,322.2,False,$322.20,$322.25,$-0.05,1046113,Trash
2025-07-30,44,1046123,SANDY,96,SOUTHERN SANITATION SERVICE,,#79 297,,CHG  SALE,1247.0,False,"$1,247.00","$1,247.04",$-0.04,1046123,Food
2025-07-30,44,1046157,SANDY,96,SOUTHERN SANITATION SERVICE,WALMART,#87,,CHG  SALE,319.9,False,$319.90,$319.92,$-0.02,1046157,Trash
2025-07-30,44,1046183,WIZARD,96,SOUTHERN SANITATION SERVICE,,#87 52,,CHG  SALE,184.1,False,$184.10,$184.14,$-0.04,1046183,Trash
2025-07-30,44,1046204,WIZARD,96,SOUTHERN SANITATION SERVICE,,#87 194,,CHG  SALE,45.1,False,$45.10,$45.11,$-0.01,1046204,Trash
2025-07-30,44,1046209,WIZARD,96,SOUTHERN SANITATION SERVICE,,LS-3 59,,CHG  SALE,66.5,True,$66.50,$66.50,$0.00,1046209,Trash
2025-07-30,44,1046231,WIZARD,96,SOUTHERN SANITATION SERVICE,,#94 87,,CHG  SALE,66.0,False,$66.00,$66.03,$-0.03,1046231,Trash
2025-07-30,44,1046234,WIZARD,96,SOUTHERN SANITATION SERVICE,,#85 17,,CHG  SALE,27.4,False,$27.40,$27.44,$-0.04,1046234,Trash
2025-07-30,44,1046248,WIZARD,96,SOUTHERN SANITATION SERVICE,,#79 293,,CHG  SALE,60.9,False,$60.90,$60.92,$-0.02,1046248,Trash
2025-07-30,44,1046253,WIZARD,96,SOUTHERN SANITATION SERVICE,,#87 31,,CHG  SALE,158.1,True,$158.10,$158.10,$0.00,1046253,Trash
2025-07-30,44,1046271,WIZARD,96,SOUTHERN SANITATION SERVICE,,#87 115,,CHG  SALE,179.9,False,$179.90,$0.00,$179.90,No Match,No Match
2025-07-31,44,1046286,WIZARD,96,SOUTHERN SANITATION SERVICE,,#93 143,,CHG  SALE,136.7,False,$136.70,$136.71,$-0.01,1046286,Trash
2025-07-31,44,1046300,ROSIE,96,SOUTHERN SANITATION SERVICE,,#85 123,,CHG  SALE,80.4,False,$80.40,$80.45,$-0.05,1046300,Trash
2025-07-31,44,1046318,WIZARD,96,SOUTHERN SANITATION SERVICE,,#79 32,,CHG  SALE,137.6,False,$137.60,$137.64,$-0.04,1046318,Trash
2025-07-31,44,1046320,WIZARD,96,SOUTHERN SANITATION SERVICE,,#87 125,,CHG  SALE,52.0,False,$52.00,$52.08,$-0.08,1046320,Trash
2025-07-31,44,1046393,ROSIE,96,SOUTHERN SANITATION SERVICE,HEB,#85,,CHG  SALE,459.8,False,$459.80,$459.89,$-0.09,1046393,Trash
2025-07-31,44,1046401,WIZARD,96,SOUTHERN SANITATION SERVICE,,#87 122,,CHG  SALE,141.3,False,$141.30,$141.36,$-0.06,1046401,Trash
2025-07-31,44,1046412,ROSIE,96,SOUTHERN SANITATION SERVICE,HEB,LS-3,,CHG  SALE,591.9,False,$591.90,$591.95,$-0.05,1046412,Trash
2025-07-31,44,1046425,WIZARD,96,SOUTHERN SANITATION SERVICE,,#79 330,,CHG  SALE,98.5,False,$98.50,$98.58,$-0.08,1046425,Trash
2025-07-31,44,1046442,ROSIE,96,SOUTHERN SANITATION SERVICE,,#93 329,,CHG  SALE,59.5,False,$59.50,$59.52,$-0.02,1046442,Trash
2025-07-31,44,1046455,WIZARD,96,SOUTHERN SANITATION SERVICE,,#94 371,,CHG  SALE,56.2,False,$56.20,$56.27,$-0.07,1046455,Trash
2025-07-31,44,1046468,WIZARD,96,SOUTHERN SANITATION SERVICE,,#94 326,,CHG  SALE,112.5,False,$112.50,$112.53,$-0.03,1046468,Trash
2025-07-31,44,1046487,WIZARD,96,SOUTHERN SANITATION SERVICE,,#87 371,,CHG  SALE,202.2,False,$202.20,$202.28,$-0.08,1046487,Trash
2025-07-31,44,1046512,ROSIE,96,SOUTHERN SANITATION SERVICE,,LS-3 93,,CHG  SALE,7.4,False,$7.40,$7.44,$-0.04,1046512,Trash
2025-07-31,44,1046539,WIZARD,96,SOUTHERN SANITATION SERVICE,,#85 35,,CHG  SALE,130.2,True,$130.20,$130.20,$0.00,1046539,Trash
2025-07-31,44,1046551,WIZARD,96,SOUTHERN SANITATION SERVICE,,LS-3 153,,CHG  SALE,153.9,False,$153.90,$0.00,$153.90,No Match,No Match
2025-07-31,44,1046568,WIZARD,96,SOUTHERN SANITATION SERVICE,,#93 9,,CHG  SALE,329.6,False,$329.60,$329.69,$-0.09,1046568,Trash
2025-07-31,44,1046574,WIZARD,96,SOUTHERN SANITATION SERVICE,,#87 212,,CHG  SALE,17.6,False,$17.60,$17.67,$-0.07,1046574,Trash
2025-07-31,44,1046632,WIZARD,96,SOUTHERN SANITATION SERVICE,,#85 153,,CHG  SALE,178.1,True,$178.10,$178.10,$0.00,1046632,Trash
2025-07-31,44,1046642,SANDY,96,SOUTHERN SANITATION SERVICE,LOWES,#79,,CHG  SALE,283.6,False,$283.60,$283.65,$-0.05,1046642,Trash
2025-07-31,44,1046653,WIZARD,96,SOUTHERN SANITATION SERVICE,,LS-3 106,,CHG  SALE,169.7,False,$169.70,$169.73,$-0.03,1046653,Trash
2025-07-31,44,1046668,WIZARD,96,SOUTHERN SANITATION SERVICE,,#94 144,,CHG  SALE,68.3,False,$68.30,$68.36,$-0.06,1046668,Trash
2025-07-31,44,1046683,WIZARD,96,SOUTHERN SANITATION SERVICE,,#87 220,,CHG  SALE,44.6,False,$44.60,$44.64,$-0.04,1046683,Trash
2025-07-31,44,1046715,SANDY,96,SOUTHERN SANITATION SERVICE,,LS-3 241,,CHG  SALE,66.0,False,$66.00,$66.03,$-0.03,1046715,Trash
2025-07-31,44,1046726,SANDY,96,SOUTHERN SANITATION SERVICE,,#93 145,,CHG  SALE,226.4,False,$226.40,$226.46,$-0.06,1046726,Trash
2025-07-31,44,1046739,WIZARD,96,SOUTHERN SANITATION SERVICE,,#87 17,,CHG  SALE,32.5,False,$32.50,$32.55,$-0.05,1046739,Trash
2025-07-31,44,1046748,WIZARD,96,SOUTHERN SANITATION SERVICE,,#79 12,,CHG  SALE,174.8,False,$174.80,$174.84,$-0.04,1046748,Trash
2025-07-31,44,1046762,WIZARD,96,SOUTHERN SANITATION SERVICE,,#85 378,,CHG  SALE,73.9,False,$73.90,$73.94,$-0.04,1046762,Trash
2025-07-31,44,1046781,WIZARD,96,SOUTHERN SANITATION SERVICE,,#94 206,,CHG  SALE,43.2,False,$43.20,$43.25,$-0.05,1046781,Trash
2025-07-01,44,1032053,ROSIE,98,S.S.S. MINI ROLL-OFF,,#82 081,,CHG  SALE,41.8,False,$41.80,$41.85,$-0.05,1032053,Trash
2025-07-01,44,1032108,ROSIE,98,S.S.S. MINI ROLL-OFF,,#82 065,,CHG  SALE,668.9,False,$668.90,$0.00,$668.90,No Match,No Match
2025-07-01,44,1032158,ROSIE,98,S.S.S. MINI ROLL-OFF,,LS-4 032,,CHG  SALE,88.8,False,$88.80,$88.82,$-0.02,1032158,Trash
2025-07-02,44,1032366,ROSIE,98,S.S.S. MINI ROLL-OFF,,LS-4 020,,CHG  SALE,58.1,False,$58.10,$12.50,$45.60,1032366,Tires
2025-07-02,44,1032380,ROSIE,98,S.S.S. MINI ROLL-OFF,,LS-4 036,,CHG  SALE,287.3,False,$287.30,$287.37,$-0.07,1032380,Trash
2025-07-02,44,1032515,SANDY,98,S.S.S. MINI ROLL-OFF,,LS-4 060,,CHG  SALE,30.2,False,$30.20,$30.23,$-0.03,1032515,Trash
2025-07-03,44,1032650,SANDY,98,S.S.S. MINI ROLL-OFF,,LS-4 089,,CHG  SALE,124.1,False,$124.10,$124.16,$-0.06,1032650,Trash
2025-07-04,44,1033075,WIZARD,98,S.S.S. MINI ROLL-OFF,,#82 035,,CHG  SALE,167.4,True,$167.40,$167.40,$0.00,1033075,Trash
2025-07-05,44,1033393,SANDY,98,S.S.S. MINI ROLL-OFF,,LS-4 073,,CHG  SALE,123.2,False,$123.20,$123.23,$-0.03,1033393,Trash
2025-07-05,44,1033534,SANDY,98,S.S.S. MINI ROLL-OFF,,#79 039,,CHG  SALE,35.3,False,$35.30,$35.34,$-0.04,1033534,Trash
2025-07-07,44,1033771,SANDY,98,S.S.S. MINI ROLL-OFF,,LS-4 081,,CHG  SALE,694.9,False,$694.90,$694.97,$-0.07,1033771,Food
2025-07-08,44,1034627,ROSIE,98,S.S.S. MINI ROLL-OFF,,#93 071,,CHG  SALE,35.3,False,$35.30,$35.34,$-0.04,1034627,Trash
2025-07-09,44,1035232,SANDY,98,S.S.S. MINI ROLL-OFF,,LS-4 035,,CHG  SALE,64.1,False,$64.10,$64.17,$-0.07,1035232,Trash
2025-07-09,44,1035640,ROSIE,98,S.S.S. MINI ROLL-OFF,,LS-4 015,,CHG  SALE,57.2,True,$57.20,$57.20,$0.00,1035640,Trash
2025-07-10,44,1035817,ROSIE,98,S.S.S. MINI ROLL-OFF,,LS-4 089,,CHG  SALE,148.8,True,$148.80,$148.80,$0.00,1035817,Trash
2025-07-10,44,1036071,SANDY,98,S.S.S. MINI ROLL-OFF,,LS-4 000,,CHG  SALE,34.4,False,$34.40,$34.41,$-0.01,1036071,Trash
2025-07-11,44,1036500,SANDY,98,S.S.S. MINI ROLL-OFF,,#94 022,,CHG  SALE,112.5,False,$112.50,$112.53,$-0.03,1036500,Trash
2025-07-11,44,1036780,ROSIE,98,S.S.S. MINI ROLL-OFF,,#94 033,,CHG  SALE,40.9,False,$40.90,$40.92,$-0.02,1036780,Trash
2025-07-12,44,1036866,ROSIE,98,S.S.S. MINI ROLL-OFF,,#82 069,,CHG  SALE,33.4,False,$33.40,$33.48,$-0.08,1036866,Trash
2025-07-12,44,1036959,ROSIE,98,S.S.S. MINI ROLL-OFF,,#82 073,,CHG  SALE,863.8,False,$863.80,$863.84,$-0.04,1036959,Food
2025-07-12,44,1037066,ROSIE,98,S.S.S. MINI ROLL-OFF,,#82 067,,CHG  SALE,12.0,False,$12.00,$12.09,$-0.09,1037066,Trash
2025-07-15,44,1038171,SANDY,98,S.S.S. MINI ROLL-OFF,,LS-3 069,,CHG  SALE,305.2,False,$305.20,$305.27,$-0.07,1038171,Food
2025-07-15,44,1038248,SANDY,98,S.S.S. MINI ROLL-OFF,,LS-3 015,,CHG  SALE,42.3,False,$42.30,$42.32,$-0.02,1038248,Trash
2025-07-15,44,1038350,SANDY,98,S.S.S. MINI ROLL-OFF,,LS-3 075,,CHG  SALE,86.9,False,$86.90,$86.96,$-0.06,1038350,Trash
2025-07-15,44,1038394,SANDY,98,S.S.S. MINI ROLL-OFF,,LS-3 073,,CHG  SALE,33.9,False,$33.90,$33.95,$-0.05,1038394,Trash
2025-07-15,44,1038537,ROSIE,98,S.S.S. MINI ROLL-OFF,,LS-3 020,,CHG  SALE,249.7,False,$249.70,$249.71,$-0.01,1038537,Trash
2025-07-16,44,1038773,NORMA,98,S.S.S. MINI ROLL-OFF,,LS-3 081,,CHG  SALE,23.2,False,$23.20,$23.25,$-0.05,1038773,Trash
2025-07-16,44,1038799,NORMA,98,S.S.S. MINI ROLL-OFF,,LS-3 069,,CHG  SALE,50.6,False,$50.60,$50.69,$-0.09,1038799,Trash
2025-07-16,44,1039142,NORMA,98,S.S.S. MINI ROLL-OFF,,LS-3 048,,CHG  SALE,49.2,False,$49.20,$49.29,$-0.09,1039142,Trash
2025-07-17,44,1039602,SANDY,98,S.S.S. MINI ROLL-OFF,,LS-3 067,,CHG  SALE,26.0,False,$26.00,$26.04,$-0.04,1039602,Trash
2025-07-17,44,1039772,WIZARD,98,S.S.S. MINI ROLL-OFF,,#82 071,,CHG  SALE,32.5,False,$32.50,$32.55,$-0.05,1039772,Trash
2025-07-17,44,1039921,WIZARD,98,S.S.S. MINI ROLL-OFF,,#82 000,,CHG  SALE,29.7,False,$29.70,$29.76,$-0.06,1039921,Trash
2025-07-18,44,1039975,ROSIE,98,S.S.S. MINI ROLL-OFF,,#82 058,,CHG  SALE,45.1,False,$45.10,$45.11,$-0.01,1039975,Trash
2025-07-18,44,1040363,SANDY,98,S.S.S. MINI ROLL-OFF,,LS-3 042,,CHG  SALE,41.3,False,$41.30,$41.39,$-0.09,1040363,Trash
2025-07-18,44,1040472,SANDY,98,S.S.S. MINI ROLL-OFF,,LS-3 073,,CHG  SALE,30.6,False,$30.60,$30.69,$-0.09,1040472,Trash
2025-07-19,44,1040637,SANDY,98,S.S.S. MINI ROLL-OFF,,LS-3 069,,CHG  SALE,23.2,False,$23.20,$0.00,$23.20,No Match,No Match
2025-07-19,44,1040944,SANDY,98,S.S.S. MINI ROLL-OFF,,#79 091,,CHG  SALE,90.2,False,$90.20,$90.21,$-0.01,1040944,Trash
2025-07-21,44,1041761,ROSIE,98,S.S.S. MINI ROLL-OFF,,#79 015,,CHG  SALE,45.5,False,$45.50,$45.57,$-0.07,1041761,Trash
2025-07-21,44,1041807,SANDY,98,S.S.S. MINI ROLL-OFF,,#94 073,,CHG  SALE,31.6,False,$31.60,$31.62,$-0.02,1041807,Trash
2025-07-22,44,1041907,SANDY,98,S.S.S. MINI ROLL-OFF,,LS-3 035,,CHG  SALE,1262.2,True,"$1,262.20","$1,262.20",$0.00,1041907,Food
2025-07-23,44,1042471,ROSIE,98,S.S.S. MINI ROLL-OFF,,LS-3 066,,CHG  SALE,23.7,False,$23.70,$23.72,$-0.02,1042471,Trash
2025-07-23,44,1042994,ROSIE,98,S.S.S. MINI ROLL-OFF,,LS-3 060,,CHG  SALE,42.7,False,$42.70,$42.78,$-0.08,1042994,Trash
2025-07-24,44,1043539,ROSIE,98,S.S.S. MINI ROLL-OFF,,LS-3 085,,CHG  SALE,38.1,False,$38.10,$38.13,$-0.03,1043539,Trash
2025-07-25,44,1043691,SANDY,98,S.S.S. MINI ROLL-OFF,,LS-3 026,,CHG  SALE,42.3,False,$42.30,$0.00,$42.30,No Match,No Match
2025-07-25,44,1043850,SANDY,98,S.S.S. MINI ROLL-OFF,,LS-3 035,,CHG  SALE,4.6,False,$4.60,$4.65,$-0.05,1043850,Trash
2025-07-25,44,1043861,SANDY,98,S.S.S. MINI ROLL-OFF,,#79 020,,CHG  SALE,113.0,True,$113.00,$113.00,$0.00,1043861,Trash
2025-07-26,44,1044082,WIZARD,98,S.S.S. MINI ROLL-OFF,,#82 085,,CHG  SALE,13.4,False,$13.40,$13.49,$-0.09,1044082,Trash
2025-07-26,44,1044131,WIZARD,98,S.S.S. MINI ROLL-OFF,,#82 071,,CHG  SALE,200.4,False,$200.40,$200.42,$-0.02,1044131,Trash
2025-07-26,44,1044168,WIZARD,98,S.S.S. MINI ROLL-OFF,,#82 089,,CHG  SALE,39.9,False,$39.90,$0.00,$39.90,No Match,No Match
2025-07-28,44,1045070,ROSIE,98,S.S.S. MINI ROLL-OFF,,LS-3 081,,CHG  SALE,1138.7,False,"$1,138.70","$1,138.79",$-0.09,1045070,Food
2025-07-28,44,1045085,SANDY,98,S.S.S. MINI ROLL-OFF,,#94 047,,CHG  SALE,41.8,False,$41.80,$41.85,$-0.05,1045085,Trash
2025-07-28,44,1045144,ROSIE,98,S.S.S. MINI ROLL-OFF,,LS-3 079,,CHG  SALE,60.4,False,$60.40,$60.45,$-0.05,1045144,Trash
2025-07-29,44,1045168,WIZARD,98,S.S.S. MINI ROLL-OFF,,#82 089,,CHG  SALE,9.7,False,$9.70,$9.77,$-0.07,1045168,Trash
2025-07-29,44,1045347,WIZARD,98,S.S.S. MINI ROLL-OFF,,#82 073,,CHG  SALE,229.2,False,$229.20,$229.25,$-0.05,1045347,Trash
2025-07-29,44,1045495,WIZARD,98,S.S.S. MINI ROLL-OFF,,#82 065,,CHG  SALE,76.7,False,$76.70,$76.73,$-0.03,1045495,Trash
2025-07-29,44,1045589,WIZARD,98,S.S.S. MINI ROLL-OFF,,#82 089,,CHG  SALE,203.2,False,$203.20,$203.21,$-0.01,1045589,Trash
2025-07-29,44,1045679,WIZARD,98,S.S.S. MINI ROLL-OFF,,#82 030,,CHG  SALE,276.6,False,$276.60,$0.00,$276.60,No Match,No Match
2025-07-30,44,1045807,SANDY,98,S.S.S. MINI ROLL-OFF,,#82 039,,CHG  SALE,56.2,False,$56.20,$56.27,$-0.07,1045807,Trash
2025-07-30,44,1045876,WIZARD,98,S.S.S. MINI ROLL-OFF,,#82 065,,CHG  SALE,214.3,False,$214.30,$214.37,$-0.07,1045876,Trash
2025-07-30,44,1045961,WIZARD,98,S.S.S. MINI ROLL-OFF,,#82 020,,CHG  SALE,12.0,False,$12.00,$12.09,$-0.09,1045961,Trash
2025-07-30,44,1046108,WIZARD,98,S.S.S. MINI ROLL-OFF,,#82 015,,CHG  SALE,16.2,False,$16.20,$16.28,$-0.08,1046108,Trash
2025-07-31,44,1046350,WIZARD,98,S.S.S. MINI ROLL-OFF,,#82 025,,CHG  SALE,112.5,False,$112.50,$112.53,$-0.03,1046350,Trash
2025-07-31,44,1046605,SANDY,98,S.S.S. MINI ROLL-OFF,,#82 065,,CHG  SALE,15.3,False,$15.30,$15.35,$-0.05,1046605,Trash
