DateIn,Site,Ticket,Operator,CustNum,Customer,Reference,Vehicle,Rolloff,TransType,Amount,Match,Landfill_Amount,Trux_Amount,Difference
2025-06-02,44,1017855,WIZARD,96,SOUTHERN SANITATION SERVICE,,#94 74,,CHG  SALE,157.1,False,$157.10,$157.17,$-0.07
2025-06-02,44,1017863,WIZARD,96,SOUTHERN SANITATION SERVICE,,#87 146,,CHG  SALE,42.3,False,$42.30,$42.32,$-0.02
2025-06-02,44,1017864,AKEMY,96,SOUTHERN SANITATION SERVICE,WALTMART,#79,,CHG  SALE,411.0,False,$411.00,$411.06,$-0.06
2025-06-02,44,1017890,AKEMY,96,SOUTHERN SANITATION SERVICE,LOVES,#93,,CHG  SALE,343.6,False,$343.60,$343.64,$-0.04
2025-06-02,44,1017896,WIZARD,96,SOUTHERN SANITATION SERVICE,,#94 137,,CHG  SALE,41.3,False,$41.30,$41.39,$-0.09
2025-06-02,44,1017968,AKEMY,96,SOUTHERN SANITATION SERVICE,,#85,,CHG  SALE,140.9,True,$140.90,$140.90,$0.00
2025-06-02,44,1017975,WIZARD,96,SOUTHERN SANITATION SERVICE,,#87 329,,CHG  SALE,46.9,False,$46.90,$46.97,$-0.07
2025-06-02,44,1018076,AKEMY,96,SOUTHERN SANITATION SERVICE,LOWES,#94,,CHG  SALE,147.4,False,$147.40,$147.41,$-0.01
2025-06-02,44,1018104,ROSIE,96,SOUTHERN SANITATION SERVICE,,#85 144,,CHG  SALE,0.4,False,$0.40,$0.47,$-0.07
2025-06-02,44,1018113,WIZARD,96,SOUTHERN SANITATION SERVICE,,#87 70,,CHG  SALE,149.7,False,$149.70,$149.73,$-0.03
2025-06-02,44,1018140,ROSIE,96,SOUTHERN SANITATION SERVICE,LOVE'S,#93,,CHG  SALE,302.7,False,$302.70,$302.72,$-0.02
2025-06-02,44,1018190,ROSIE,96,SOUTHERN SANITATION SERVICE,,LS-4,,CHG  SALE,136.7,False,$136.70,$136.71,$-0.01
2025-06-02,44,1018237,WIZARD,98,S.S.S. MINI ROLL-OFF,,#82 053,,CHG  SALE,24.1,False,$24.10,$24.18,$-0.08
2025-06-02,44,1018247,WIZARD,96,SOUTHERN SANITATION SERVICE,,#85 369,,CHG  SALE,30.6,False,$30.60,$30.69,$-0.09
2025-06-02,44,1018254,WIZARD,96,SOUTHERN SANITATION SERVICE,,#87 285,,CHG  SALE,269.7,False,$269.70,$149.73,$119.97
2025-06-02,44,1018377,AKEMY,98,S.S.S. MINI ROLL-OFF,,#82 065,,CHG  SALE,240.3,False,$240.30,$240.32,$-0.02
2025-06-02,44,1018390,WIZARD,96,SOUTHERN SANITATION SERVICE,,#87 72,,CHG  SALE,46.9,False,$46.90,$269.70,$-222.80
2025-06-02,44,1018412,WIZARD,96,SOUTHERN SANITATION SERVICE,,#85 123,,CHG  SALE,69.7,False,$69.70,$69.75,$-0.05
2025-06-02,44,1018415,WIZARD,98,S.S.S. MINI ROLL-OFF,,#82 033,,CHG  SALE,30.6,False,$30.60,$0.00,$30.60
2025-06-02,44,1018465,WIZARD,96,SOUTHERN SANITATION SERVICE,,#93 284,,CHG  SALE,71.6,False,$71.60,$71.61,$-0.01
2025-06-02,44,1018493,WIZARD,96,SOUTHERN SANITATION SERVICE,,#93 188,,CHG  SALE,12.0,False,$12.00,$0.00,$12.00
2025-06-02,44,1018505,AKEMY,96,SOUTHERN SANITATION SERVICE,,#85 348,,CHG  SALE,133.4,False,$133.40,$133.46,$-0.06
2025-06-03,44,1018513,WIZARD,96,SOUTHERN SANITATION SERVICE,,#87 105,,CHG  SALE,160.8,False,$160.80,$160.89,$-0.09
2025-06-03,44,1018519,WIZARD,98,S.S.S. MINI ROLL-OFF,,#82 075,,CHG  SALE,8.3,False,$8.30,$8.37,$-0.07
2025-06-03,44,1018524,ROSIE,96,SOUTHERN SANITATION SERVICE,,#94 190,,CHG  SALE,122.3,True,$122.30,$122.30,$0.00
2025-06-03,44,1018533,SANDY,96,SOUTHERN SANITATION SERVICE,,#85 256,,CHG  SALE,66.9,False,$66.90,$66.96,$-0.06
2025-06-03,44,1018536,SANDY,96,SOUTHERN SANITATION SERVICE,PILOT,#93,,CHG  SALE,496.1,False,$496.10,$496.16,$-0.06
2025-06-03,44,1018617,WIZARD,96,SOUTHERN SANITATION SERVICE,,#94 171,,CHG  SALE,130.2,True,$130.20,$130.20,$0.00
2025-06-03,44,1018622,WIZARD,96,SOUTHERN SANITATION SERVICE,,#87 125,,CHG  SALE,202.7,False,$202.70,$202.74,$-0.04
2025-06-03,44,1018655,WIZARD,96,SOUTHERN SANITATION SERVICE,,#85 120,,CHG  SALE,11.1,False,$11.10,$11.16,$-0.06
2025-06-03,44,1018723,WIZARD,96,SOUTHERN SANITATION SERVICE,,#94 79,,CHG  SALE,68.3,False,$68.30,$68.36,$-0.06
2025-06-03,44,1018749,WIZARD,96,SOUTHERN SANITATION SERVICE,,#93 296,,CHG  SALE,33.0,False,$33.00,$33.02,$-0.02
2025-06-03,44,1018753,WIZARD,96,SOUTHERN SANITATION SERVICE,,#87 247,,CHG  SALE,220.8,False,$220.80,$220.88,$-0.08
2025-06-03,44,1018762,WIZARD,96,SOUTHERN SANITATION SERVICE,,#93 260,,CHG  SALE,30.2,False,$30.20,$30.23,$-0.03
2025-06-03,44,1018776,WIZARD,96,SOUTHERN SANITATION SERVICE,,#85 379,,CHG  SALE,159.0,False,$159.00,$154.38,$4.62
2025-06-03,44,1018881,WIZARD,96,SOUTHERN SANITATION SERVICE,,#94 325,,CHG  SALE,17.6,False,$17.60,$17.67,$-0.07
2025-06-03,44,1018890,ROSIE,96,SOUTHERN SANITATION SERVICE,HEB,LS-3,,CHG  SALE,346.8,False,$346.80,$346.89,$-0.09
2025-06-03,44,1018952,SANDY,96,SOUTHERN SANITATION SERVICE,,#85,,CHG  SALE,190.6,False,$190.60,$190.65,$-0.05
2025-06-03,44,1018958,WIZARD,96,SOUTHERN SANITATION SERVICE,,#87 147,,CHG  SALE,42.7,False,$42.70,$42.78,$-0.08
2025-06-03,44,1018961,WIZARD,96,SOUTHERN SANITATION SERVICE,,LS-4 366,,CHG  SALE,75.8,True,$75.80,$75.80,$0.00
2025-06-03,44,1018966,WIZARD,96,SOUTHERN SANITATION SERVICE,,#93 158,,CHG  SALE,180.8,False,$180.80,$180.89,$-0.09
2025-06-03,44,1019056,WIZARD,96,SOUTHERN SANITATION SERVICE,,#87 153,,CHG  SALE,65.1,True,$65.10,$65.10,$0.00
2025-06-03,44,1019071,ROSIE,96,SOUTHERN SANITATION SERVICE,KHOL'S,LS-3,,CHG  SALE,0.0,True,$0.00,$0.00,$0.00
2025-06-03,44,1019081,ROSIE,96,SOUTHERN SANITATION SERVICE,HEB,#93,,CHG  SALE,412.4,False,$412.40,$412.46,$-0.06
2025-06-03,44,1019110,WIZARD,96,SOUTHERN SANITATION SERVICE,,#93 272,,CHG  SALE,45.5,False,$45.50,$45.57,$-0.07
2025-06-03,44,1019117,ROSIE,96,SOUTHERN SANITATION SERVICE,WALMART,#85,,CHG  SALE,609.1,False,$609.10,$609.15,$-0.05
2025-06-03,44,1019127,ROSIE,98,S.S.S. MINI ROLL-OFF,,LS-3 066,,CHG  SALE,214.8,False,$214.80,$214.83,$-0.03
2025-06-03,44,1019131,SANDY,96,SOUTHERN SANITATION SERVICE,,#94 203,,CHG  SALE,12.0,False,$12.00,$12.09,$-0.09
2025-06-03,44,1019137,SANDY,96,SOUTHERN SANITATION SERVICE,,LS-4 156,,CHG  SALE,94.4,True,$94.40,$94.40,$0.00
2025-06-04,44,1019151,SANDY,98,S.S.S. MINI ROLL-OFF,,LS-3 033,,CHG  SALE,8.8,False,$8.80,$8.84,$-0.04
2025-06-04,44,1019182,WIZARD,96,SOUTHERN SANITATION SERVICE,,#93 211,,CHG  SALE,25.1,False,$25.10,$25.11,$-0.01
2025-06-04,44,1019188,WIZARD,96,SOUTHERN SANITATION SERVICE,,#85 360,,CHG  SALE,53.4,False,$53.40,$53.48,$-0.08
2025-06-04,44,1019192,WIZARD,96,SOUTHERN SANITATION SERVICE,,#87 194,,CHG  SALE,48.3,False,$48.30,$48.36,$-0.06
2025-06-04,44,1019209,WIZARD,96,SOUTHERN SANITATION SERVICE,,#87 367,,CHG  SALE,100.9,False,$100.90,$100.91,$-0.01
2025-06-04,44,1019229,WIZARD,96,SOUTHERN SANITATION SERVICE,,#94 226,,CHG  SALE,86.0,False,$86.00,$86.03,$-0.03
2025-06-04,44,1019245,SANDY,96,SOUTHERN SANITATION SERVICE,,LS-4,,CHG  SALE,44.1,False,$44.10,$44.18,$-0.08
2025-06-04,44,1019263,SANDY,96,SOUTHERN SANITATION SERVICE,,#94 9,,CHG  SALE,159.5,True,$159.50,$159.50,$0.00
2025-06-04,44,1019274,WIZARD,96,SOUTHERN SANITATION SERVICE,,#93 164,,CHG  SALE,30.2,False,$30.20,$30.23,$-0.03
2025-06-04,44,1019299,AKEMY,98,S.S.S. MINI ROLL-OFF,,LS-3 053,,CHG  SALE,318.2,False,$318.20,$318.26,$-0.06
2025-06-04,44,1019317,WIZARD,96,SOUTHERN SANITATION SERVICE,,#94 159,,CHG  SALE,95.3,False,$95.30,$95.33,$-0.03
2025-06-04,44,1019329,WIZARD,96,SOUTHERN SANITATION SERVICE,,#85 84,,CHG  SALE,104.6,False,$104.60,$104.63,$-0.03
2025-06-04,44,1019358,WIZARD,96,SOUTHERN SANITATION SERVICE,,#87 270,,CHG  SALE,62.3,False,$62.30,$62.31,$-0.01
2025-06-04,44,1019362,WIZARD,96,SOUTHERN SANITATION SERVICE,,#93 188,,CHG  SALE,24.6,False,$24.60,$24.65,$-0.05
2025-06-04,44,1019374,WIZARD,96,SOUTHERN SANITATION SERVICE,,#94 310,,CHG  SALE,106.4,False,$106.40,$106.49,$-0.09
2025-06-04,44,1019383,WIZARD,96,SOUTHERN SANITATION SERVICE,,LS-4 252,,CHG  SALE,71.1,False,$71.10,$71.15,$-0.05
2025-06-04,44,1019476,WIZARD,96,SOUTHERN SANITATION SERVICE,,#85 116,,CHG  SALE,40.4,False,$40.40,$40.46,$-0.06
2025-06-04,44,1019506,AKEMY,98,S.S.S. MINI ROLL-OFF,,LS-3 020,,CHG  SALE,46.5,True,$46.50,$46.50,$0.00
2025-06-04,44,1019528,WIZARD,96,SOUTHERN SANITATION SERVICE,,#87 60,,CHG  SALE,97.1,False,$97.10,$97.19,$-0.09
2025-06-04,44,1019550,AKEMY,96,SOUTHERN SANITATION SERVICE,,#93 371,,CHG  SALE,1485.1,False,"$1,485.10","$1,485.19",$-0.09
2025-06-04,44,1019597,SANDY,96,SOUTHERN SANITATION SERVICE,,#93 306,,CHG  SALE,41.3,False,$41.30,$20.00,$21.30
2025-06-04,44,1019597,SANDY,96,SOUTHERN SANITATION SERVICE,,#93 306,,CHG  SALE,20.0,True,$20.00,$20.00,$0.00
2025-06-04,44,1019620,WIZARD,96,SOUTHERN SANITATION SERVICE,,#94 54,,CHG  SALE,84.6,False,$84.60,$84.63,$-0.03
2025-06-04,44,1019626,WIZARD,96,SOUTHERN SANITATION SERVICE,,#93 346,,CHG  SALE,212.5,False,$212.50,$212.51,$-0.01
2025-06-04,44,1019635,WIZARD,96,SOUTHERN SANITATION SERVICE,,#87 138,,CHG  SALE,77.1,False,$77.10,$77.19,$-0.09
2025-06-04,44,1019645,WIZARD,96,SOUTHERN SANITATION SERVICE,,LS-4 141,,CHG  SALE,50.2,False,$50.20,$50.22,$-0.02
2025-06-04,44,1019674,WIZARD,96,SOUTHERN SANITATION SERVICE,,#85 166,,CHG  SALE,73.4,False,$73.40,$73.47,$-0.07
2025-06-04,44,1019713,AKEMY,96,SOUTHERN SANITATION SERVICE,,LS-3 107,,CHG  SALE,3.7,False,$3.70,$0.80,$2.90
2025-06-04,44,1019726,WIZARD,96,SOUTHERN SANITATION SERVICE,,#93 303,,CHG  SALE,66.5,True,$66.50,$66.50,$0.00
2025-06-05,44,1019749,ROSIE,96,SOUTHERN SANITATION SERVICE,,#85 74,,CHG  SALE,53.0,False,$53.00,$53.01,$-0.01
2025-06-05,44,1019764,WIZARD,96,SOUTHERN SANITATION SERVICE,,#94 378,,CHG  SALE,207.8,False,$207.80,$207.86,$-0.06
2025-06-05,44,1019790,WIZARD,96,SOUTHERN SANITATION SERVICE,,LS-3 142,,CHG  SALE,44.6,False,$44.60,$44.64,$-0.04
2025-06-05,44,1019805,WIZARD,96,SOUTHERN SANITATION SERVICE,,LS-4 351,,CHG  SALE,49.7,False,$49.70,$49.76,$-0.06
2025-06-05,44,1019853,WIZARD,96,SOUTHERN SANITATION SERVICE,,LS-4 144,,CHG  SALE,112.5,False,$112.50,$112.53,$-0.03
2025-06-05,44,1019860,ROSIE,96,SOUTHERN SANITATION SERVICE,,#94 43,,CHG  SALE,89.7,False,$89.70,$89.75,$-0.05
2025-06-05,44,1019871,SANDY,98,S.S.S. MINI ROLL-OFF,,LS-3 048,,CHG  SALE,23.2,False,$23.20,$23.25,$-0.05
2025-06-05,44,1019915,WIZARD,96,SOUTHERN SANITATION SERVICE,,#85 183,,CHG  SALE,92.5,False,$92.50,$92.54,$-0.04
2025-06-05,44,1019923,ROSIE,96,SOUTHERN SANITATION SERVICE,,LS-4 17,,CHG  SALE,365.4,False,$365.40,$365.49,$-0.09
2025-06-05,44,1019925,WIZARD,96,SOUTHERN SANITATION SERVICE,,#93 98,,CHG  SALE,36.2,False,$36.20,$36.27,$-0.07
2025-06-05,44,1019966,WIZARD,96,SOUTHERN SANITATION SERVICE,,#94 200,,CHG  SALE,221.8,False,$221.80,$221.81,$-0.01
2025-06-05,44,1019988,WIZARD,96,SOUTHERN SANITATION SERVICE,,#94 32,,CHG  SALE,125.5,False,$125.50,$0.00,$125.50
2025-06-05,44,1019994,WIZARD,96,SOUTHERN SANITATION SERVICE,,#87 355,,CHG  SALE,62.3,False,$62.30,$62.31,$-0.01
2025-06-05,44,1020041,ROSIE,96,SOUTHERN SANITATION SERVICE,OJOS LOCOS,LS-3,,CHG  SALE,105.0,False,$105.00,$105.09,$-0.09
2025-06-05,44,1020048,WIZARD,96,SOUTHERN SANITATION SERVICE,,#85 59,,CHG  SALE,65.5,False,$65.50,$65.57,$-0.07
2025-06-05,44,1020094,SANDY,96,SOUTHERN SANITATION SERVICE,LOWES,#93,,CHG  SALE,135.3,False,$135.30,$135.32,$-0.02
2025-06-05,44,1020125,WIZARD,96,SOUTHERN SANITATION SERVICE,,LS-4 190,,CHG  SALE,107.4,False,$107.40,$107.42,$-0.02
2025-06-05,44,1020126,WIZARD,96,SOUTHERN SANITATION SERVICE,,#94 362,,CHG  SALE,172.0,False,$172.00,$172.05,$-0.05
2025-06-05,44,1020130,WIZARD,96,SOUTHERN SANITATION SERVICE,,#87 364,,CHG  SALE,31.1,False,$31.10,$31.16,$-0.06
2025-06-05,44,1020169,WIZARD,96,SOUTHERN SANITATION SERVICE,,LS-3 64,,CHG  SALE,31.6,False,$31.60,$31.62,$-0.02
2025-06-05,44,1020188,WIZARD,96,SOUTHERN SANITATION SERVICE,,#85 59,,CHG  SALE,43.2,False,$43.20,$43.25,$-0.05
2025-06-05,44,1020201,WIZARD,96,SOUTHERN SANITATION SERVICE,,#93 218,,CHG  SALE,109.2,False,$109.20,$109.28,$-0.08
2025-06-05,44,1020204,ROSIE,98,S.S.S. MINI ROLL-OFF,,LS-3 085,,CHG  SALE,16.2,False,$16.20,$0.00,$16.20
2025-06-05,44,1020237,WIZARD,96,SOUTHERN SANITATION SERVICE,,#87 348,,CHG  SALE,49.2,False,$49.20,$49.29,$-0.09
2025-06-05,44,1020263,ROSIE,96,SOUTHERN SANITATION SERVICE,,LS-4 315,,CHG  SALE,70.2,False,$70.20,$70.22,$-0.02
2025-06-05,44,1020267,WIZARD,96,SOUTHERN SANITATION SERVICE,,#94 172,,CHG  SALE,2.3,False,$2.30,$2.33,$-0.03
2025-06-05,44,1020278,WIZARD,96,SOUTHERN SANITATION SERVICE,,#93 17,,CHG  SALE,251.1,True,$251.10,$251.10,$0.00
2025-06-06,44,1020282,WIZARD,96,SOUTHERN SANITATION SERVICE,,#85 367,,CHG  SALE,110.6,False,$110.60,$110.67,$-0.07
2025-06-06,44,1020294,ROSIE,96,SOUTHERN SANITATION SERVICE,PILOT,#94,,CHG  SALE,325.5,True,$325.50,$325.50,$0.00
2025-06-06,44,1020310,ROSIE,98,S.S.S. MINI ROLL-OFF,,LS-3 020,,CHG  SALE,26.5,False,$26.50,$26.51,$-0.01
2025-06-06,44,1020320,WIZARD,96,SOUTHERN SANITATION SERVICE,,#87 254,,CHG  SALE,126.0,False,$126.00,$126.02,$-0.02
2025-06-06,44,1020342,ROSIE,96,SOUTHERN SANITATION SERVICE,OUTLETS,LS-4,,CHG  SALE,255.7,False,$255.70,$255.75,$-0.05
2025-06-06,44,1020368,ROSIE,98,S.S.S. MINI ROLL-OFF,,LS-3 045,,CHG  SALE,177.6,False,$177.60,$177.63,$-0.03
2025-06-06,44,1020383,WIZARD,96,SOUTHERN SANITATION SERVICE,,#94 144,,CHG  SALE,21.3,False,$21.30,$21.39,$-0.09
2025-06-06,44,1020396,WIZARD,96,SOUTHERN SANITATION SERVICE,,LS-3 203,,CHG  SALE,186.9,False,$186.90,$186.93,$-0.03
2025-06-06,44,1020416,ROSIE,96,SOUTHERN SANITATION SERVICE,,#87 215,,CHG  SALE,4.6,False,$4.60,$4.65,$-0.05
2025-06-06,44,1020423,WIZARD,96,SOUTHERN SANITATION SERVICE,,#85 379,,CHG  SALE,62.7,False,$62.70,$62.78,$-0.08
2025-06-06,44,1020456,WIZARD,96,SOUTHERN SANITATION SERVICE,,#94 126,,CHG  SALE,67.8,False,$67.80,$67.89,$-0.09
2025-06-06,44,1020478,ROSIE,96,SOUTHERN SANITATION SERVICE,LA POSADA,LS-4,,CHG  SALE,26.9,False,$26.90,$26.97,$-0.07
2025-06-06,44,1020480,WIZARD,96,SOUTHERN SANITATION SERVICE,,#94 30,,CHG  SALE,56.2,False,$56.20,$56.27,$-0.07
2025-06-06,44,1020514,WIZARD,96,SOUTHERN SANITATION SERVICE,,LS-3 93,,CHG  SALE,39.0,False,$39.00,$39.06,$-0.06
2025-06-06,44,1020542,ROSIE,96,SOUTHERN SANITATION SERVICE,DOCTORS,#85,,CHG  SALE,185.0,False,$185.00,$185.07,$-0.07
2025-06-06,44,1020543,WIZARD,96,SOUTHERN SANITATION SERVICE,,#87 370,,CHG  SALE,80.9,False,$80.90,$80.91,$-0.01
2025-06-06,44,1020677,SANDY,96,SOUTHERN SANITATION SERVICE,,#94 188,,CHG  SALE,461.1,False,$461.10,$461.15,$-0.05
2025-06-06,44,1020699,WIZARD,96,SOUTHERN SANITATION SERVICE,,#87 106,,CHG  SALE,93.9,False,$93.90,$93.93,$-0.03
2025-06-06,44,1020710,WIZARD,96,SOUTHERN SANITATION SERVICE,,#85 164,,CHG  SALE,19.0,False,$19.00,$19.07,$-0.07
2025-06-06,44,1020717,SANDY,98,S.S.S. MINI ROLL-OFF,,LS-3 069,,CHG  SALE,124.1,False,$124.10,$124.16,$-0.06
2025-06-06,44,1020792,WIZARD,96,SOUTHERN SANITATION SERVICE,,#94 371,,CHG  SALE,49.7,False,$49.70,$49.76,$-0.06
2025-06-06,44,1020801,ROSIE,96,SOUTHERN SANITATION SERVICE,,LS-4 366,,CHG  SALE,51.6,False,$51.60,$51.62,$-0.02
2025-06-06,44,1020802,WIZARD,96,SOUTHERN SANITATION SERVICE,,#87 247,,CHG  SALE,20.4,False,$20.40,$20.46,$-0.06
2025-06-06,44,1020829,SANDY,96,SOUTHERN SANITATION SERVICE,,LS-3 24,,CHG  SALE,27.9,True,$27.90,$27.90,$0.00
2025-06-06,44,1020831,WIZARD,96,SOUTHERN SANITATION SERVICE,,#85 374,,CHG  SALE,56.2,False,$56.20,$56.27,$-0.07
2025-06-06,44,1020840,WIZARD,96,SOUTHERN SANITATION SERVICE,,#94 26,,CHG  SALE,149.2,False,$149.20,$149.27,$-0.07
2025-06-07,44,1020842,WIZARD,96,SOUTHERN SANITATION SERVICE,,LS-3 225,,CHG  SALE,29.7,False,$29.70,$29.76,$-0.06
2025-06-07,44,1020885,WIZARD,96,SOUTHERN SANITATION SERVICE,,LS-4 122,,CHG  SALE,73.4,False,$73.40,$73.47,$-0.07
2025-06-07,44,1020941,WIZARD,96,SOUTHERN SANITATION SERVICE,,#85 353,,CHG  SALE,38.1,False,$38.10,$38.13,$-0.03
2025-06-07,44,1020978,WIZARD,96,SOUTHERN SANITATION SERVICE,,LS-3 251,,CHG  SALE,31.1,False,$31.10,$31.16,$-0.06
2025-06-07,44,1021014,SANDY,96,SOUTHERN SANITATION SERVICE,,#85 44,,CHG  SALE,20.0,True,$20.00,$20.00,$0.00
2025-06-07,44,1021054,ROSIE,96,SOUTHERN SANITATION SERVICE,,LS-4 373,,CHG  SALE,1251.3,False,"$1,251.30","$1,251.37",$-0.07
2025-06-07,44,1021113,WIZARD,96,SOUTHERN SANITATION SERVICE,,#85 140,,CHG  SALE,37.6,False,$37.60,$0.00,$37.60
2025-06-07,44,1021160,SANDY,98,S.S.S. MINI ROLL-OFF,,LS-3 015,,CHG  SALE,42.3,False,$42.30,$42.32,$-0.02
2025-06-07,44,1021265,WIZARD,96,SOUTHERN SANITATION SERVICE,,#85 52,,CHG  SALE,42.3,False,$42.30,$42.32,$-0.02
2025-06-07,44,1021273,WIZARD,96,SOUTHERN SANITATION SERVICE,,LS-4 111,,CHG  SALE,103.7,True,$103.70,$103.70,$0.00
2025-06-07,44,1021359,WIZARD,96,SOUTHERN SANITATION SERVICE,,#85 103,,CHG  SALE,23.2,False,$23.20,$23.25,$-0.05
2025-06-09,44,1021441,WIZARD,96,SOUTHERN SANITATION SERVICE,,#87 146,,CHG  SALE,50.6,False,$50.60,$50.69,$-0.09
2025-06-09,44,1021509,SANDY,96,SOUTHERN SANITATION SERVICE,,#85,,CHG  SALE,121.3,False,$121.30,$121.37,$-0.07
2025-06-09,44,1021512,WIZARD,96,SOUTHERN SANITATION SERVICE,,#94 306,,CHG  SALE,57.2,True,$57.20,$57.20,$0.00
2025-06-09,44,1021546,WIZARD,96,SOUTHERN SANITATION SERVICE,,LS-4 303,,CHG  SALE,53.0,False,$53.00,$53.01,$-0.01
2025-06-09,44,1021616,WIZARD,96,SOUTHERN SANITATION SERVICE,,#87 214,,CHG  SALE,109.7,False,$109.70,$109.74,$-0.04
2025-06-09,44,1021618,WIZARD,96,SOUTHERN SANITATION SERVICE,,#94 194,,CHG  SALE,32.5,False,$32.50,$32.55,$-0.05
2025-06-09,44,1021718,WIZARD,96,SOUTHERN SANITATION SERVICE,,#87 185,,CHG  SALE,38.1,False,$38.10,$38.13,$-0.03
2025-06-09,44,1021723,ROSIE,96,SOUTHERN SANITATION SERVICE,FLYING J,#85,,CHG  SALE,248.3,False,$248.30,$248.31,$-0.01
2025-06-09,44,1021743,ROSIE,98,S.S.S. MINI ROLL-OFF,,#94 015,,CHG  SALE,19.5,False,$19.50,$19.53,$-0.03
2025-06-09,44,1021839,SANDY,96,SOUTHERN SANITATION SERVICE,,LS-4,,CHG  SALE,61.3,False,$61.30,$61.38,$-0.08
2025-06-09,44,1021842,SANDY,98,S.S.S. MINI ROLL-OFF,,#94 079,,CHG  SALE,805.3,False,$805.30,$805.38,$-0.08
2025-06-09,44,1021849,WIZARD,96,SOUTHERN SANITATION SERVICE,,#85 367,,CHG  SALE,27.9,True,$27.90,$27.90,$0.00
2025-06-09,44,1021854,WIZARD,96,SOUTHERN SANITATION SERVICE,,#87 336,,CHG  SALE,35.8,False,$35.80,$7.70,$28.10
2025-06-09,44,1021928,SANDY,98,S.S.S. MINI ROLL-OFF,,LS-3 065,,CHG  SALE,12.5,False,$12.50,$12.56,$-0.06
2025-06-09,44,1021935,WIZARD,96,SOUTHERN SANITATION SERVICE,,#87 87,,CHG  SALE,42.3,False,$42.30,$42.32,$-0.02
2025-06-09,44,1021957,ROSIE,96,SOUTHERN SANITATION SERVICE,,#85,,CHG  SALE,206.9,False,$206.90,$206.93,$-0.03
2025-06-10,44,1021982,WIZARD,96,SOUTHERN SANITATION SERVICE,,#93 110,,CHG  SALE,57.2,True,$57.20,$57.20,$0.00
2025-06-10,44,1021993,ROSIE,96,SOUTHERN SANITATION SERVICE,,#85 166,,CHG  SALE,111.1,False,$111.10,$111.14,$-0.04
2025-06-10,44,1021994,SANDY,96,SOUTHERN SANITATION SERVICE,PILOT,#93,,CHG  SALE,491.5,False,$491.50,$491.51,$-0.01
2025-06-10,44,1022018,WIZARD,96,SOUTHERN SANITATION SERVICE,,#87 254,,CHG  SALE,18.1,False,$18.10,$18.14,$-0.04
2025-06-10,44,1022030,SANDY,96,SOUTHERN SANITATION SERVICE,HEB,LS-3,,CHG  SALE,392.0,True,$392.00,$392.00,$0.00
2025-06-10,44,1022032,ROSIE,96,SOUTHERN SANITATION SERVICE,BESTBUY,#79,,CHG  SALE,0.0,True,$0.00,$0.00,$0.00
2025-06-10,44,1022081,SANDY,96,SOUTHERN SANITATION SERVICE,HEB,#85,,CHG  SALE,442.2,False,$442.20,$442.22,$-0.02
2025-06-10,44,1022087,WIZARD,96,SOUTHERN SANITATION SERVICE,,#93 226,,CHG  SALE,6.5,False,$6.50,$6.51,$-0.01
2025-06-10,44,1022093,SANDY,96,SOUTHERN SANITATION SERVICE,HEB,#79,,CHG  SALE,508.7,False,$508.70,$508.71,$-0.01
2025-06-10,44,1022099,WIZARD,96,SOUTHERN SANITATION SERVICE,,#87 348,,CHG  SALE,54.4,False,$54.40,$54.41,$-0.01
2025-06-10,44,1022143,SANDY,96,SOUTHERN SANITATION SERVICE,HEB,LS-3,,CHG  SALE,397.1,False,$397.10,$397.11,$-0.01
2025-06-10,44,1022167,WIZARD,96,SOUTHERN SANITATION SERVICE,,#93 369,,CHG  SALE,59.9,False,$59.90,$59.99,$-0.09
2025-06-10,44,1022195,SANDY,96,SOUTHERN SANITATION SERVICE,,#87 379,,CHG  SALE,24.6,False,$24.60,$24.65,$-0.05
2025-06-10,44,1022231,SANDY,96,SOUTHERN SANITATION SERVICE,,#79,,CHG  SALE,44.6,False,$44.60,$44.64,$-0.04
2025-06-10,44,1022267,ROSIE,96,SOUTHERN SANITATION SERVICE,DOCTORS,#85,,CHG  SALE,192.5,False,$192.50,$192.51,$-0.01
2025-06-10,44,1022286,WIZARD,96,SOUTHERN SANITATION SERVICE,,#87 153,,CHG  SALE,68.8,False,$68.80,$68.82,$-0.02
2025-06-10,44,1022340,ROSIE,96,SOUTHERN SANITATION SERVICE,BEST BUY,#79,,CHG  SALE,113.4,False,$113.40,$113.46,$-0.06
2025-06-10,44,1022355,ROSIE,96,SOUTHERN SANITATION SERVICE,LOWES,#93,,CHG  SALE,134.3,False,$134.30,$134.39,$-0.09
2025-06-10,44,1022408,ROSIE,96,SOUTHERN SANITATION SERVICE,OJOS LOCOS,#94,,CHG  SALE,91.6,False,$91.60,$91.61,$-0.01
2025-06-10,44,1022418,WIZARD,96,SOUTHERN SANITATION SERVICE,,#87 147,,CHG  SALE,67.8,False,$67.80,$67.89,$-0.09
2025-06-10,44,1022430,ROSIE,96,SOUTHERN SANITATION SERVICE,HEB,#93,,CHG  SALE,387.8,False,$387.80,$387.81,$-0.01
2025-06-10,44,1022438,ROSIE,96,SOUTHERN SANITATION SERVICE,,#85,,CHG  SALE,298.5,False,$298.50,$298.53,$-0.03
2025-06-10,44,1022458,ROSIE,96,SOUTHERN SANITATION SERVICE,,#79 79,,CHG  SALE,83.2,False,$83.20,$83.24,$-0.04
2025-06-10,44,1022484,ROSIE,96,SOUTHERN SANITATION SERVICE,,#93 339,,CHG  SALE,84.6,False,$84.60,$84.63,$-0.03
2025-06-10,44,1022492,ROSIE,98,S.S.S. MINI ROLL-OFF,,#94 081,,CHG  SALE,22.7,False,$22.70,$22.79,$-0.09
2025-06-11,44,1022506,WIZARD,96,SOUTHERN SANITATION SERVICE,,#87 119,,CHG  SALE,55.8,True,$55.80,$55.80,$0.00
2025-06-11,44,1022508,WIZARD,98,S.S.S. MINI ROLL-OFF,,#82 026,,CHG  SALE,28.8,False,$28.80,$28.83,$-0.03
2025-06-11,44,1022509,SANDY,96,SOUTHERN SANITATION SERVICE,,#85 367,,CHG  SALE,68.3,False,$68.30,$68.36,$-0.06
2025-06-11,44,1022519,SANDY,96,SOUTHERN SANITATION SERVICE,HEB,#93,,CHG  SALE,266.4,False,$266.40,$266.45,$-0.05
2025-06-11,44,1022525,WIZARD,96,SOUTHERN SANITATION SERVICE,,#94 182,,CHG  SALE,164.6,False,$164.60,$164.61,$-0.01
2025-06-11,44,1022544,SANDY,96,SOUTHERN SANITATION SERVICE,,#87 262,,CHG  SALE,104.6,False,$104.60,$104.63,$-0.03
2025-06-11,44,1022546,ROSIE,96,SOUTHERN SANITATION SERVICE,,#85 144,,CHG  SALE,441.7,False,$441.70,$441.75,$-0.05
2025-06-11,44,1022550,WIZARD,96,SOUTHERN SANITATION SERVICE,,#93 284,,CHG  SALE,79.5,False,$79.50,$79.52,$-0.02
2025-06-11,44,1022568,WIZARD,96,SOUTHERN SANITATION SERVICE,,LS-4 121,,CHG  SALE,45.1,False,$45.10,$45.11,$-0.01
2025-06-11,44,1022583,SANDY,96,SOUTHERN SANITATION SERVICE,,#94 242,,CHG  SALE,179.9,False,$179.90,$179.96,$-0.06
2025-06-11,44,1022607,WIZARD,96,SOUTHERN SANITATION SERVICE,,#93 349,,CHG  SALE,46.9,False,$46.90,$46.97,$-0.07
2025-06-11,44,1022617,WIZARD,96,SOUTHERN SANITATION SERVICE,,#87 220,,CHG  SALE,297.6,True,$297.60,$297.60,$0.00
2025-06-11,44,1022633,ROSIE,96,SOUTHERN SANITATION SERVICE,CINEMARK,LS-3,,CHG  SALE,642.1,False,$642.10,$642.17,$-0.07
2025-06-11,44,1022638,ROSIE,96,SOUTHERN SANITATION SERVICE,,#94 257,,CHG  SALE,73.0,False,$73.00,$73.01,$-0.01
2025-06-11,44,1022646,WIZARD,96,SOUTHERN SANITATION SERVICE,,#85 103,,CHG  SALE,64.1,False,$64.10,$64.17,$-0.07
2025-06-11,44,1022661,SANDY,98,S.S.S. MINI ROLL-OFF,,LS-3 075,,CHG  SALE,38.6,True,$38.60,$38.60,$0.00
2025-06-11,44,1022666,WIZARD,96,SOUTHERN SANITATION SERVICE,,LS-4 359,,CHG  SALE,121.3,False,$121.30,$121.37,$-0.07
2025-06-11,44,1022676,WIZARD,96,SOUTHERN SANITATION SERVICE,,#93 98,,CHG  SALE,46.9,False,$46.90,$46.97,$-0.07
2025-06-11,44,1022677,WIZARD,96,SOUTHERN SANITATION SERVICE,,#87 201,,CHG  SALE,74.8,False,$74.80,$0.00,$74.80
2025-06-11,44,1022689,WIZARD,96,SOUTHERN SANITATION SERVICE,,LS-4 240,,CHG  SALE,79.5,False,$79.50,$79.52,$-0.02
2025-06-11,44,1022695,WIZARD,96,SOUTHERN SANITATION SERVICE,,LS-3 16,,CHG  SALE,110.2,False,$110.20,$110.21,$-0.01
2025-06-11,44,1022703,ROSIE,98,S.S.S. MINI ROLL-OFF,,#94 060,,CHG  SALE,43.7,False,$43.70,$43.71,$-0.01
2025-06-11,44,1022710,WIZARD,96,SOUTHERN SANITATION SERVICE,,#85 84,,CHG  SALE,22.7,False,$22.70,$0.00,$22.70
2025-06-11,44,1022712,WIZARD,96,SOUTHERN SANITATION SERVICE,,#85 84,,CHG  SALE,22.7,False,$22.70,$0.00,$22.70
2025-06-11,44,1022716,ROSIE,96,SOUTHERN SANITATION SERVICE,,#85 84,,CHG  SALE,19.0,False,$19.00,$19.07,$-0.07
2025-06-11,44,1022730,ROSIE,96,SOUTHERN SANITATION SERVICE,,#93 152,,CHG  SALE,81.8,False,$81.80,$81.84,$-0.04
2025-06-11,44,1022742,WIZARD,96,SOUTHERN SANITATION SERVICE,,#87 77,,CHG  SALE,81.8,False,$81.80,$81.84,$-0.04
2025-06-11,44,1022755,WIZARD,96,SOUTHERN SANITATION SERVICE,,#94 322,,CHG  SALE,53.0,False,$53.00,$53.01,$-0.01
2025-06-12,44,1022807,WIZARD,96,SOUTHERN SANITATION SERVICE,,#87 168,,CHG  SALE,92.5,False,$92.50,$92.54,$-0.04
2025-06-12,44,1022808,ROSIE,96,SOUTHERN SANITATION SERVICE,FLYING J,LS-3,,CHG  SALE,558.0,True,$558.00,$558.00,$0.00
2025-06-12,44,1022830,WIZARD,96,SOUTHERN SANITATION SERVICE,,LS-4 20,,CHG  SALE,22.3,False,$22.30,$22.32,$-0.02
2025-06-12,44,1022843,ROSIE,96,SOUTHERN SANITATION SERVICE,HEB,#85,,CHG  SALE,471.9,False,$471.90,$471.98,$-0.08
2025-06-12,44,1022858,WIZARD,96,SOUTHERN SANITATION SERVICE,,#94 17,,CHG  SALE,124.6,False,$124.60,$124.62,$-0.02
2025-06-12,44,1022867,WIZARD,96,SOUTHERN SANITATION SERVICE,,#87 46,,CHG  SALE,63.2,False,$63.20,$63.24,$-0.04
2025-06-12,44,1022914,WIZARD,96,SOUTHERN SANITATION SERVICE,,#94 367,,CHG  SALE,323.1,False,$323.10,$323.18,$-0.08
2025-06-12,44,1022948,WIZARD,96,SOUTHERN SANITATION SERVICE,,#87 211,,CHG  SALE,35.3,False,$35.30,$35.34,$-0.04
2025-06-12,44,1022971,WIZARD,96,SOUTHERN SANITATION SERVICE,,LS-4 348,,CHG  SALE,74.4,True,$74.40,$74.40,$0.00
2025-06-12,44,1022983,ROSIE,96,SOUTHERN SANITATION SERVICE,HEB,#85,,CHG  SALE,378.0,False,$378.00,$378.05,$-0.05
2025-06-12,44,1023015,WIZARD,96,SOUTHERN SANITATION SERVICE,,LS-3 212,,CHG  SALE,109.2,False,$109.20,$109.28,$-0.08
2025-06-12,44,1023019,WIZARD,96,SOUTHERN SANITATION SERVICE,,#94 74,,CHG  SALE,114.8,False,$114.80,$114.86,$-0.06
2025-06-12,44,1023038,WIZARD,96,SOUTHERN SANITATION SERVICE,,#93 111,,CHG  SALE,30.2,False,$30.20,$30.23,$-0.03
2025-06-12,44,1023053,WIZARD,96,SOUTHERN SANITATION SERVICE,,#87 75,,CHG  SALE,74.8,False,$74.80,$74.87,$-0.07
2025-06-12,44,1023151,SANDY,96,SOUTHERN SANITATION SERVICE,,#79 30,,CHG  SALE,1383.4,False,"$1,383.40","$1,383.44",$-0.04
2025-06-12,44,1023175,WIZARD,96,SOUTHERN SANITATION SERVICE,,#93 106,,CHG  SALE,179.9,False,$179.90,$179.96,$-0.06
2025-06-12,44,1023193,SANDY,98,S.S.S. MINI ROLL-OFF,,LS-3 058,,CHG  SALE,23.7,False,$23.70,$23.72,$-0.02
2025-06-12,44,1023195,WIZARD,96,SOUTHERN SANITATION SERVICE,,#87 381,,CHG  SALE,169.2,False,$169.20,$169.26,$-0.06
2025-06-12,44,1023221,WIZARD,96,SOUTHERN SANITATION SERVICE,,#94 131,,CHG  SALE,281.7,False,$281.70,$281.79,$-0.09
2025-06-12,44,1023245,WIZARD,96,SOUTHERN SANITATION SERVICE,,#85 26,,CHG  SALE,76.2,False,$76.20,$76.26,$-0.06
2025-06-12,44,1023252,SANDY,96,SOUTHERN SANITATION SERVICE,WALMART,#79,,CHG  SALE,301.7,False,$301.70,$301.79,$-0.09
2025-06-12,44,1023270,WIZARD,96,SOUTHERN SANITATION SERVICE,,#93 295,,CHG  SALE,33.4,False,$33.40,$33.48,$-0.08
2025-06-12,44,1023288,WIZARD,96,SOUTHERN SANITATION SERVICE,,#87 364,,CHG  SALE,49.2,False,$49.20,$49.29,$-0.09
2025-06-12,44,1023307,WIZARD,96,SOUTHERN SANITATION SERVICE,,#94 42,,CHG  SALE,86.0,False,$86.00,$86.03,$-0.03
2025-06-12,44,1023312,ROSIE,98,S.S.S. MINI ROLL-OFF,,LS-3 033,,CHG  SALE,9.7,False,$9.70,$9.77,$-0.07
2025-06-12,44,1023321,SANDY,96,SOUTHERN SANITATION SERVICE,WALMART,#93,,CHG  SALE,411.0,False,$411.00,$411.06,$-0.06
2025-06-12,44,1023322,WIZARD,96,SOUTHERN SANITATION SERVICE,,#85 272,,CHG  SALE,31.6,False,$31.60,$31.62,$-0.02
2025-06-12,44,1023330,WIZARD,96,SOUTHERN SANITATION SERVICE,,LS-3 171,,CHG  SALE,67.4,False,$67.40,$67.43,$-0.03
2025-06-12,44,1023333,WIZARD,96,SOUTHERN SANITATION SERVICE,,#93 155,,CHG  SALE,317.1,False,$317.10,$317.13,$-0.03
2025-06-13,44,1023352,WIZARD,96,SOUTHERN SANITATION SERVICE,,#87 106,,CHG  SALE,56.7,False,$56.70,$56.73,$-0.03
2025-06-13,44,1023360,SANDY,96,SOUTHERN SANITATION SERVICE,,#85 166,,CHG  SALE,85.1,True,$85.10,$85.10,$0.00
2025-06-13,44,1023377,SANDY,96,SOUTHERN SANITATION SERVICE,FOOD COURT,LS-3,,CHG  SALE,752.8,False,$752.80,$752.84,$-0.04
2025-06-13,44,1023380,SANDY,96,SOUTHERN SANITATION SERVICE,LOVES,#93,,CHG  SALE,278.5,False,$278.50,$278.54,$-0.04
2025-06-13,44,1023396,WIZARD,96,SOUTHERN SANITATION SERVICE,,LS-4 104,,CHG  SALE,95.7,False,$95.70,$95.79,$-0.09
2025-06-13,44,1023407,SANDY,96,SOUTHERN SANITATION SERVICE,WALMART,LS-3,,CHG  SALE,503.6,True,$503.60,$503.60,$0.00
2025-06-13,44,1023414,WIZARD,96,SOUTHERN SANITATION SERVICE,,#94 156,,CHG  SALE,82.7,False,$82.70,$82.77,$-0.07
2025-06-13,44,1023463,WIZARD,96,SOUTHERN SANITATION SERVICE,,#87 87,,CHG  SALE,32.0,False,$32.00,$32.09,$-0.09
2025-06-13,44,1023475,WIZARD,96,SOUTHERN SANITATION SERVICE,,#85 144,,CHG  SALE,31.6,False,$31.60,$31.62,$-0.02
2025-06-13,44,1023502,WIZARD,96,SOUTHERN SANITATION SERVICE,,LS-4 281,,CHG  SALE,25.5,False,$25.50,$25.58,$-0.08
2025-06-13,44,1023532,WIZARD,96,SOUTHERN SANITATION SERVICE,,#94 351,,CHG  SALE,33.9,False,$33.90,$33.95,$-0.05
2025-06-13,44,1023558,WIZARD,96,SOUTHERN SANITATION SERVICE,,#87 247,,CHG  SALE,66.9,False,$66.90,$66.96,$-0.06
2025-06-13,44,1023564,WIZARD,96,SOUTHERN SANITATION SERVICE,,LS-3 62,,CHG  SALE,98.1,False,$98.10,$98.12,$-0.02
2025-06-13,44,1023571,WIZARD,96,SOUTHERN SANITATION SERVICE,,#93 360,,CHG  SALE,146.9,False,$146.90,$146.94,$-0.04
2025-06-13,44,1023591,WIZARD,96,SOUTHERN SANITATION SERVICE,,LS-4 161,,CHG  SALE,201.3,False,$201.30,$201.35,$-0.05
2025-06-13,44,1023594,WIZARD,96,SOUTHERN SANITATION SERVICE,,LS-3 252,,CHG  SALE,45.5,False,$45.50,$45.57,$-0.07
2025-06-13,44,1023628,SANDY,96,SOUTHERN SANITATION SERVICE,,#85 296,,CHG  SALE,132.5,False,$132.50,$132.53,$-0.03
2025-06-13,44,1023681,WIZARD,96,SOUTHERN SANITATION SERVICE,,#94 17,,CHG  SALE,29.3,True,$29.30,$29.30,$0.00
2025-06-13,44,1023693,SANDY,98,S.S.S. MINI ROLL-OFF,,LS-3 020,,CHG  SALE,159.9,False,$159.90,$159.96,$-0.06
2025-06-13,44,1023716,WIZARD,96,SOUTHERN SANITATION SERVICE,,#87 260,,CHG  SALE,151.1,False,$151.10,$151.13,$-0.03
2025-06-13,44,1023730,ROSIE,96,SOUTHERN SANITATION SERVICE,,#85,,CHG  SALE,203.6,False,$203.60,$203.67,$-0.07
2025-06-13,44,1023732,WIZARD,96,SOUTHERN SANITATION SERVICE,,#93 33,,CHG  SALE,69.7,False,$69.70,$69.75,$-0.05
2025-06-13,44,1023770,WIZARD,96,SOUTHERN SANITATION SERVICE,,#94 31,,CHG  SALE,138.5,False,$138.50,$0.00,$138.50
2025-06-13,44,1023790,ROSIE,98,S.S.S. MINI ROLL-OFF,,LS-3 075,,CHG  SALE,24.1,False,$24.10,$24.18,$-0.08
2025-06-13,44,1023802,WIZARD,96,SOUTHERN SANITATION SERVICE,,#93 109,,CHG  SALE,44.1,False,$44.10,$44.18,$-0.08
2025-06-13,44,1023804,WIZARD,96,SOUTHERN SANITATION SERVICE,,#87 284,,CHG  SALE,19.5,False,$19.50,$19.53,$-0.03
2025-06-13,44,1023809,WIZARD,96,SOUTHERN SANITATION SERVICE,,#94 92,,CHG  SALE,199.9,False,$199.90,$199.95,$-0.05
2025-06-13,44,1023828,WIZARD,96,SOUTHERN SANITATION SERVICE,,#94 158,,CHG  SALE,163.6,False,$163.60,$163.68,$-0.08
2025-06-13,44,1023847,ROSIE,96,SOUTHERN SANITATION SERVICE,WALMART,#93,,CHG  SALE,189.7,False,$189.70,$189.72,$-0.02
2025-06-13,44,1023853,WIZARD,96,SOUTHERN SANITATION SERVICE,,#94 115,,CHG  SALE,143.2,False,$143.20,$143.22,$-0.02
2025-06-13,44,1023868,ROSIE,96,SOUTHERN SANITATION SERVICE,SAMS CLUB,#79,,CHG  SALE,739.8,False,$739.80,$739.82,$-0.02
2025-06-13,44,1023870,ROSIE,96,SOUTHERN SANITATION SERVICE,TARGET,#85,,CHG  SALE,299.4,False,$299.40,$299.46,$-0.06
2025-06-13,44,1023874,WIZARD,96,SOUTHERN SANITATION SERVICE,,#93 172,,CHG  SALE,51.1,False,$51.10,$51.15,$-0.05
2025-06-13,44,1023876,ROSIE,96,SOUTHERN SANITATION SERVICE,,#94 377,,CHG  SALE,214.3,False,$214.30,$209.72,$4.58
2025-06-14,44,1023907,WIZARD,96,SOUTHERN SANITATION SERVICE,,#93 146,,CHG  SALE,155.3,False,$155.30,$155.31,$-0.01
2025-06-14,44,1023915,WIZARD,96,SOUTHERN SANITATION SERVICE,,#94 374,,CHG  SALE,63.7,False,$63.70,$63.71,$-0.01
2025-06-14,44,1023923,WIZARD,96,SOUTHERN SANITATION SERVICE,,#93 7,,CHG  SALE,48.3,False,$48.30,$48.36,$-0.06
2025-06-14,44,1023952,WIZARD,96,SOUTHERN SANITATION SERVICE,,#93 303,,CHG  SALE,66.0,False,$66.00,$66.03,$-0.03
2025-06-14,44,1023956,WIZARD,96,SOUTHERN SANITATION SERVICE,,#79 140,,CHG  SALE,26.5,False,$26.50,$26.51,$-0.01
2025-06-14,44,1023987,WIZARD,96,SOUTHERN SANITATION SERVICE,,#87 24,,CHG  SALE,19.5,False,$19.50,$19.53,$-0.03
2025-06-14,44,1023988,SANDY,98,S.S.S. MINI ROLL-OFF,,LS-3 087,,CHG  SALE,26.9,False,$26.90,$26.97,$-0.07
2025-06-14,44,1024008,WIZARD,96,SOUTHERN SANITATION SERVICE,,#94 25,,CHG  SALE,136.2,False,$136.20,$136.25,$-0.05
2025-06-14,44,1024010,WIZARD,96,SOUTHERN SANITATION SERVICE,,#87 138,,CHG  SALE,32.0,False,$32.00,$32.09,$-0.09
2025-06-14,44,1024037,WIZARD,96,SOUTHERN SANITATION SERVICE,,#79 44,,CHG  SALE,18.1,False,$18.10,$18.14,$-0.04
2025-06-14,44,1024041,WIZARD,96,SOUTHERN SANITATION SERVICE,,#93 142,,CHG  SALE,32.0,False,$32.00,$32.09,$-0.09
2025-06-14,44,1024098,SANDY,98,S.S.S. MINI ROLL-OFF,,LS-3 015,,CHG  SALE,1095.4,False,"$1,095.40","$1,095.49",$-0.09
2025-06-14,44,1024135,WIZARD,96,SOUTHERN SANITATION SERVICE,,#79 353,,CHG  SALE,23.7,False,$23.70,$23.72,$-0.02
2025-06-14,44,1024140,SANDY,96,SOUTHERN SANITATION SERVICE,LA POSADA,LS-4,,CHG  SALE,43.2,False,$43.20,$43.25,$-0.05
2025-06-14,44,1024142,WIZARD,96,SOUTHERN SANITATION SERVICE,,#93 117,,CHG  SALE,60.4,False,$60.40,$60.45,$-0.05
2025-06-14,44,1024234,SANDY,98,S.S.S. MINI ROLL-OFF,,LS-3 036,,CHG  SALE,660.3,False,$660.30,$660.33,$-0.03
2025-06-14,44,1024276,SANDY,96,SOUTHERN SANITATION SERVICE,HEB,LS-3,,CHG  SALE,295.2,False,$295.20,$295.28,$-0.08
2025-06-14,44,1024299,WIZARD,96,SOUTHERN SANITATION SERVICE,,#79 52,,CHG  SALE,45.5,False,$45.50,$45.57,$-0.07
2025-06-14,44,1024319,WIZARD,96,SOUTHERN SANITATION SERVICE,,#93 158,,CHG  SALE,103.2,False,$103.20,$103.23,$-0.03
2025-06-14,44,1024322,WIZARD,96,SOUTHERN SANITATION SERVICE,,#94 378,,CHG  SALE,83.2,False,$83.20,$83.24,$-0.04
2025-06-14,44,1024342,WIZARD,96,SOUTHERN SANITATION SERVICE,,LS-4 81,,CHG  SALE,117.1,False,$117.10,$117.18,$-0.08
2025-06-14,44,1024390,WIZARD,98,S.S.S. MINI ROLL-OFF,,#82 079,,CHG  SALE,16.7,False,$16.70,$16.74,$-0.04
2025-06-14,44,1024399,SANDY,96,SOUTHERN SANITATION SERVICE,,#93 356,,CHG  SALE,144.6,False,$144.60,$144.62,$-0.02
2025-06-14,44,1024402,WIZARD,96,SOUTHERN SANITATION SERVICE,,#94 354,,CHG  SALE,164.6,False,$164.60,$164.61,$-0.01
2025-06-14,44,1024417,WIZARD,96,SOUTHERN SANITATION SERVICE,,#79 70,,CHG  SALE,195.7,False,$195.70,$195.77,$-0.07
2025-06-14,44,1024429,SANDY,96,SOUTHERN SANITATION SERVICE,,LS-4,,CHG  SALE,33.9,False,$33.90,$33.95,$-0.05
2025-06-14,44,1024450,WIZARD,96,SOUTHERN SANITATION SERVICE,,#93 338,,CHG  SALE,259.9,False,$259.90,$259.94,$-0.04
2025-06-14,44,1024451,WIZARD,98,S.S.S. MINI ROLL-OFF,,#82 020,,CHG  SALE,14.8,False,$14.80,$14.88,$-0.08
2025-06-16,44,1024470,WIZARD,96,SOUTHERN SANITATION SERVICE,,#93 69,,CHG  SALE,61.3,False,$61.30,$61.38,$-0.08
2025-06-16,44,1024471,WIZARD,96,SOUTHERN SANITATION SERVICE,,#87 101,,CHG  SALE,48.8,False,$48.80,$48.83,$-0.03
2025-06-16,44,1024478,ROSIE,96,SOUTHERN SANITATION SERVICE,LOVES,LS-3,,CHG  SALE,64.1,False,$64.10,$64.17,$-0.07
2025-06-16,44,1024488,WIZARD,96,SOUTHERN SANITATION SERVICE,,LS-4 300,,CHG  SALE,115.3,False,$115.30,$115.32,$-0.02
2025-06-16,44,1024556,WIZARD,96,SOUTHERN SANITATION SERVICE,,#85 359,,CHG  SALE,33.4,False,$33.40,$33.48,$-0.08
2025-06-16,44,1024600,ROSIE,96,SOUTHERN SANITATION SERVICE,LA POSADA,LS-4,,CHG  SALE,20.4,False,$20.40,$20.46,$-0.06
2025-06-16,44,1024608,WIZARD,96,SOUTHERN SANITATION SERVICE,,#87 214,,CHG  SALE,19.0,False,$19.00,$4.10,$14.90
2025-06-16,44,1024625,WIZARD,96,SOUTHERN SANITATION SERVICE,,#93 339,,CHG  SALE,71.6,False,$71.60,$71.61,$-0.01
2025-06-16,44,1024711,WIZARD,96,SOUTHERN SANITATION SERVICE,,#87 260,,CHG  SALE,36.2,False,$36.20,$36.27,$-0.07
2025-06-16,44,1024717,ROSIE,96,SOUTHERN SANITATION SERVICE,TA,#85,,CHG  SALE,122.3,True,$122.30,$122.30,$0.00
2025-06-16,44,1024809,ROSIE,98,S.S.S. MINI ROLL-OFF,,LS-3 087,,CHG  SALE,214.3,False,$214.30,$214.34,$-0.04
2025-06-16,44,1024828,WIZARD,96,SOUTHERN SANITATION SERVICE,,#93 306,,CHG  SALE,52.5,False,$52.50,$52.55,$-0.05
2025-06-16,44,1024879,WIZARD,96,SOUTHERN SANITATION SERVICE,,#87 115,,CHG  SALE,69.2,False,$69.20,$69.29,$-0.09
2025-06-16,44,1024913,WIZARD,96,SOUTHERN SANITATION SERVICE,,LS-4 17,,CHG  SALE,128.3,False,$128.30,$128.34,$-0.04
2025-06-16,44,1024930,WIZARD,96,SOUTHERN SANITATION SERVICE,,#93 345,,CHG  SALE,118.1,False,$118.10,$118.11,$-0.01
2025-06-16,44,1024984,ROSIE,96,SOUTHERN SANITATION SERVICE,HEB,LS-3,,CHG  SALE,325.0,False,$325.00,$325.04,$-0.04
2025-06-16,44,1024989,ROSIE,96,SOUTHERN SANITATION SERVICE,,#85 272,,CHG  SALE,48.3,False,$48.30,$48.36,$-0.06
2025-06-16,44,1025013,WIZARD,96,SOUTHERN SANITATION SERVICE,,#87 252,,CHG  SALE,53.4,False,$53.40,$53.48,$-0.08
2025-06-16,44,1025029,ROSIE,96,SOUTHERN SANITATION SERVICE,TA,LS-4,,CHG  SALE,58.1,False,$58.10,$58.13,$-0.03
2025-06-16,44,1025039,ROSIE,96,SOUTHERN SANITATION SERVICE,,#93 20,,CHG  SALE,1119.3,False,"$1,119.30","$1,119.31",$-0.01
2025-06-16,44,1025060,WIZARD,96,SOUTHERN SANITATION SERVICE,,#93 49,,CHG  SALE,91.1,False,$91.10,$91.14,$-0.04
2025-06-17,44,1025093,ROSIE,96,SOUTHERN SANITATION SERVICE,LOVES,#93,,CHG  SALE,425.9,False,$425.90,$425.94,$-0.04
2025-06-17,44,1025128,WIZARD,96,SOUTHERN SANITATION SERVICE,,LS-3 191,,CHG  SALE,65.5,False,$65.50,$65.57,$-0.07
2025-06-17,44,1025139,WIZARD,96,SOUTHERN SANITATION SERVICE,,#85 328,,CHG  SALE,153.9,False,$153.90,$153.92,$-0.02
2025-06-17,44,1025155,WIZARD,96,SOUTHERN SANITATION SERVICE,,LS-4 366,,CHG  SALE,48.8,False,$48.80,$48.83,$-0.03
2025-06-17,44,1025229,WIZARD,96,SOUTHERN SANITATION SERVICE,,LS-3 183,,CHG  SALE,56.7,False,$56.70,$56.73,$-0.03
2025-06-17,44,1025255,WIZARD,96,SOUTHERN SANITATION SERVICE,,#85 59,,CHG  SALE,74.8,False,$74.80,$74.87,$-0.07
2025-06-17,44,1025298,ROSIE,96,SOUTHERN SANITATION SERVICE,,#93,,CHG  SALE,883.3,False,$883.30,$883.32,$-0.02
2025-06-17,44,1025330,SANDY,96,SOUTHERN SANITATION SERVICE,,LS-4 122,,CHG  SALE,1586.9,False,"$1,586.90","$1,586.95",$-0.05
2025-06-17,44,1025336,WIZARD,96,SOUTHERN SANITATION SERVICE,,#93 59,,CHG  SALE,41.3,False,$41.30,$41.39,$-0.09
2025-06-17,44,1025375,WIZARD,96,SOUTHERN SANITATION SERVICE,,LS-3 79,,CHG  SALE,27.9,True,$27.90,$27.90,$0.00
2025-06-17,44,1025441,WIZARD,96,SOUTHERN SANITATION SERVICE,,#85 248,,CHG  SALE,52.0,False,$52.00,$52.08,$-0.08
2025-06-17,44,1025482,WIZARD,96,SOUTHERN SANITATION SERVICE,,LS-4 369,,CHG  SALE,134.8,False,$134.80,$0.00,$134.80
2025-06-17,44,1025542,SANDY,98,S.S.S. MINI ROLL-OFF,,LS-3 053,,CHG  SALE,290.6,False,$290.60,$290.63,$-0.03
2025-06-17,44,1025574,WIZARD,96,SOUTHERN SANITATION SERVICE,,#93 177,,CHG  SALE,11.6,False,$11.60,$2.50,$9.10
2025-06-17,44,1025612,SANDY,96,SOUTHERN SANITATION SERVICE,DOCTORS,#85,,CHG  SALE,190.6,False,$190.60,$190.65,$-0.05
2025-06-17,44,1025627,SANDY,96,SOUTHERN SANITATION SERVICE,HEB,LS-4,,CHG  SALE,448.7,False,$448.70,$448.73,$-0.03
2025-06-17,44,1025672,SANDY,98,S.S.S. MINI ROLL-OFF,,LS-3 020,,CHG  SALE,23.2,False,$23.20,$23.25,$-0.05
2025-06-17,44,1025693,WIZARD,96,SOUTHERN SANITATION SERVICE,,#93 251,,CHG  SALE,56.2,False,$56.20,$56.27,$-0.07
2025-06-18,44,1025715,WIZARD,96,SOUTHERN SANITATION SERVICE,,#85 296,,CHG  SALE,6.0,False,$6.00,$6.05,$-0.05
2025-06-18,44,1025719,WIZARD,96,SOUTHERN SANITATION SERVICE,,#87 312,,CHG  SALE,91.6,False,$91.60,$91.61,$-0.01
2025-06-18,44,1025723,ROSIE,98,S.S.S. MINI ROLL-OFF,,LS-3 081,,CHG  SALE,152.0,False,$152.00,$152.06,$-0.06
2025-06-18,44,1025734,ROSIE,96,SOUTHERN SANITATION SERVICE,FLYING JAY,#93,,CHG  SALE,206.9,False,$206.90,$206.93,$-0.03
2025-06-18,44,1025735,ROSIE,96,SOUTHERN SANITATION SERVICE,,LS-4 16,,CHG  SALE,49.7,False,$49.70,$49.76,$-0.06
2025-06-18,44,1025752,ROSIE,98,S.S.S. MINI ROLL-OFF,,LS-3 030,,CHG  SALE,273.8,False,$273.80,$273.89,$-0.09
2025-06-18,44,1025755,WIZARD,96,SOUTHERN SANITATION SERVICE,,#93 194,,CHG  SALE,33.4,False,$33.40,$33.48,$-0.08
2025-06-18,44,1025771,WIZARD,96,SOUTHERN SANITATION SERVICE,,#93 109,,CHG  SALE,55.8,True,$55.80,$55.80,$0.00
2025-06-18,44,1025774,WIZARD,96,SOUTHERN SANITATION SERVICE,,LS-3 339,,CHG  SALE,28.3,False,$28.30,$28.37,$-0.07
2025-06-18,44,1025791,WIZARD,96,SOUTHERN SANITATION SERVICE,,LS-3 84,,CHG  SALE,136.7,False,$136.70,$136.71,$-0.01
2025-06-18,44,1025806,WIZARD,96,SOUTHERN SANITATION SERVICE,,#87 249,,CHG  SALE,46.9,False,$46.90,$46.97,$-0.07
2025-06-18,44,1025814,WIZARD,96,SOUTHERN SANITATION SERVICE,,LS-3 64,,CHG  SALE,41.3,False,$41.30,$0.00,$41.30
2025-06-18,44,1025834,WIZARD,96,SOUTHERN SANITATION SERVICE,,#85 166,,CHG  SALE,32.0,False,$32.00,$32.09,$-0.09
2025-06-18,44,1025844,ROSIE,96,SOUTHERN SANITATION SERVICE,,LS-4 110,,CHG  SALE,17.2,False,$17.20,$17.21,$-0.01
2025-06-18,44,1025869,WIZARD,96,SOUTHERN SANITATION SERVICE,,#93 26,,CHG  SALE,11.6,False,$11.60,$11.63,$-0.03
2025-06-18,44,1025887,WIZARD,96,SOUTHERN SANITATION SERVICE,,#87 153,,CHG  SALE,91.6,False,$91.60,$91.61,$-0.01
2025-06-18,44,1025929,ROSIE,96,SOUTHERN SANITATION SERVICE,LOWE'S,LS-3,,CHG  SALE,321.7,False,$321.70,$321.78,$-0.08
2025-06-18,44,1025936,ROSIE,96,SOUTHERN SANITATION SERVICE,,LS-4 121,,CHG  SALE,115.7,False,$115.70,$115.79,$-0.09
2025-06-18,44,1025953,WIZARD,96,SOUTHERN SANITATION SERVICE,,#85 103,,CHG  SALE,40.9,False,$40.90,$40.92,$-0.02
2025-06-18,44,1026006,WIZARD,96,SOUTHERN SANITATION SERVICE,,#93 42,,CHG  SALE,31.6,False,$31.60,$31.62,$-0.02
2025-06-18,44,1026024,WIZARD,96,SOUTHERN SANITATION SERVICE,,#87 214,,CHG  SALE,38.6,False,$38.60,$0.00,$38.60
2025-06-18,44,1026027,WIZARD,96,SOUTHERN SANITATION SERVICE,,#94 151,,CHG  SALE,64.1,False,$64.10,$64.17,$-0.07
2025-06-18,44,1026031,WIZARD,96,SOUTHERN SANITATION SERVICE,,LS-4 281,,CHG  SALE,57.6,False,$57.60,$57.66,$-0.06
2025-06-18,44,1026063,ROSIE,96,SOUTHERN SANITATION SERVICE,,#94 171,,CHG  SALE,79.0,False,$79.00,$79.05,$-0.05
2025-06-18,44,1026076,ROSIE,96,SOUTHERN SANITATION SERVICE,,#85 277	,,CHG  SALE,103.2,False,$103.20,$103.23,$-0.03
2025-06-18,44,1026081,WIZARD,96,SOUTHERN SANITATION SERVICE,,LS-3 123,,CHG  SALE,153.9,False,$153.90,$33.10,$120.80
2025-06-18,44,1026132,WIZARD,96,SOUTHERN SANITATION SERVICE,,#93 101,,CHG  SALE,71.1,False,$71.10,$71.15,$-0.05
2025-06-18,44,1026134,WIZARD,96,SOUTHERN SANITATION SERVICE,,#85 56,,CHG  SALE,130.2,True,$130.20,$130.20,$0.00
2025-06-18,44,1026146,WIZARD,96,SOUTHERN SANITATION SERVICE,,#94 160,,CHG  SALE,119.0,False,$119.00,$119.04,$-0.04
2025-06-18,44,1026148,ROSIE,96,SOUTHERN SANITATION SERVICE,OUTLETS,LS-4,,CHG  SALE,0.0,True,$0.00,$0.00,$0.00
2025-06-18,44,1026172,ROSIE,98,S.S.S. MINI ROLL-OFF,,LS-3 053,,CHG  SALE,2.7,False,$2.70,$2.79,$-0.09
2025-06-18,44,1026180,ROSIE,96,SOUTHERN SANITATION SERVICE,HOME GOODS,#93,,CHG  SALE,0.0,True,$0.00,$0.00,$0.00
2025-06-18,44,1026185,WIZARD,96,SOUTHERN SANITATION SERVICE,,#94 25,,CHG  SALE,30.6,False,$30.60,$30.69,$-0.09
2025-06-18,44,1026192,ROSIE,98,S.S.S. MINI ROLL-OFF,,#85 039,,CHG  SALE,138.5,False,$138.50,$138.57,$-0.07
2025-06-19,44,1026225,ROSIE,96,SOUTHERN SANITATION SERVICE,,#85 359,,CHG  SALE,71.6,False,$71.60,$71.61,$-0.01
2025-06-19,44,1026240,WIZARD,96,SOUTHERN SANITATION SERVICE,,#87 332,,CHG  SALE,93.4,False,$93.40,$93.47,$-0.07
2025-06-19,44,1026263,SANDY,96,SOUTHERN SANITATION SERVICE,,#94 192,,CHG  SALE,157.6,False,$157.60,$157.64,$-0.04
2025-06-19,44,1026294,WIZARD,96,SOUTHERN SANITATION SERVICE,,#94 146,,CHG  SALE,143.2,False,$143.20,$143.22,$-0.02
2025-06-19,44,1026312,WIZARD,96,SOUTHERN SANITATION SERVICE,,#94 19,,CHG  SALE,122.7,False,$122.70,$122.76,$-0.06
2025-06-19,44,1026328,WIZARD,96,SOUTHERN SANITATION SERVICE,,LS-4 70,,CHG  SALE,73.4,False,$73.40,$0.00,$73.40
2025-06-19,44,1026348,WIZARD,96,SOUTHERN SANITATION SERVICE,,#94 62,,CHG  SALE,41.3,False,$41.30,$41.39,$-0.09
2025-06-19,44,1026352,WIZARD,96,SOUTHERN SANITATION SERVICE,,#85 338,,CHG  SALE,36.7,False,$36.70,$36.74,$-0.04
2025-06-19,44,1026366,WIZARD,96,SOUTHERN SANITATION SERVICE,,LS-4 82,,CHG  SALE,81.8,False,$81.80,$81.84,$-0.04
2025-06-19,44,1026368,WIZARD,96,SOUTHERN SANITATION SERVICE,,LS-3 69,,CHG  SALE,64.6,False,$64.60,$64.64,$-0.04
2025-06-19,44,1026371,WIZARD,96,SOUTHERN SANITATION SERVICE,,#87 147,,CHG  SALE,164.1,False,$164.10,$164.15,$-0.05
2025-06-19,44,1026463,WIZARD,96,SOUTHERN SANITATION SERVICE,,#94 241,,CHG  SALE,117.1,False,$117.10,$117.18,$-0.08
2025-06-19,44,1026502,WIZARD,96,SOUTHERN SANITATION SERVICE,,#85 42,,CHG  SALE,188.7,False,$188.70,$188.79,$-0.09
2025-06-19,44,1026552,WIZARD,96,SOUTHERN SANITATION SERVICE,,#87 22,,CHG  SALE,58.5,False,$58.50,$0.00,$58.50
2025-06-19,44,1026558,WIZARD,96,SOUTHERN SANITATION SERVICE,,LS-4 126,,CHG  SALE,83.2,False,$83.20,$83.24,$-0.04
2025-06-19,44,1026584,WIZARD,96,SOUTHERN SANITATION SERVICE,,#94 279,,CHG  SALE,120.4,False,$120.40,$120.44,$-0.04
2025-06-19,44,1026596,ROSIE,98,S.S.S. MINI ROLL-OFF,,LS-3 015,,CHG  SALE,21.3,False,$21.30,$21.39,$-0.09
2025-06-19,44,1026627,WIZARD,96,SOUTHERN SANITATION SERVICE,,#93 350,,CHG  SALE,63.2,False,$63.20,$63.24,$-0.04
2025-06-19,44,1026633,WIZARD,96,SOUTHERN SANITATION SERVICE,,#85 203,,CHG  SALE,31.6,False,$31.60,$31.62,$-0.02
2025-06-19,44,1026649,WIZARD,96,SOUTHERN SANITATION SERVICE,,#93 155,,CHG  SALE,110.2,False,$110.20,$110.21,$-0.01
2025-06-19,44,1026655,SANDY,96,SOUTHERN SANITATION SERVICE,HEB,LS-4,,CHG  SALE,410.6,True,$410.60,$410.60,$0.00
2025-06-19,44,1026660,WIZARD,96,SOUTHERN SANITATION SERVICE,,#87 108,,CHG  SALE,101.8,False,$101.80,$101.84,$-0.04
2025-06-19,44,1026693,ROSIE,96,SOUTHERN SANITATION SERVICE,,#94 123,,CHG  SALE,36.7,False,$36.70,$36.74,$-0.04
2025-06-19,44,1026702,SANDY,98,S.S.S. MINI ROLL-OFF,,LS-3 081,,CHG  SALE,3.2,False,$3.20,$3.26,$-0.06
2025-06-19,44,1026735,WIZARD,96,SOUTHERN SANITATION SERVICE,,#85 251,,CHG  SALE,35.8,False,$35.80,$35.81,$-0.01
2025-06-19,44,1026748,WIZARD,96,SOUTHERN SANITATION SERVICE,,#94 82,,CHG  SALE,58.5,False,$58.50,$58.59,$-0.09
2025-06-19,44,1026751,WIZARD,96,SOUTHERN SANITATION SERVICE,,#93 227,,CHG  SALE,298.0,False,$298.00,$298.07,$-0.07
2025-06-20,44,1026753,WIZARD,96,SOUTHERN SANITATION SERVICE,,#87 153,,CHG  SALE,53.4,False,$53.40,$53.48,$-0.08
2025-06-20,44,1026782,ROSIE,96,SOUTHERN SANITATION SERVICE,PILOT,#93,,CHG  SALE,315.2,False,$315.20,$315.27,$-0.07
2025-06-20,44,1026799,WIZARD,96,SOUTHERN SANITATION SERVICE,,LS-4 305,,CHG  SALE,91.6,False,$91.60,$91.61,$-0.01
2025-06-20,44,1026851,ROSIE,96,SOUTHERN SANITATION SERVICE,PILOT,#85,,CHG  SALE,317.6,True,$317.60,$317.60,$0.00
2025-06-20,44,1026880,WIZARD,96,SOUTHERN SANITATION SERVICE,,#87 106,,CHG  SALE,50.2,False,$50.20,$50.22,$-0.02
2025-06-20,44,1026968,ROSIE,96,SOUTHERN SANITATION SERVICE,WALMART,#93,,CHG  SALE,181.3,False,$181.30,$181.35,$-0.05
2025-06-20,44,1026971,WIZARD,96,SOUTHERN SANITATION SERVICE,,#85 296,,CHG  SALE,55.8,True,$55.80,$55.80,$0.00
2025-06-20,44,1026983,ROSIE,96,SOUTHERN SANITATION SERVICE,LOWES,LS-4,,CHG  SALE,99.0,False,$99.00,$99.05,$-0.05
2025-06-20,44,1026993,WIZARD,96,SOUTHERN SANITATION SERVICE,,#87 201,,CHG  SALE,59.5,False,$59.50,$59.52,$-0.02
2025-06-20,44,1027049,WIZARD,96,SOUTHERN SANITATION SERVICE,,#94 160,,CHG  SALE,6.0,False,$6.00,$6.05,$-0.05
2025-06-20,44,1027093,WIZARD,96,SOUTHERN SANITATION SERVICE,,#85 226,,CHG  SALE,91.6,False,$91.60,$91.61,$-0.01
2025-06-20,44,1027110,WIZARD,96,SOUTHERN SANITATION SERVICE,,#87 289,,CHG  SALE,120.9,True,$120.90,$120.90,$0.00
2025-06-20,44,1027125,SANDY,96,SOUTHERN SANITATION SERVICE,COTULLA,LS-3,,CHG  SALE,535.2,False,$535.20,$535.22,$-0.02
2025-06-20,44,1027175,WIZARD,96,SOUTHERN SANITATION SERVICE,,LS-4 351,,CHG  SALE,54.8,False,$54.80,$54.87,$-0.07
2025-06-20,44,1027222,SANDY,96,SOUTHERN SANITATION SERVICE,DOCTORS,#85,,CHG  SALE,204.6,True,$204.60,$204.60,$0.00
2025-06-20,44,1027229,WIZARD,96,SOUTHERN SANITATION SERVICE,,#87 336,,CHG  SALE,46.0,False,$46.00,$46.04,$-0.04
2025-06-20,44,1027250,WIZARD,96,SOUTHERN SANITATION SERVICE,,LS-3 295,,CHG  SALE,72.0,False,$72.00,$72.08,$-0.08
2025-06-20,44,1027259,WIZARD,96,SOUTHERN SANITATION SERVICE,,#94 270,,CHG  SALE,109.2,False,$109.20,$0.00,$109.20
2025-06-20,44,1027301,SANDY,96,SOUTHERN SANITATION SERVICE,LA POSADA,LS-4,,CHG  SALE,42.3,False,$42.30,$42.32,$-0.02
2025-06-20,44,1027327,WIZARD,96,SOUTHERN SANITATION SERVICE,,#85 297,,CHG  SALE,31.1,False,$31.10,$31.16,$-0.06
2025-06-20,44,1027329,SANDY,98,S.S.S. MINI ROLL-OFF,,LS-3 075,,CHG  SALE,1288.1,False,"$1,288.10","$1,288.18",$-0.08
2025-06-20,44,1027332,WIZARD,96,SOUTHERN SANITATION SERVICE,,#94 182,,CHG  SALE,146.4,False,$146.40,$146.48,$-0.08
2025-06-20,44,1027333,WIZARD,96,SOUTHERN SANITATION SERVICE,,LS-4 144,,CHG  SALE,177.6,False,$177.60,$177.63,$-0.03
2025-06-21,44,1027402,WIZARD,96,SOUTHERN SANITATION SERVICE,,#87 114,,CHG  SALE,33.0,False,$33.00,$33.02,$-0.02
2025-06-21,44,1027412,WIZARD,96,SOUTHERN SANITATION SERVICE,,LS-3 143,,CHG  SALE,87.8,False,$87.80,$87.89,$-0.09
2025-06-21,44,1027415,WIZARD,96,SOUTHERN SANITATION SERVICE,,#85 353,,CHG  SALE,14.8,False,$14.80,$14.88,$-0.08
2025-06-21,44,1027416,WIZARD,96,SOUTHERN SANITATION SERVICE,,#87 381,,CHG  SALE,61.3,False,$61.30,$61.38,$-0.08
2025-06-21,44,1027433,WIZARD,96,SOUTHERN SANITATION SERVICE,,LS-4 24,,CHG  SALE,49.7,False,$49.70,$49.76,$-0.06
2025-06-21,44,1027436,WIZARD,96,SOUTHERN SANITATION SERVICE,,#94 127,,CHG  SALE,73.9,False,$73.90,$73.94,$-0.04
2025-06-21,44,1027461,WIZARD,96,SOUTHERN SANITATION SERVICE,,#93 291,,CHG  SALE,131.1,False,$131.10,$131.13,$-0.03
2025-06-21,44,1027466,WIZARD,96,SOUTHERN SANITATION SERVICE,,#94 92,,CHG  SALE,49.2,False,$49.20,$49.29,$-0.09
2025-06-21,44,1027495,WIZARD,96,SOUTHERN SANITATION SERVICE,,#94 161,,CHG  SALE,454.3,False,$454.30,$454.31,$-0.01
2025-06-21,44,1027504,ROSIE,96,SOUTHERN SANITATION SERVICE,,#93 345,,CHG  SALE,772.9,False,$772.90,$772.91,$-0.01
2025-06-21,44,1027516,WIZARD,96,SOUTHERN SANITATION SERVICE,,#85 140,,CHG  SALE,22.3,False,$22.30,$22.32,$-0.02
2025-06-21,44,1027527,WIZARD,96,SOUTHERN SANITATION SERVICE,,#87 185,,CHG  SALE,27.4,False,$27.40,$27.44,$-0.04
2025-06-21,44,1027534,ROSIE,98,S.S.S. MINI ROLL-OFF,,LS-3 060,,CHG  SALE,30.6,False,$30.60,$30.23,$0.37
2025-06-21,44,1027583,WIZARD,96,SOUTHERN SANITATION SERVICE,,LS-4 366,,CHG  SALE,64.1,False,$64.10,$64.17,$-0.07
2025-06-21,44,1027609,WIZARD,96,SOUTHERN SANITATION SERVICE,,#94 357,,CHG  SALE,154.3,False,$154.30,$154.38,$-0.08
2025-06-21,44,1027641,WIZARD,96,SOUTHERN SANITATION SERVICE,,#79 155,,CHG  SALE,245.0,False,$245.00,$245.06,$-0.06
2025-06-21,44,1027645,WIZARD,96,SOUTHERN SANITATION SERVICE,,#87 66,,CHG  SALE,96.7,False,$96.70,$96.72,$-0.02
2025-06-21,44,1027664,ROSIE,98,S.S.S. MINI ROLL-OFF,,LS-3 042,,CHG  SALE,48.8,False,$48.80,$48.83,$-0.03
2025-06-21,44,1027691,SANDY,96,SOUTHERN SANITATION SERVICE,,#85 241,,CHG  SALE,0.9,False,$0.90,$0.93,$-0.03
2025-06-21,44,1027709,WIZARD,96,SOUTHERN SANITATION SERVICE,,#94 158,,CHG  SALE,25.5,False,$25.50,$25.58,$-0.08
2025-06-21,44,1027772,WIZARD,96,SOUTHERN SANITATION SERVICE,,#87 3,,CHG  SALE,79.5,False,$79.50,$79.52,$-0.02
2025-06-21,44,1027838,WIZARD,96,SOUTHERN SANITATION SERVICE,,#94 374,,CHG  SALE,233.9,True,$233.90,$233.90,$0.00
2025-06-21,44,1027859,WIZARD,96,SOUTHERN SANITATION SERVICE,,#85 248,,CHG  SALE,3.7,False,$3.70,$3.72,$-0.02
2025-06-21,44,1027877,SANDY,96,SOUTHERN SANITATION SERVICE,HEB,#79,,CHG  SALE,287.3,False,$287.30,$287.37,$-0.07
2025-06-21,44,1027878,SANDY,96,SOUTHERN SANITATION SERVICE,HEB,LS-4,,CHG  SALE,351.0,False,$351.00,$351.08,$-0.08
2025-06-21,44,1027884,ROSIE,98,S.S.S. MINI ROLL-OFF,,LS-3 047,,CHG  SALE,181.3,False,$181.30,$181.35,$-0.05
2025-06-21,44,1027906,WIZARD,96,SOUTHERN SANITATION SERVICE,,#79 172,,CHG  SALE,67.4,False,$67.40,$67.43,$-0.03
2025-06-21,44,1027922,ROSIE,98,S.S.S. MINI ROLL-OFF,,LS-3 053,,CHG  SALE,18.6,True,$18.60,$18.60,$0.00
2025-06-21,44,1027925,WIZARD,96,SOUTHERN SANITATION SERVICE,,#94 43,,CHG  SALE,56.7,False,$56.70,$56.73,$-0.03
2025-06-21,44,1027949,ROSIE,98,S.S.S. MINI ROLL-OFF,,LS-4 033,,CHG  SALE,9.7,False,$9.70,$9.77,$-0.07
2025-06-21,44,1027971,WIZARD,96,SOUTHERN SANITATION SERVICE,,#79 191,,CHG  SALE,29.3,True,$29.30,$29.30,$0.00
2025-06-23,44,1028009,SANDY,96,SOUTHERN SANITATION SERVICE,LOVES,#93,,CHG  SALE,165.5,False,$165.50,$156.24,$9.26
2025-06-23,44,1028022,SANDY,96,SOUTHERN SANITATION SERVICE,LA POSADA,#79,,CHG  SALE,27.9,True,$27.90,$27.90,$0.00
2025-06-23,44,1028068,SANDY,96,SOUTHERN SANITATION SERVICE,,#85,,CHG  SALE,108.3,False,$108.30,$108.35,$-0.05
2025-06-23,44,1028070,WIZARD,96,SOUTHERN SANITATION SERVICE,,#87 9,,CHG  SALE,28.8,False,$28.80,$28.83,$-0.03
2025-06-23,44,1028096,WIZARD,96,SOUTHERN SANITATION SERVICE,,#87 225,,CHG  SALE,55.3,False,$55.30,$55.34,$-0.04
2025-06-23,44,1028154,WIZARD,96,SOUTHERN SANITATION SERVICE,,#93 339,,CHG  SALE,40.9,False,$40.90,$40.92,$-0.02
2025-06-23,44,1028162,SANDY,96,SOUTHERN SANITATION SERVICE,COTULLA,LS-3,,CHG  SALE,277.1,False,$277.10,$277.14,$-0.04
2025-06-23,44,1028184,SANDY,96,SOUTHERN SANITATION SERVICE,,#93,,CHG  SALE,71.6,False,$71.60,$71.61,$-0.01
2025-06-23,44,1028207,WIZARD,96,SOUTHERN SANITATION SERVICE,,#85 251,,CHG  SALE,13.0,False,$13.00,$13.02,$-0.02
2025-06-23,44,1028209,WIZARD,96,SOUTHERN SANITATION SERVICE,,#87 108,,CHG  SALE,54.4,False,$54.40,$54.41,$-0.01
2025-06-23,44,1028230,WIZARD,96,SOUTHERN SANITATION SERVICE,,LS-4 348,,CHG  SALE,214.8,False,$214.80,$214.83,$-0.03
2025-06-23,44,1028261,ROSIE,98,S.S.S. MINI ROLL-OFF,,LS-3 075,,CHG  SALE,33.4,False,$33.40,$33.48,$-0.08
2025-06-23,44,1028341,WIZARD,96,SOUTHERN SANITATION SERVICE,,#87 170,,CHG  SALE,73.9,False,$73.90,$73.94,$-0.04
2025-06-23,44,1028382,ROSIE,96,SOUTHERN SANITATION SERVICE,,#85,,CHG  SALE,450.1,False,$450.10,$450.12,$-0.02
2025-06-23,44,1028384,ROSIE,98,S.S.S. MINI ROLL-OFF,,LS-3 015,,CHG  SALE,27.4,False,$27.40,$27.44,$-0.04
2025-06-23,44,1028396,WIZARD,96,SOUTHERN SANITATION SERVICE,,#93 359,,CHG  SALE,53.4,False,$53.40,$53.48,$-0.08
2025-06-23,44,1028415,WIZARD,96,SOUTHERN SANITATION SERVICE,,LS-4 69,,CHG  SALE,22.3,False,$22.30,$22.32,$-0.02
2025-06-23,44,1028447,WIZARD,96,SOUTHERN SANITATION SERVICE,,#87 8,,CHG  SALE,36.7,False,$36.70,$36.74,$-0.04
2025-06-23,44,1028452,WIZARD,96,SOUTHERN SANITATION SERVICE,,#93 123,,CHG  SALE,117.1,False,$117.10,$117.18,$-0.08
2025-06-23,44,1028462,ROSIE,98,S.S.S. MINI ROLL-OFF,,LS-3 065,,CHG  SALE,41.8,False,$41.80,$41.85,$-0.05
2025-06-23,44,1028525,WIZARD,96,SOUTHERN SANITATION SERVICE,,#93 279,,CHG  SALE,21.8,False,$21.80,$21.86,$-0.06
2025-06-23,44,1028529,WIZARD,96,SOUTHERN SANITATION SERVICE,,#87 225,,CHG  SALE,30.2,False,$30.20,$30.23,$-0.03
2025-06-23,44,1028535,ROSIE,96,SOUTHERN SANITATION SERVICE,LOWES,#79,,CHG  SALE,70.6,False,$70.60,$70.68,$-0.08
2025-06-23,44,1028541,WIZARD,96,SOUTHERN SANITATION SERVICE,,#85 59,,CHG  SALE,71.1,False,$71.10,$71.15,$-0.05
2025-06-23,44,1028546,ROSIE,98,S.S.S. MINI ROLL-OFF,,LS-3 039,,CHG  SALE,671.1,False,$671.10,$671.15,$-0.05
2025-06-24,44,1028573,WIZARD,96,SOUTHERN SANITATION SERVICE,,#87 138,,CHG  SALE,29.7,False,$29.70,$29.76,$-0.06
2025-06-24,44,1028575,SANDY,98,S.S.S. MINI ROLL-OFF,,LS-3 014,,CHG  SALE,21.3,False,$21.30,$21.39,$-0.09
2025-06-24,44,1028597,WIZARD,96,SOUTHERN SANITATION SERVICE,,LS-4 151,,CHG  SALE,72.0,False,$72.00,$72.08,$-0.08
2025-06-24,44,1028599,ROSIE,96,SOUTHERN SANITATION SERVICE,,#85 56,,CHG  SALE,43.7,False,$43.70,$43.71,$-0.01
2025-06-24,44,1028603,WIZARD,96,SOUTHERN SANITATION SERVICE,,#93 195,,CHG  SALE,82.7,False,$82.70,$82.77,$-0.07
2025-06-24,44,1028669,WIZARD,96,SOUTHERN SANITATION SERVICE,,#87 348,,CHG  SALE,159.9,False,$159.90,$159.96,$-0.06
2025-06-24,44,1028678,WIZARD,96,SOUTHERN SANITATION SERVICE,,#93 158,,CHG  SALE,56.2,False,$56.20,$56.27,$-0.07
2025-06-24,44,1028733,SANDY,96,SOUTHERN SANITATION SERVICE,,#79 17,,CHG  SALE,2623.9,False,"$2,623.90","$2,623.98",$-0.08
2025-06-24,44,1028734,SANDY,98,S.S.S. MINI ROLL-OFF,,LS-3 041,,CHG  SALE,111.6,True,$111.60,$111.60,$0.00
2025-06-24,44,1028736,SANDY,96,SOUTHERN SANITATION SERVICE,HEB,#85,,CHG  SALE,439.8,False,$439.80,$439.89,$-0.09
2025-06-24,44,1028801,SANDY,96,SOUTHERN SANITATION SERVICE,HEB,#93,,CHG  SALE,485.4,False,$485.40,$485.46,$-0.06
2025-06-24,44,1028813,WIZARD,96,SOUTHERN SANITATION SERVICE,,#87 246,,CHG  SALE,195.7,False,$195.70,$195.77,$-0.07
2025-06-24,44,1028855,ROSIE,96,SOUTHERN SANITATION SERVICE,OUTLETS,#79,,CHG  SALE,0.0,True,$0.00,$0.00,$0.00
2025-06-24,44,1028912,WIZARD,96,SOUTHERN SANITATION SERVICE,,#87 8,,CHG  SALE,41.3,False,$41.30,$41.39,$-0.09
2025-06-24,44,1028957,ROSIE,96,SOUTHERN SANITATION SERVICE,DOCTORS,#85,,CHG  SALE,193.9,False,$193.90,$193.91,$-0.01
2025-06-24,44,1028987,ROSIE,98,S.S.S. MINI ROLL-OFF,,#94 073,,CHG  SALE,302.2,False,$302.20,$302.25,$-0.05
2025-06-24,44,1029009,WIZARD,96,SOUTHERN SANITATION SERVICE,,#93 325,,CHG  SALE,132.9,False,$132.90,$132.99,$-0.09
2025-06-24,44,1029027,WIZARD,96,SOUTHERN SANITATION SERVICE,,#87 379,,CHG  SALE,41.8,False,$41.80,$41.85,$-0.05
2025-06-24,44,1029028,ROSIE,96,SOUTHERN SANITATION SERVICE,,#79 369,,CHG  SALE,13.0,False,$13.00,$13.02,$-0.02
2025-06-24,44,1029045,WIZARD,96,SOUTHERN SANITATION SERVICE,,#93 349,,CHG  SALE,92.0,False,$92.00,$92.07,$-0.07
2025-06-24,44,1029112,ROSIE,96,SOUTHERN SANITATION SERVICE,OJOS LOCOS,#85,,CHG  SALE,201.3,False,$201.30,$201.35,$-0.05
2025-06-24,44,1029136,WIZARD,96,SOUTHERN SANITATION SERVICE,,#87 249,,CHG  SALE,56.2,False,$56.20,$56.27,$-0.07
2025-06-24,44,1029137,ROSIE,98,S.S.S. MINI ROLL-OFF,,#94 030,,CHG  SALE,35.3,False,$35.30,$50.00,$-14.70
2025-06-24,44,1029137,ROSIE,98,S.S.S. MINI ROLL-OFF,,#94 030,,CHG  SALE,50.0,True,$50.00,$50.00,$0.00
2025-06-24,44,1029140,ROSIE,96,SOUTHERN SANITATION SERVICE,HEB,#93,,CHG  SALE,279.0,True,$279.00,$279.00,$0.00
2025-06-24,44,1029164,WIZARD,96,SOUTHERN SANITATION SERVICE,,#93 134,,CHG  SALE,98.5,False,$98.50,$98.58,$-0.08
2025-06-24,44,1029170,ROSIE,98,S.S.S. MINI ROLL-OFF,,#94 069,,CHG  SALE,42.3,False,$42.30,$42.32,$-0.02
2025-06-24,44,1029177,WIZARD,96,SOUTHERN SANITATION SERVICE,,#94 79,,CHG  SALE,85.1,True,$85.10,$85.10,$0.00
2025-06-25,44,1029192,WIZARD,96,SOUTHERN SANITATION SERVICE,,#94 253,,CHG  SALE,51.6,False,$51.60,$51.62,$-0.02
2025-06-25,44,1029218,WIZARD,96,SOUTHERN SANITATION SERVICE,,#87 106,,CHG  SALE,69.2,False,$69.20,$69.29,$-0.09
2025-06-25,44,1029222,WIZARD,96,SOUTHERN SANITATION SERVICE,,#93 344,,CHG  SALE,73.0,False,$73.00,$0.00,$73.00
2025-06-25,44,1029240,WIZARD,96,SOUTHERN SANITATION SERVICE,,#85 248,,CHG  SALE,42.3,False,$42.30,$42.32,$-0.02
2025-06-25,44,1029249,ROSIE,98,S.S.S. MINI ROLL-OFF,,#94 066,,CHG  SALE,53.0,False,$53.00,$53.01,$-0.01
2025-06-25,44,1029284,WIZARD,96,SOUTHERN SANITATION SERVICE,,#87 87,,CHG  SALE,88.3,False,$88.30,$88.35,$-0.05
2025-06-25,44,1029293,WIZARD,96,SOUTHERN SANITATION SERVICE,,#94 257,,CHG  SALE,45.1,False,$45.10,$45.11,$-0.01
2025-06-25,44,1029321,WIZARD,96,SOUTHERN SANITATION SERVICE,,#93 358,,CHG  SALE,134.3,False,$134.30,$134.39,$-0.09
2025-06-25,44,1029358,WIZARD,96,SOUTHERN SANITATION SERVICE,,#85 7,,CHG  SALE,67.4,False,$67.40,$67.43,$-0.03
2025-06-25,44,1029411,ROSIE,96,SOUTHERN SANITATION SERVICE,,#93 64,,CHG  SALE,1086.8,False,"$1,086.80","$1,086.83",$-0.03
2025-06-25,44,1029420,WIZARD,96,SOUTHERN SANITATION SERVICE,,#87 115,,CHG  SALE,159.0,False,$159.00,$159.03,$-0.03
2025-06-25,44,1029464,ROSIE,98,S.S.S. MINI ROLL-OFF,,#94 020,,CHG  SALE,110.2,False,$110.20,$110.21,$-0.01
2025-06-25,44,1029500,WIZARD,96,SOUTHERN SANITATION SERVICE,,#87 246,,CHG  SALE,40.9,False,$40.90,$40.92,$-0.02
2025-06-25,44,1029569,WIZARD,96,SOUTHERN SANITATION SERVICE,,#93 26,,CHG  SALE,46.5,True,$46.50,$46.50,$0.00
2025-06-25,44,1029604,WIZARD,96,SOUTHERN SANITATION SERVICE,,#85 315,,CHG  SALE,131.6,True,$131.60,$131.60,$0.00
2025-06-25,44,1029619,ROSIE,96,SOUTHERN SANITATION SERVICE,,#87,,CHG  SALE,170.6,False,$170.60,$170.66,$-0.06
2025-06-25,44,1029644,ROSIE,98,S.S.S. MINI ROLL-OFF,,#94 053,,CHG  SALE,45.5,False,$45.50,$0.00,$45.50
2025-06-25,44,1029665,WIZARD,96,SOUTHERN SANITATION SERVICE,,#94 253,,CHG  SALE,93.4,False,$93.40,$93.47,$-0.07
2025-06-25,44,1029666,WIZARD,96,SOUTHERN SANITATION SERVICE,,#93 119,,CHG  SALE,48.8,False,$48.80,$48.83,$-0.03
2025-06-25,44,1029691,WIZARD,96,SOUTHERN SANITATION SERVICE,,#85 345,,CHG  SALE,247.8,False,$247.80,$247.85,$-0.05
2025-06-25,44,1029725,WIZARD,96,SOUTHERN SANITATION SERVICE,,#94 122,,CHG  SALE,71.1,False,$71.10,$71.15,$-0.05
2025-06-25,44,1029749,ROSIE,96,SOUTHERN SANITATION SERVICE,,#94 359,,CHG  SALE,154.3,False,$154.30,$154.38,$-0.08
2025-06-26,44,1029775,SANDY,98,S.S.S. MINI ROLL-OFF,,LS-3 035,,CHG  SALE,87.4,False,$87.40,$87.42,$-0.02
2025-06-26,44,1029796,WIZARD,96,SOUTHERN SANITATION SERVICE,,#85 339,,CHG  SALE,29.7,False,$29.70,$29.76,$-0.06
2025-06-26,44,1029800,ROSIE,96,SOUTHERN SANITATION SERVICE,,LS-3 373,,CHG  SALE,212.9,False,$212.90,$212.97,$-0.07
2025-06-26,44,1029809,WIZARD,96,SOUTHERN SANITATION SERVICE,,#87 200,,CHG  SALE,24.6,False,$24.60,$26.04,$-1.44
2025-06-26,44,1029836,WIZARD,96,SOUTHERN SANITATION SERVICE,,#87 144,,CHG  SALE,51.1,False,$51.10,$51.15,$-0.05
2025-06-26,44,1029881,SANDY,96,SOUTHERN SANITATION SERVICE,,#85 251,,CHG  SALE,89.2,False,$89.20,$89.28,$-0.08
2025-06-26,44,1029931,WIZARD,96,SOUTHERN SANITATION SERVICE,,#87 59,,CHG  SALE,28.8,False,$28.80,$28.83,$-0.03
2025-06-26,44,1029937,WIZARD,96,SOUTHERN SANITATION SERVICE,,LS-4 281,,CHG  SALE,44.1,False,$44.10,$44.18,$-0.08
2025-06-26,44,1029993,WIZARD,96,SOUTHERN SANITATION SERVICE,,#94 92,,CHG  SALE,47.4,False,$47.40,$47.43,$-0.03
2025-06-26,44,1029998,WIZARD,96,SOUTHERN SANITATION SERVICE,,#85 166,,CHG  SALE,30.6,False,$30.60,$30.69,$-0.09
2025-06-26,44,1030004,WIZARD,96,SOUTHERN SANITATION SERVICE,,#94 191,,CHG  SALE,79.9,False,$79.90,$79.98,$-0.08
2025-06-26,44,1030035,WIZARD,96,SOUTHERN SANITATION SERVICE,,#94 160,,CHG  SALE,174.3,False,$174.30,$174.38,$-0.08
2025-06-26,44,1030115,SANDY,96,SOUTHERN SANITATION SERVICE,HEB,#85,,CHG  SALE,520.3,False,$520.30,$520.34,$-0.04
2025-06-26,44,1030124,WIZARD,96,SOUTHERN SANITATION SERVICE,,#87 115,,CHG  SALE,31.1,False,$31.10,$0.00,$31.10
2025-06-26,44,1030156,ROSIE,96,SOUTHERN SANITATION SERVICE,,#79,,CHG  SALE,355.7,False,$355.70,$355.73,$-0.03
2025-06-26,44,1030212,WIZARD,96,SOUTHERN SANITATION SERVICE,,LS-3 49,,CHG  SALE,38.1,False,$38.10,$38.13,$-0.03
2025-06-26,44,1030233,SANDY,96,SOUTHERN SANITATION SERVICE,,LS-3 94,,CHG  SALE,304.1,False,$304.10,$304.11,$-0.01
2025-06-26,44,1030243,WIZARD,96,SOUTHERN SANITATION SERVICE,,#87 106,,CHG  SALE,58.1,False,$58.10,$0.00,$58.10
2025-06-26,44,1030256,WIZARD,96,SOUTHERN SANITATION SERVICE,,#94 160,,CHG  SALE,21.8,False,$21.80,$0.00,$21.80
2025-06-26,44,1030258,WIZARD,96,SOUTHERN SANITATION SERVICE,,#85 221,,CHG  SALE,325.5,True,$325.50,$325.50,$0.00
2025-06-26,44,1030293,WIZARD,96,SOUTHERN SANITATION SERVICE,,#85 77,,CHG  SALE,58.5,False,$58.50,$58.59,$-0.09
2025-06-26,44,1030295,ROSIE,96,SOUTHERN SANITATION SERVICE,HEB,LS-3,,CHG  SALE,426.8,False,$426.80,$426.87,$-0.07
2025-06-26,44,1030320,SANDY,96,SOUTHERN SANITATION SERVICE,,#79 334,,CHG  SALE,70.2,False,$70.20,$70.22,$-0.02
2025-06-26,44,1030322,WIZARD,96,SOUTHERN SANITATION SERVICE,,#94 78,,CHG  SALE,115.3,False,$115.30,$115.32,$-0.02
2025-06-27,44,1030327,WIZARD,96,SOUTHERN SANITATION SERVICE,,#85 367,,CHG  SALE,165.0,False,$165.00,$165.08,$-0.08
2025-06-27,44,1030352,WIZARD,98,S.S.S. MINI ROLL-OFF,,#82 079,,CHG  SALE,215.3,True,$215.30,$215.30,$0.00
2025-06-27,44,1030366,WIZARD,96,SOUTHERN SANITATION SERVICE,,#87 237,,CHG  SALE,160.8,False,$160.80,$160.89,$-0.09
2025-06-27,44,1030372,WIZARD,98,S.S.S. MINI ROLL-OFF,,#82 020,,CHG  SALE,33.4,False,$33.40,$33.48,$-0.08
2025-06-27,44,1030385,WIZARD,96,SOUTHERN SANITATION SERVICE,,#94 141,,CHG  SALE,94.8,False,$94.80,$94.86,$-0.06
2025-06-27,44,1030395,SANDY,96,SOUTHERN SANITATION SERVICE,HEB,#79,,CHG  SALE,341.7,False,$341.70,$341.78,$-0.08
2025-06-27,44,1030420,WIZARD,96,SOUTHERN SANITATION SERVICE,,#85 370,,CHG  SALE,87.8,False,$87.80,$87.89,$-0.09
2025-06-27,44,1030427,WIZARD,96,SOUTHERN SANITATION SERVICE,,LS-3 172,,CHG  SALE,55.3,False,$55.30,$55.34,$-0.04
2025-06-27,44,1030452,SANDY,96,SOUTHERN SANITATION SERVICE,HEB,#94,,CHG  SALE,330.1,False,$330.10,$330.15,$-0.05
2025-06-27,44,1030480,WIZARD,96,SOUTHERN SANITATION SERVICE,,#94 69,,CHG  SALE,65.5,False,$65.50,$65.57,$-0.07
2025-06-27,44,1030485,WIZARD,96,SOUTHERN SANITATION SERVICE,,#87 234,,CHG  SALE,184.1,False,$184.10,$184.14,$-0.04
2025-06-27,44,1030488,WIZARD,96,SOUTHERN SANITATION SERVICE,,#85 54,,CHG  SALE,38.6,True,$38.60,$38.60,$0.00
2025-06-27,44,1030536,WIZARD,96,SOUTHERN SANITATION SERVICE,,#94 175,,CHG  SALE,221.3,False,$221.30,$221.34,$-0.04
2025-06-27,44,1030556,SANDY,96,SOUTHERN SANITATION SERVICE,SAMS,#79,,CHG  SALE,233.4,False,$233.40,$233.43,$-0.03
2025-06-27,44,1030561,WIZARD,96,SOUTHERN SANITATION SERVICE,,#94 167,,CHG  SALE,126.4,False,$126.40,$126.48,$-0.08
2025-06-27,44,1030582,WIZARD,96,SOUTHERN SANITATION SERVICE,,#87 105,,CHG  SALE,190.1,False,$190.10,$190.19,$-0.09
2025-06-27,44,1030673,WIZARD,96,SOUTHERN SANITATION SERVICE,,LS-4 253,,CHG  SALE,134.8,False,$134.80,$134.85,$-0.05
2025-06-27,44,1030682,WIZARD,96,SOUTHERN SANITATION SERVICE,,#94 117,,CHG  SALE,82.7,False,$82.70,$82.77,$-0.07
2025-06-27,44,1030685,WIZARD,96,SOUTHERN SANITATION SERVICE,,LS-4 299,,CHG  SALE,102.3,True,$102.30,$102.30,$0.00
2025-06-27,44,1030688,WIZARD,96,SOUTHERN SANITATION SERVICE,,#87 376,,CHG  SALE,69.2,False,$69.20,$69.29,$-0.09
2025-06-27,44,1030696,ROSIE,96,SOUTHERN SANITATION SERVICE,WALMART,#85,,CHG  SALE,540.3,False,$540.30,$517.08,$23.22
2025-06-27,44,1030707,WIZARD,96,SOUTHERN SANITATION SERVICE,,LS-4 42,,CHG  SALE,26.9,False,$26.90,$26.97,$-0.07
2025-06-27,44,1030766,ROSIE,96,SOUTHERN SANITATION SERVICE,,#94 358,,CHG  SALE,142.7,False,$142.70,$142.76,$-0.06
2025-06-27,44,1030771,ROSIE,96,SOUTHERN SANITATION SERVICE,,LS-4,,CHG  SALE,38.1,False,$38.10,$38.13,$-0.03
2025-06-27,44,1030790,WIZARD,96,SOUTHERN SANITATION SERVICE,,LS-4 200,,CHG  SALE,42.7,False,$42.70,$42.78,$-0.08
2025-06-27,44,1030801,WIZARD,96,SOUTHERN SANITATION SERVICE,,#87 50,,CHG  SALE,86.4,False,$86.40,$86.49,$-0.09
2025-06-27,44,1030818,ROSIE,96,SOUTHERN SANITATION SERVICE,DOCTORS,#85,,CHG  SALE,202.7,False,$202.70,$202.74,$-0.04
2025-06-27,44,1030827,WIZARD,96,SOUTHERN SANITATION SERVICE,,#87 53,,CHG  SALE,333.4,False,$333.40,$333.41,$-0.01
2025-06-27,44,1030857,ROSIE,96,SOUTHERN SANITATION SERVICE,HEB,LS-4,,CHG  SALE,103.7,True,$103.70,$103.70,$0.00
2025-06-27,44,1030859,WIZARD,96,SOUTHERN SANITATION SERVICE,,#94 4,,CHG  SALE,126.9,False,$126.90,$0.00,$126.90
2025-06-27,44,1030869,SANDY,96,SOUTHERN SANITATION SERVICE,,#79 380,,CHG  SALE,510.1,False,$510.10,$510.11,$-0.01
2025-06-27,44,1030876,WIZARD,96,SOUTHERN SANITATION SERVICE,,#94 182,,CHG  SALE,517.0,False,$517.00,$517.08,$-0.08
2025-06-28,44,1030877,WIZARD,96,SOUTHERN SANITATION SERVICE,,#94 295,,CHG  SALE,50.2,False,$50.20,$50.22,$-0.02
2025-06-28,44,1030887,WIZARD,96,SOUTHERN SANITATION SERVICE,,LS-3 323,,CHG  SALE,142.2,False,$142.20,$142.29,$-0.09
2025-06-28,44,1030967,WIZARD,96,SOUTHERN SANITATION SERVICE,,#94 371,,CHG  SALE,51.1,False,$51.10,$51.15,$-0.05
2025-06-28,44,1030990,WIZARD,96,SOUTHERN SANITATION SERVICE,,#94 227,,CHG  SALE,75.3,False,$75.30,$75.33,$-0.03
2025-06-28,44,1030999,WIZARD,96,SOUTHERN SANITATION SERVICE,,#85 353,,CHG  SALE,31.6,False,$31.60,$31.62,$-0.02
2025-06-28,44,1031009,WIZARD,96,SOUTHERN SANITATION SERVICE,,LS-4 175,,CHG  SALE,452.4,False,$452.40,$452.45,$-0.05
2025-06-28,44,1031016,WIZARD,96,SOUTHERN SANITATION SERVICE,,LS-4 104,,CHG  SALE,44.1,False,$44.10,$44.18,$-0.08
2025-06-28,44,1031102,WIZARD,96,SOUTHERN SANITATION SERVICE,,#94 371,,CHG  SALE,324.5,False,$324.50,$324.57,$-0.07
2025-06-28,44,1031145,JENNIFER,96,SOUTHERN SANITATION SERVICE,,#85 297,,CHG  SALE,6.0,False,$6.00,$6.05,$-0.05
2025-06-28,44,1031179,WIZARD,96,SOUTHERN SANITATION SERVICE,,LS-4 3,,CHG  SALE,5.5,False,$5.50,$5.58,$-0.08
2025-06-28,44,1031231,WIZARD,96,SOUTHERN SANITATION SERVICE,,#94 30,,CHG  SALE,96.7,False,$96.70,$96.72,$-0.02
2025-06-28,44,1031281,WIZARD,96,SOUTHERN SANITATION SERVICE,,LS-4 42,,CHG  SALE,44.6,False,$44.60,$0.00,$44.60
2025-06-28,44,1031299,WIZARD,96,SOUTHERN SANITATION SERVICE,,#85 241,,CHG  SALE,5.5,False,$5.50,$5.58,$-0.08
2025-06-28,44,1031302,WIZARD,96,SOUTHERN SANITATION SERVICE,,#0216 0393,,CHG  SALE,46.5,False,$46.50,$0.00,$46.50
2025-06-28,44,1031343,WIZARD,96,SOUTHERN SANITATION SERVICE,,LS-4 263,,CHG  SALE,66.0,False,$66.00,$0.00,$66.00
2025-06-28,44,1031349,WIZARD,96,SOUTHERN SANITATION SERVICE,,#94 315,,CHG  SALE,377.1,False,$377.10,$377.12,$-0.02
2025-06-28,44,1031403,JENNIFER,96,SOUTHERN SANITATION SERVICE,TARGET,#79,,CHG  SALE,330.1,False,$330.10,$330.15,$-0.05
2025-06-28,44,1031501,WIZARD,96,SOUTHERN SANITATION SERVICE,,#94 356,,CHG  SALE,110.2,False,$110.20,$110.21,$-0.01
2025-06-30,44,1031539,WIZARD,96,SOUTHERN SANITATION SERVICE,,#87 59,,CHG  SALE,54.8,False,$54.80,$54.87,$-0.07
2025-06-30,44,1031551,ROSIE,96,SOUTHERN SANITATION SERVICE,,#94,,CHG  SALE,71.6,False,$71.60,$15.40,$56.20
2025-06-30,44,1031578,SANDY,98,S.S.S. MINI ROLL-OFF,,#79 016,,CHG  SALE,21.8,False,$21.80,$21.86,$-0.06
2025-06-30,44,1031615,WIZARD,96,SOUTHERN SANITATION SERVICE,,LS-4 9,,CHG  SALE,65.5,False,$65.50,$65.57,$-0.07
2025-06-30,44,1031648,WIZARD,96,SOUTHERN SANITATION SERVICE,,#87 91,,CHG  SALE,124.6,False,$124.60,$124.62,$-0.02
2025-06-30,44,1031659,WIZARD,96,SOUTHERN SANITATION SERVICE,,LS-4 111,,CHG  SALE,131.6,True,$131.60,$131.60,$0.00
2025-06-30,44,1031672,WIZARD,96,SOUTHERN SANITATION SERVICE,,#94 191,,CHG  SALE,64.6,False,$64.60,$64.64,$-0.04
2025-06-30,44,1031710,WIZARD,96,SOUTHERN SANITATION SERVICE,,#85 291,,CHG  SALE,74.4,True,$74.40,$74.40,$0.00
2025-06-30,44,1031716,SANDY,96,SOUTHERN SANITATION SERVICE,,LS-4 7,,CHG  SALE,216.6,False,$216.60,$216.69,$-0.09
2025-06-30,44,1031752,WIZARD,96,SOUTHERN SANITATION SERVICE,,#94 306,,CHG  SALE,152.0,False,$152.00,$152.06,$-0.06
2025-06-30,44,1031773,WIZARD,96,SOUTHERN SANITATION SERVICE,,#94 120,,CHG  SALE,151.5,False,$151.50,$151.59,$-0.09
2025-06-30,44,1031780,WIZARD,96,SOUTHERN SANITATION SERVICE,,LS-4 166,,CHG  SALE,979.2,False,$979.20,$979.29,$-0.09
2025-06-30,44,1031784,SANDY,96,SOUTHERN SANITATION SERVICE,HEB,#85,,CHG  SALE,10.7,True,$10.70,$10.70,$0.00
2025-06-30,44,1031787,WIZARD,96,SOUTHERN SANITATION SERVICE,,LS-4 112,,CHG  SALE,75.8,True,$75.80,$75.80,$0.00
2025-06-30,44,1031844,WIZARD,96,SOUTHERN SANITATION SERVICE,,#87 70,,CHG  SALE,69.7,False,$69.70,$69.75,$-0.05
2025-06-30,44,1031874,WIZARD,96,SOUTHERN SANITATION SERVICE,,LS-4 190,,CHG  SALE,40.4,False,$40.40,$40.46,$-0.06
2025-06-30,44,1031884,SANDY,96,SOUTHERN SANITATION SERVICE,LA POSADA,#85,,CHG  SALE,24.6,False,$24.60,$24.65,$-0.05
2025-06-30,44,1031922,WIZARD,96,SOUTHERN SANITATION SERVICE,,LS-4 94,,CHG  SALE,29.3,True,$29.30,$29.30,$0.00
2025-06-30,44,1031924,SANDY,96,SOUTHERN SANITATION SERVICE,,#79,,CHG  SALE,118.5,False,$118.50,$118.58,$-0.08
2025-06-30,44,1031925,WIZARD,96,SOUTHERN SANITATION SERVICE,,#94 350,,CHG  SALE,60.9,False,$60.90,$60.92,$-0.02
2025-06-30,44,1031940,WIZARD,96,SOUTHERN SANITATION SERVICE,,#87 114,,CHG  SALE,7.9,False,$7.90,$7.91,$-0.01
2025-06-30,44,1031953,WIZARD,96,SOUTHERN SANITATION SERVICE,,#94 294,,CHG  SALE,262.7,False,$262.70,$262.73,$-0.03
2025-06-30,44,1031960,WIZARD,96,SOUTHERN SANITATION SERVICE,,#85 122,,CHG  SALE,165.5,False,$165.50,$165.54,$-0.04
2025-06-30,44,1031963,WIZARD,96,SOUTHERN SANITATION SERVICE,,LS-4 123,,CHG  SALE,86.0,False,$86.00,$0.00,$86.00
