DateIn,Site,Ticket,Operator,CustNum,Customer,Reference,Vehicle,Rolloff,TransType,Amount
2025-06-02,44,1017855,WIZARD,96,SOUTHERN SANITATION SERVICE,,#94 74,,CHG  SALE,157.10
2025-06-02,44,1017863,WIZARD,96,SOUTHERN SANITATION SERVICE,,#87 146,,CHG  SALE,42.30
2025-06-02,44,1017864,AKEMY,96,SOUTHERN SANITATION SERVICE,WALTMART,#79,,CHG  SALE,411.00
2025-06-02,44,1017890,AKEMY,96,SOUTHERN SANITATION SERVICE,LOVES,#93,,CHG  SALE,343.60
2025-06-02,44,1017896,WIZARD,96,SOUTHERN SANITATION SERVICE,,#94 137,,CHG  SALE,41.30
2025-06-02,44,1017968,AKEMY,96,SOUTHERN SANITATION SERVICE,,#85,,CHG  SALE,140.90
2025-06-02,44,1017975,WIZARD,96,SOUTHERN SANITATION SERVICE,,#87 329,,CHG  SALE,46.90
2025-06-02,44,1018076,AKEMY,96,SOUTHERN SANITATION SERVICE,LOWES,#94,,CHG  SALE,147.40
2025-06-02,44,1018104,ROSIE,96,SOUTHERN SANITATION SERVICE,,#85 144,,CHG  SALE,0.40
2025-06-02,44,1018113,WIZARD,96,SOUTHERN SANITATION SERVICE,,#87 70,,CHG  SALE,149.70
2025-06-02,44,1018140,ROSIE,96,SOUTHERN SANITATION SERVICE,LOVE'S,#93,,CHG  SALE,302.70
2025-06-02,44,1018190,ROSIE,96,SOUTHERN SANITATION SERVICE,,LS-4,,CHG  SALE,136.70
2025-06-02,44,1018237,WIZARD,98,S.S.S. MINI ROLL-OFF,,#82 053,,CHG  SALE,24.10
2025-06-02,44,1018247,WIZARD,96,SOUTHERN SANITATION SERVICE,,#85 369,,CHG  SALE,30.60
2025-06-02,44,1018254,WIZARD,96,SOUTHERN SANITATION SERVICE,,#87 285,,CHG  SALE,269.70
2025-06-02,44,1018377,AKEMY,98,S.S.S. MINI ROLL-OFF,,#82 065,,CHG  SALE,240.30
2025-06-02,44,1018390,WIZARD,96,SOUTHERN SANITATION SERVICE,,#87 72,,CHG  SALE,46.90
2025-06-02,44,1018412,WIZARD,96,SOUTHERN SANITATION SERVICE,,#85 123,,CHG  SALE,69.70
2025-06-02,44,1018415,WIZARD,98,S.S.S. MINI ROLL-OFF,,#82 033,,CHG  SALE,30.60
2025-06-02,44,1018465,WIZARD,96,SOUTHERN SANITATION SERVICE,,#93 284,,CHG  SALE,71.60
2025-06-02,44,1018493,WIZARD,96,SOUTHERN SANITATION SERVICE,,#93 188,,CHG  SALE,12.00
2025-06-02,44,1018505,AKEMY,96,SOUTHERN SANITATION SERVICE,,#85 348,,CHG  SALE,133.40
2025-06-03,44,1018513,WIZARD,96,SOUTHERN SANITATION SERVICE,,#87 105,,CHG  SALE,160.80
2025-06-03,44,1018519,WIZARD,98,S.S.S. MINI ROLL-OFF,,#82 075,,CHG  SALE,8.30
2025-06-03,44,1018524,ROSIE,96,SOUTHERN SANITATION SERVICE,,#94 190,,CHG  SALE,122.30
2025-06-03,44,1018533,SANDY,96,SOUTHERN SANITATION SERVICE,,#85 256,,CHG  SALE,66.90
2025-06-03,44,1018536,SANDY,96,SOUTHERN SANITATION SERVICE,PILOT,#93,,CHG  SALE,496.10
2025-06-03,44,1018617,WIZARD,96,SOUTHERN SANITATION SERVICE,,#94 171,,CHG  SALE,130.20
2025-06-03,44,1018622,WIZARD,96,SOUTHERN SANITATION SERVICE,,#87 125,,CHG  SALE,202.70
2025-06-03,44,1018655,WIZARD,96,SOUTHERN SANITATION SERVICE,,#85 120,,CHG  SALE,11.10
2025-06-03,44,1018723,WIZARD,96,SOUTHERN SANITATION SERVICE,,#94 79,,CHG  SALE,68.30
2025-06-03,44,1018749,WIZARD,96,SOUTHERN SANITATION SERVICE,,#93 296,,CHG  SALE,33.00
2025-06-03,44,1018753,WIZARD,96,SOUTHERN SANITATION SERVICE,,#87 247,,CHG  SALE,220.80
2025-06-03,44,1018762,WIZARD,96,SOUTHERN SANITATION SERVICE,,#93 260,,CHG  SALE,30.20
2025-06-03,44,1018776,WIZARD,96,SOUTHERN SANITATION SERVICE,,#85 379,,CHG  SALE,159.00
2025-06-03,44,1018881,WIZARD,96,SOUTHERN SANITATION SERVICE,,#94 325,,CHG  SALE,17.60
2025-06-03,44,1018890,ROSIE,96,SOUTHERN SANITATION SERVICE,HEB,LS-3,,CHG  SALE,346.80
2025-06-03,44,1018952,SANDY,96,SOUTHERN SANITATION SERVICE,,#85,,CHG  SALE,190.60
2025-06-03,44,1018958,WIZARD,96,SOUTHERN SANITATION SERVICE,,#87 147,,CHG  SALE,42.70
2025-06-03,44,1018961,WIZARD,96,SOUTHERN SANITATION SERVICE,,LS-4 366,,CHG  SALE,75.80
2025-06-03,44,1018966,WIZARD,96,SOUTHERN SANITATION SERVICE,,#93 158,,CHG  SALE,180.80
2025-06-03,44,1019056,WIZARD,96,SOUTHERN SANITATION SERVICE,,#87 153,,CHG  SALE,65.10
2025-06-03,44,1019071,ROSIE,96,SOUTHERN SANITATION SERVICE,KHOL'S,LS-3,,CHG  SALE,0.00
2025-06-03,44,1019081,ROSIE,96,SOUTHERN SANITATION SERVICE,HEB,#93,,CHG  SALE,412.40
2025-06-03,44,1019110,WIZARD,96,SOUTHERN SANITATION SERVICE,,#93 272,,CHG  SALE,45.50
2025-06-03,44,1019117,ROSIE,96,SOUTHERN SANITATION SERVICE,WALMART,#85,,CHG  SALE,609.10
2025-06-03,44,1019127,ROSIE,98,S.S.S. MINI ROLL-OFF,,LS-3 066,,CHG  SALE,214.80
2025-06-03,44,1019131,SANDY,96,SOUTHERN SANITATION SERVICE,,#94 203,,CHG  SALE,12.00
2025-06-03,44,1019137,SANDY,96,SOUTHERN SANITATION SERVICE,,LS-4 156,,CHG  SALE,94.40
2025-06-04,44,1019151,SANDY,98,S.S.S. MINI ROLL-OFF,,LS-3 033,,CHG  SALE,8.80
2025-06-04,44,1019182,WIZARD,96,SOUTHERN SANITATION SERVICE,,#93 211,,CHG  SALE,25.10
2025-06-04,44,1019188,WIZARD,96,SOUTHERN SANITATION SERVICE,,#85 360,,CHG  SALE,53.40
2025-06-04,44,1019192,WIZARD,96,SOUTHERN SANITATION SERVICE,,#87 194,,CHG  SALE,48.30
2025-06-04,44,1019209,WIZARD,96,SOUTHERN SANITATION SERVICE,,#87 367,,CHG  SALE,100.90
2025-06-04,44,1019229,WIZARD,96,SOUTHERN SANITATION SERVICE,,#94 226,,CHG  SALE,86.00
2025-06-04,44,1019245,SANDY,96,SOUTHERN SANITATION SERVICE,,LS-4,,CHG  SALE,44.10
2025-06-04,44,1019263,SANDY,96,SOUTHERN SANITATION SERVICE,,#94 9,,CHG  SALE,159.50
2025-06-04,44,1019274,WIZARD,96,SOUTHERN SANITATION SERVICE,,#93 164,,CHG  SALE,30.20
2025-06-04,44,1019299,AKEMY,98,S.S.S. MINI ROLL-OFF,,LS-3 053,,CHG  SALE,318.20
2025-06-04,44,1019317,WIZARD,96,SOUTHERN SANITATION SERVICE,,#94 159,,CHG  SALE,95.30
2025-06-04,44,1019329,WIZARD,96,SOUTHERN SANITATION SERVICE,,#85 84,,CHG  SALE,104.60
2025-06-04,44,1019358,WIZARD,96,SOUTHERN SANITATION SERVICE,,#87 270,,CHG  SALE,62.30
2025-06-04,44,1019362,WIZARD,96,SOUTHERN SANITATION SERVICE,,#93 188,,CHG  SALE,24.60
2025-06-04,44,1019374,WIZARD,96,SOUTHERN SANITATION SERVICE,,#94 310,,CHG  SALE,106.40
2025-06-04,44,1019383,WIZARD,96,SOUTHERN SANITATION SERVICE,,LS-4 252,,CHG  SALE,71.10
2025-06-04,44,1019476,WIZARD,96,SOUTHERN SANITATION SERVICE,,#85 116,,CHG  SALE,40.40
2025-06-04,44,1019506,AKEMY,98,S.S.S. MINI ROLL-OFF,,LS-3 020,,CHG  SALE,46.50
2025-06-04,44,1019528,WIZARD,96,SOUTHERN SANITATION SERVICE,,#87 60,,CHG  SALE,97.10
2025-06-04,44,1019550,AKEMY,96,SOUTHERN SANITATION SERVICE,,#93 371,,CHG  SALE,1485.10
2025-06-04,44,1019597,SANDY,96,SOUTHERN SANITATION SERVICE,,#93 306,,CHG  SALE,41.30
2025-06-04,44,1019597,SANDY,96,SOUTHERN SANITATION SERVICE,,#93 306,,CHG  SALE,20.00
2025-06-04,44,1019620,WIZARD,96,SOUTHERN SANITATION SERVICE,,#94 54,,CHG  SALE,84.60
2025-06-04,44,1019626,WIZARD,96,SOUTHERN SANITATION SERVICE,,#93 346,,CHG  SALE,212.50
2025-06-04,44,1019635,WIZARD,96,SOUTHERN SANITATION SERVICE,,#87 138,,CHG  SALE,77.10
2025-06-04,44,1019645,WIZARD,96,SOUTHERN SANITATION SERVICE,,LS-4 141,,CHG  SALE,50.20
2025-06-04,44,1019674,WIZARD,96,SOUTHERN SANITATION SERVICE,,#85 166,,CHG  SALE,73.40
2025-06-04,44,1019713,AKEMY,96,SOUTHERN SANITATION SERVICE,,LS-3 107,,CHG  SALE,3.70
2025-06-04,44,1019726,WIZARD,96,SOUTHERN SANITATION SERVICE,,#93 303,,CHG  SALE,66.50
2025-06-05,44,1019749,ROSIE,96,SOUTHERN SANITATION SERVICE,,#85 74,,CHG  SALE,53.00
2025-06-05,44,1019764,WIZARD,96,SOUTHERN SANITATION SERVICE,,#94 378,,CHG  SALE,207.80
2025-06-05,44,1019790,WIZARD,96,SOUTHERN SANITATION SERVICE,,LS-3 142,,CHG  SALE,44.60
2025-06-05,44,1019805,WIZARD,96,SOUTHERN SANITATION SERVICE,,LS-4 351,,CHG  SALE,49.70
2025-06-05,44,1019853,WIZARD,96,SOUTHERN SANITATION SERVICE,,LS-4 144,,CHG  SALE,112.50
2025-06-05,44,1019860,ROSIE,96,SOUTHERN SANITATION SERVICE,,#94 43,,CHG  SALE,89.70
2025-06-05,44,1019871,SANDY,98,S.S.S. MINI ROLL-OFF,,LS-3 048,,CHG  SALE,23.20
2025-06-05,44,1019915,WIZARD,96,SOUTHERN SANITATION SERVICE,,#85 183,,CHG  SALE,92.50
2025-06-05,44,1019923,ROSIE,96,SOUTHERN SANITATION SERVICE,,LS-4 17,,CHG  SALE,365.40
2025-06-05,44,1019925,WIZARD,96,SOUTHERN SANITATION SERVICE,,#93 98,,CHG  SALE,36.20
2025-06-05,44,1019966,WIZARD,96,SOUTHERN SANITATION SERVICE,,#94 200,,CHG  SALE,221.80
2025-06-05,44,1019988,WIZARD,96,SOUTHERN SANITATION SERVICE,,#94 32,,CHG  SALE,125.50
2025-06-05,44,1019994,WIZARD,96,SOUTHERN SANITATION SERVICE,,#87 355,,CHG  SALE,62.30
2025-06-05,44,1020041,ROSIE,96,SOUTHERN SANITATION SERVICE,OJOS LOCOS,LS-3,,CHG  SALE,105.00
2025-06-05,44,1020048,WIZARD,96,SOUTHERN SANITATION SERVICE,,#85 59,,CHG  SALE,65.50
2025-06-05,44,1020094,SANDY,96,SOUTHERN SANITATION SERVICE,LOWES,#93,,CHG  SALE,135.30
2025-06-05,44,1020125,WIZARD,96,SOUTHERN SANITATION SERVICE,,LS-4 190,,CHG  SALE,107.40
2025-06-05,44,1020126,WIZARD,96,SOUTHERN SANITATION SERVICE,,#94 362,,CHG  SALE,172.00
2025-06-05,44,1020130,WIZARD,96,SOUTHERN SANITATION SERVICE,,#87 364,,CHG  SALE,31.10
2025-06-05,44,1020169,WIZARD,96,SOUTHERN SANITATION SERVICE,,LS-3 64,,CHG  SALE,31.60
2025-06-05,44,1020188,WIZARD,96,SOUTHERN SANITATION SERVICE,,#85 59,,CHG  SALE,43.20
2025-06-05,44,1020201,WIZARD,96,SOUTHERN SANITATION SERVICE,,#93 218,,CHG  SALE,109.20
2025-06-05,44,1020204,ROSIE,98,S.S.S. MINI ROLL-OFF,,LS-3 085,,CHG  SALE,16.20
2025-06-05,44,1020237,WIZARD,96,SOUTHERN SANITATION SERVICE,,#87 348,,CHG  SALE,49.20
2025-06-05,44,1020263,ROSIE,96,SOUTHERN SANITATION SERVICE,,LS-4 315,,CHG  SALE,70.20
2025-06-05,44,1020267,WIZARD,96,SOUTHERN SANITATION SERVICE,,#94 172,,CHG  SALE,2.30
2025-06-05,44,1020278,WIZARD,96,SOUTHERN SANITATION SERVICE,,#93 17,,CHG  SALE,251.10
2025-06-06,44,1020282,WIZARD,96,SOUTHERN SANITATION SERVICE,,#85 367,,CHG  SALE,110.60
2025-06-06,44,1020294,ROSIE,96,SOUTHERN SANITATION SERVICE,PILOT,#94,,CHG  SALE,325.50
2025-06-06,44,1020310,ROSIE,98,S.S.S. MINI ROLL-OFF,,LS-3 020,,CHG  SALE,26.50
2025-06-06,44,1020320,WIZARD,96,SOUTHERN SANITATION SERVICE,,#87 254,,CHG  SALE,126.00
2025-06-06,44,1020342,ROSIE,96,SOUTHERN SANITATION SERVICE,OUTLETS,LS-4,,CHG  SALE,255.70
2025-06-06,44,1020368,ROSIE,98,S.S.S. MINI ROLL-OFF,,LS-3 045,,CHG  SALE,177.60
2025-06-06,44,1020383,WIZARD,96,SOUTHERN SANITATION SERVICE,,#94 144,,CHG  SALE,21.30
2025-06-06,44,1020396,WIZARD,96,SOUTHERN SANITATION SERVICE,,LS-3 203,,CHG  SALE,186.90
2025-06-06,44,1020416,ROSIE,96,SOUTHERN SANITATION SERVICE,,#87 215,,CHG  SALE,4.60
2025-06-06,44,1020423,WIZARD,96,SOUTHERN SANITATION SERVICE,,#85 379,,CHG  SALE,62.70
2025-06-06,44,1020456,WIZARD,96,SOUTHERN SANITATION SERVICE,,#94 126,,CHG  SALE,67.80
2025-06-06,44,1020478,ROSIE,96,SOUTHERN SANITATION SERVICE,LA POSADA,LS-4,,CHG  SALE,26.90
2025-06-06,44,1020480,WIZARD,96,SOUTHERN SANITATION SERVICE,,#94 30,,CHG  SALE,56.20
2025-06-06,44,1020514,WIZARD,96,SOUTHERN SANITATION SERVICE,,LS-3 93,,CHG  SALE,39.00
2025-06-06,44,1020542,ROSIE,96,SOUTHERN SANITATION SERVICE,DOCTORS,#85,,CHG  SALE,185.00
2025-06-06,44,1020543,WIZARD,96,SOUTHERN SANITATION SERVICE,,#87 370,,CHG  SALE,80.90
2025-06-06,44,1020677,SANDY,96,SOUTHERN SANITATION SERVICE,,#94 188,,CHG  SALE,461.10
2025-06-06,44,1020699,WIZARD,96,SOUTHERN SANITATION SERVICE,,#87 106,,CHG  SALE,93.90
2025-06-06,44,1020710,WIZARD,96,SOUTHERN SANITATION SERVICE,,#85 164,,CHG  SALE,19.00
2025-06-06,44,1020717,SANDY,98,S.S.S. MINI ROLL-OFF,,LS-3 069,,CHG  SALE,124.10
2025-06-06,44,1020792,WIZARD,96,SOUTHERN SANITATION SERVICE,,#94 371,,CHG  SALE,49.70
2025-06-06,44,1020801,ROSIE,96,SOUTHERN SANITATION SERVICE,,LS-4 366,,CHG  SALE,51.60
2025-06-06,44,1020802,WIZARD,96,SOUTHERN SANITATION SERVICE,,#87 247,,CHG  SALE,20.40
2025-06-06,44,1020829,SANDY,96,SOUTHERN SANITATION SERVICE,,LS-3 24,,CHG  SALE,27.90
2025-06-06,44,1020831,WIZARD,96,SOUTHERN SANITATION SERVICE,,#85 374,,CHG  SALE,56.20
2025-06-06,44,1020840,WIZARD,96,SOUTHERN SANITATION SERVICE,,#94 26,,CHG  SALE,149.20
2025-06-07,44,1020842,WIZARD,96,SOUTHERN SANITATION SERVICE,,LS-3 225,,CHG  SALE,29.70
2025-06-07,44,1020885,WIZARD,96,SOUTHERN SANITATION SERVICE,,LS-4 122,,CHG  SALE,73.40
2025-06-07,44,1020941,WIZARD,96,SOUTHERN SANITATION SERVICE,,#85 353,,CHG  SALE,38.10
2025-06-07,44,1020978,WIZARD,96,SOUTHERN SANITATION SERVICE,,LS-3 251,,CHG  SALE,31.10
2025-06-07,44,1021014,SANDY,96,SOUTHERN SANITATION SERVICE,,#85 44,,CHG  SALE,20.00
2025-06-07,44,1021054,ROSIE,96,SOUTHERN SANITATION SERVICE,,LS-4 373,,CHG  SALE,1251.30
2025-06-07,44,1021113,WIZARD,96,SOUTHERN SANITATION SERVICE,,#85 140,,CHG  SALE,37.60
2025-06-07,44,1021160,SANDY,98,S.S.S. MINI ROLL-OFF,,LS-3 015,,CHG  SALE,42.30
2025-06-07,44,1021265,WIZARD,96,SOUTHERN SANITATION SERVICE,,#85 52,,CHG  SALE,42.30
2025-06-07,44,1021273,WIZARD,96,SOUTHERN SANITATION SERVICE,,LS-4 111,,CHG  SALE,103.70
2025-06-07,44,1021359,WIZARD,96,SOUTHERN SANITATION SERVICE,,#85 103,,CHG  SALE,23.20
2025-06-09,44,1021441,WIZARD,96,SOUTHERN SANITATION SERVICE,,#87 146,,CHG  SALE,50.60
2025-06-09,44,1021509,SANDY,96,SOUTHERN SANITATION SERVICE,,#85,,CHG  SALE,121.30
2025-06-09,44,1021512,WIZARD,96,SOUTHERN SANITATION SERVICE,,#94 306,,CHG  SALE,57.20
2025-06-09,44,1021546,WIZARD,96,SOUTHERN SANITATION SERVICE,,LS-4 303,,CHG  SALE,53.00
2025-06-09,44,1021616,WIZARD,96,SOUTHERN SANITATION SERVICE,,#87 214,,CHG  SALE,109.70
2025-06-09,44,1021618,WIZARD,96,SOUTHERN SANITATION SERVICE,,#94 194,,CHG  SALE,32.50
2025-06-09,44,1021718,WIZARD,96,SOUTHERN SANITATION SERVICE,,#87 185,,CHG  SALE,38.10
2025-06-09,44,1021723,ROSIE,96,SOUTHERN SANITATION SERVICE,FLYING J,#85,,CHG  SALE,248.30
2025-06-09,44,1021743,ROSIE,98,S.S.S. MINI ROLL-OFF,,#94 015,,CHG  SALE,19.50
2025-06-09,44,1021839,SANDY,96,SOUTHERN SANITATION SERVICE,,LS-4,,CHG  SALE,61.30
2025-06-09,44,1021842,SANDY,98,S.S.S. MINI ROLL-OFF,,#94 079,,CHG  SALE,805.30
2025-06-09,44,1021849,WIZARD,96,SOUTHERN SANITATION SERVICE,,#85 367,,CHG  SALE,27.90
2025-06-09,44,1021854,WIZARD,96,SOUTHERN SANITATION SERVICE,,#87 336,,CHG  SALE,35.80
2025-06-09,44,1021928,SANDY,98,S.S.S. MINI ROLL-OFF,,LS-3 065,,CHG  SALE,12.50
2025-06-09,44,1021935,WIZARD,96,SOUTHERN SANITATION SERVICE,,#87 87,,CHG  SALE,42.30
2025-06-09,44,1021957,ROSIE,96,SOUTHERN SANITATION SERVICE,,#85,,CHG  SALE,206.90
2025-06-10,44,1021982,WIZARD,96,SOUTHERN SANITATION SERVICE,,#93 110,,CHG  SALE,57.20
2025-06-10,44,1021993,ROSIE,96,SOUTHERN SANITATION SERVICE,,#85 166,,CHG  SALE,111.10
2025-06-10,44,1021994,SANDY,96,SOUTHERN SANITATION SERVICE,PILOT,#93,,CHG  SALE,491.50
2025-06-10,44,1022018,WIZARD,96,SOUTHERN SANITATION SERVICE,,#87 254,,CHG  SALE,18.10
2025-06-10,44,1022030,SANDY,96,SOUTHERN SANITATION SERVICE,HEB,LS-3,,CHG  SALE,392.00
2025-06-10,44,1022032,ROSIE,96,SOUTHERN SANITATION SERVICE,BESTBUY,#79,,CHG  SALE,0.00
2025-06-10,44,1022081,SANDY,96,SOUTHERN SANITATION SERVICE,HEB,#85,,CHG  SALE,442.20
2025-06-10,44,1022087,WIZARD,96,SOUTHERN SANITATION SERVICE,,#93 226,,CHG  SALE,6.50
2025-06-10,44,1022093,SANDY,96,SOUTHERN SANITATION SERVICE,HEB,#79,,CHG  SALE,508.70
2025-06-10,44,1022099,WIZARD,96,SOUTHERN SANITATION SERVICE,,#87 348,,CHG  SALE,54.40
2025-06-10,44,1022143,SANDY,96,SOUTHERN SANITATION SERVICE,HEB,LS-3,,CHG  SALE,397.10
2025-06-10,44,1022167,WIZARD,96,SOUTHERN SANITATION SERVICE,,#93 369,,CHG  SALE,59.90
2025-06-10,44,1022195,SANDY,96,SOUTHERN SANITATION SERVICE,,#87 379,,CHG  SALE,24.60
2025-06-10,44,1022231,SANDY,96,SOUTHERN SANITATION SERVICE,,#79,,CHG  SALE,44.60
2025-06-10,44,1022267,ROSIE,96,SOUTHERN SANITATION SERVICE,DOCTORS,#85,,CHG  SALE,192.50
2025-06-10,44,1022286,WIZARD,96,SOUTHERN SANITATION SERVICE,,#87 153,,CHG  SALE,68.80
2025-06-10,44,1022340,ROSIE,96,SOUTHERN SANITATION SERVICE,BEST BUY,#79,,CHG  SALE,113.40
2025-06-10,44,1022355,ROSIE,96,SOUTHERN SANITATION SERVICE,LOWES,#93,,CHG  SALE,134.30
2025-06-10,44,1022408,ROSIE,96,SOUTHERN SANITATION SERVICE,OJOS LOCOS,#94,,CHG  SALE,91.60
2025-06-10,44,1022418,WIZARD,96,SOUTHERN SANITATION SERVICE,,#87 147,,CHG  SALE,67.80
2025-06-10,44,1022430,ROSIE,96,SOUTHERN SANITATION SERVICE,HEB,#93,,CHG  SALE,387.80
2025-06-10,44,1022438,ROSIE,96,SOUTHERN SANITATION SERVICE,,#85,,CHG  SALE,298.50
2025-06-10,44,1022458,ROSIE,96,SOUTHERN SANITATION SERVICE,,#79 79,,CHG  SALE,83.20
2025-06-10,44,1022484,ROSIE,96,SOUTHERN SANITATION SERVICE,,#93 339,,CHG  SALE,84.60
2025-06-10,44,1022492,ROSIE,98,S.S.S. MINI ROLL-OFF,,#94 081,,CHG  SALE,22.70
2025-06-11,44,1022506,WIZARD,96,SOUTHERN SANITATION SERVICE,,#87 119,,CHG  SALE,55.80
2025-06-11,44,1022508,WIZARD,98,S.S.S. MINI ROLL-OFF,,#82 026,,CHG  SALE,28.80
2025-06-11,44,1022509,SANDY,96,SOUTHERN SANITATION SERVICE,,#85 367,,CHG  SALE,68.30
2025-06-11,44,1022519,SANDY,96,SOUTHERN SANITATION SERVICE,HEB,#93,,CHG  SALE,266.40
2025-06-11,44,1022525,WIZARD,96,SOUTHERN SANITATION SERVICE,,#94 182,,CHG  SALE,164.60
2025-06-11,44,1022544,SANDY,96,SOUTHERN SANITATION SERVICE,,#87 262,,CHG  SALE,104.60
2025-06-11,44,1022546,ROSIE,96,SOUTHERN SANITATION SERVICE,,#85 144,,CHG  SALE,441.70
2025-06-11,44,1022550,WIZARD,96,SOUTHERN SANITATION SERVICE,,#93 284,,CHG  SALE,79.50
2025-06-11,44,1022568,WIZARD,96,SOUTHERN SANITATION SERVICE,,LS-4 121,,CHG  SALE,45.10
2025-06-11,44,1022583,SANDY,96,SOUTHERN SANITATION SERVICE,,#94 242,,CHG  SALE,179.90
2025-06-11,44,1022607,WIZARD,96,SOUTHERN SANITATION SERVICE,,#93 349,,CHG  SALE,46.90
2025-06-11,44,1022617,WIZARD,96,SOUTHERN SANITATION SERVICE,,#87 220,,CHG  SALE,297.60
2025-06-11,44,1022633,ROSIE,96,SOUTHERN SANITATION SERVICE,CINEMARK,LS-3,,CHG  SALE,642.10
2025-06-11,44,1022638,ROSIE,96,SOUTHERN SANITATION SERVICE,,#94 257,,CHG  SALE,73.00
2025-06-11,44,1022646,WIZARD,96,SOUTHERN SANITATION SERVICE,,#85 103,,CHG  SALE,64.10
2025-06-11,44,1022661,SANDY,98,S.S.S. MINI ROLL-OFF,,LS-3 075,,CHG  SALE,38.60
2025-06-11,44,1022666,WIZARD,96,SOUTHERN SANITATION SERVICE,,LS-4 359,,CHG  SALE,121.30
2025-06-11,44,1022676,WIZARD,96,SOUTHERN SANITATION SERVICE,,#93 98,,CHG  SALE,46.90
2025-06-11,44,1022677,WIZARD,96,SOUTHERN SANITATION SERVICE,,#87 201,,CHG  SALE,74.80
2025-06-11,44,1022689,WIZARD,96,SOUTHERN SANITATION SERVICE,,LS-4 240,,CHG  SALE,79.50
2025-06-11,44,1022695,WIZARD,96,SOUTHERN SANITATION SERVICE,,LS-3 16,,CHG  SALE,110.20
2025-06-11,44,1022703,ROSIE,98,S.S.S. MINI ROLL-OFF,,#94 060,,CHG  SALE,43.70
2025-06-11,44,1022710,WIZARD,96,SOUTHERN SANITATION SERVICE,,#85 84,,CHG  SALE,22.70
2025-06-11,44,1022712,WIZARD,96,SOUTHERN SANITATION SERVICE,,#85 84,,CHG  SALE,22.70
2025-06-11,44,1022716,ROSIE,96,SOUTHERN SANITATION SERVICE,,#85 84,,CHG  SALE,19.00
2025-06-11,44,1022730,ROSIE,96,SOUTHERN SANITATION SERVICE,,#93 152,,CHG  SALE,81.80
2025-06-11,44,1022742,WIZARD,96,SOUTHERN SANITATION SERVICE,,#87 77,,CHG  SALE,81.80
2025-06-11,44,1022755,WIZARD,96,SOUTHERN SANITATION SERVICE,,#94 322,,CHG  SALE,53.00
2025-06-12,44,1022807,WIZARD,96,SOUTHERN SANITATION SERVICE,,#87 168,,CHG  SALE,92.50
2025-06-12,44,1022808,ROSIE,96,SOUTHERN SANITATION SERVICE,FLYING J,LS-3,,CHG  SALE,558.00
2025-06-12,44,1022830,WIZARD,96,SOUTHERN SANITATION SERVICE,,LS-4 20,,CHG  SALE,22.30
2025-06-12,44,1022843,ROSIE,96,SOUTHERN SANITATION SERVICE,HEB,#85,,CHG  SALE,471.90
2025-06-12,44,1022858,WIZARD,96,SOUTHERN SANITATION SERVICE,,#94 17,,CHG  SALE,124.60
2025-06-12,44,1022867,WIZARD,96,SOUTHERN SANITATION SERVICE,,#87 46,,CHG  SALE,63.20
2025-06-12,44,1022914,WIZARD,96,SOUTHERN SANITATION SERVICE,,#94 367,,CHG  SALE,323.10
2025-06-12,44,1022948,WIZARD,96,SOUTHERN SANITATION SERVICE,,#87 211,,CHG  SALE,35.30
2025-06-12,44,1022971,WIZARD,96,SOUTHERN SANITATION SERVICE,,LS-4 348,,CHG  SALE,74.40
2025-06-12,44,1022983,ROSIE,96,SOUTHERN SANITATION SERVICE,HEB,#85,,CHG  SALE,378.00
2025-06-12,44,1023015,WIZARD,96,SOUTHERN SANITATION SERVICE,,LS-3 212,,CHG  SALE,109.20
2025-06-12,44,1023019,WIZARD,96,SOUTHERN SANITATION SERVICE,,#94 74,,CHG  SALE,114.80
2025-06-12,44,1023038,WIZARD,96,SOUTHERN SANITATION SERVICE,,#93 111,,CHG  SALE,30.20
2025-06-12,44,1023053,WIZARD,96,SOUTHERN SANITATION SERVICE,,#87 75,,CHG  SALE,74.80
2025-06-12,44,1023151,SANDY,96,SOUTHERN SANITATION SERVICE,,#79 30,,CHG  SALE,1383.40
2025-06-12,44,1023175,WIZARD,96,SOUTHERN SANITATION SERVICE,,#93 106,,CHG  SALE,179.90
2025-06-12,44,1023193,SANDY,98,S.S.S. MINI ROLL-OFF,,LS-3 058,,CHG  SALE,23.70
2025-06-12,44,1023195,WIZARD,96,SOUTHERN SANITATION SERVICE,,#87 381,,CHG  SALE,169.20
2025-06-12,44,1023221,WIZARD,96,SOUTHERN SANITATION SERVICE,,#94 131,,CHG  SALE,281.70
2025-06-12,44,1023245,WIZARD,96,SOUTHERN SANITATION SERVICE,,#85 26,,CHG  SALE,76.20
2025-06-12,44,1023252,SANDY,96,SOUTHERN SANITATION SERVICE,WALMART,#79,,CHG  SALE,301.70
2025-06-12,44,1023270,WIZARD,96,SOUTHERN SANITATION SERVICE,,#93 295,,CHG  SALE,33.40
2025-06-12,44,1023288,WIZARD,96,SOUTHERN SANITATION SERVICE,,#87 364,,CHG  SALE,49.20
2025-06-12,44,1023307,WIZARD,96,SOUTHERN SANITATION SERVICE,,#94 42,,CHG  SALE,86.00
2025-06-12,44,1023312,ROSIE,98,S.S.S. MINI ROLL-OFF,,LS-3 033,,CHG  SALE,9.70
2025-06-12,44,1023321,SANDY,96,SOUTHERN SANITATION SERVICE,WALMART,#93,,CHG  SALE,411.00
2025-06-12,44,1023322,WIZARD,96,SOUTHERN SANITATION SERVICE,,#85 272,,CHG  SALE,31.60
2025-06-12,44,1023330,WIZARD,96,SOUTHERN SANITATION SERVICE,,LS-3 171,,CHG  SALE,67.40
2025-06-12,44,1023333,WIZARD,96,SOUTHERN SANITATION SERVICE,,#93 155,,CHG  SALE,317.10
2025-06-13,44,1023352,WIZARD,96,SOUTHERN SANITATION SERVICE,,#87 106,,CHG  SALE,56.70
2025-06-13,44,1023360,SANDY,96,SOUTHERN SANITATION SERVICE,,#85 166,,CHG  SALE,85.10
2025-06-13,44,1023377,SANDY,96,SOUTHERN SANITATION SERVICE,FOOD COURT,LS-3,,CHG  SALE,752.80
2025-06-13,44,1023380,SANDY,96,SOUTHERN SANITATION SERVICE,LOVES,#93,,CHG  SALE,278.50
2025-06-13,44,1023396,WIZARD,96,SOUTHERN SANITATION SERVICE,,LS-4 104,,CHG  SALE,95.70
2025-06-13,44,1023407,SANDY,96,SOUTHERN SANITATION SERVICE,WALMART,LS-3,,CHG  SALE,503.60
2025-06-13,44,1023414,WIZARD,96,SOUTHERN SANITATION SERVICE,,#94 156,,CHG  SALE,82.70
2025-06-13,44,1023463,WIZARD,96,SOUTHERN SANITATION SERVICE,,#87 87,,CHG  SALE,32.00
2025-06-13,44,1023475,WIZARD,96,SOUTHERN SANITATION SERVICE,,#85 144,,CHG  SALE,31.60
2025-06-13,44,1023502,WIZARD,96,SOUTHERN SANITATION SERVICE,,LS-4 281,,CHG  SALE,25.50
2025-06-13,44,1023532,WIZARD,96,SOUTHERN SANITATION SERVICE,,#94 351,,CHG  SALE,33.90
2025-06-13,44,1023558,WIZARD,96,SOUTHERN SANITATION SERVICE,,#87 247,,CHG  SALE,66.90
2025-06-13,44,1023564,WIZARD,96,SOUTHERN SANITATION SERVICE,,LS-3 62,,CHG  SALE,98.10
2025-06-13,44,1023571,WIZARD,96,SOUTHERN SANITATION SERVICE,,#93 360,,CHG  SALE,146.90
2025-06-13,44,1023591,WIZARD,96,SOUTHERN SANITATION SERVICE,,LS-4 161,,CHG  SALE,201.30
2025-06-13,44,1023594,WIZARD,96,SOUTHERN SANITATION SERVICE,,LS-3 252,,CHG  SALE,45.50
2025-06-13,44,1023628,SANDY,96,SOUTHERN SANITATION SERVICE,,#85 296,,CHG  SALE,132.50
2025-06-13,44,1023681,WIZARD,96,SOUTHERN SANITATION SERVICE,,#94 17,,CHG  SALE,29.30
2025-06-13,44,1023693,SANDY,98,S.S.S. MINI ROLL-OFF,,LS-3 020,,CHG  SALE,159.90
2025-06-13,44,1023716,WIZARD,96,SOUTHERN SANITATION SERVICE,,#87 260,,CHG  SALE,151.10
2025-06-13,44,1023730,ROSIE,96,SOUTHERN SANITATION SERVICE,,#85,,CHG  SALE,203.60
2025-06-13,44,1023732,WIZARD,96,SOUTHERN SANITATION SERVICE,,#93 33,,CHG  SALE,69.70
2025-06-13,44,1023770,WIZARD,96,SOUTHERN SANITATION SERVICE,,#94 31,,CHG  SALE,138.50
2025-06-13,44,1023790,ROSIE,98,S.S.S. MINI ROLL-OFF,,LS-3 075,,CHG  SALE,24.10
2025-06-13,44,1023802,WIZARD,96,SOUTHERN SANITATION SERVICE,,#93 109,,CHG  SALE,44.10
2025-06-13,44,1023804,WIZARD,96,SOUTHERN SANITATION SERVICE,,#87 284,,CHG  SALE,19.50
2025-06-13,44,1023809,WIZARD,96,SOUTHERN SANITATION SERVICE,,#94 92,,CHG  SALE,199.90
2025-06-13,44,1023828,WIZARD,96,SOUTHERN SANITATION SERVICE,,#94 158,,CHG  SALE,163.60
2025-06-13,44,1023847,ROSIE,96,SOUTHERN SANITATION SERVICE,WALMART,#93,,CHG  SALE,189.70
2025-06-13,44,1023853,WIZARD,96,SOUTHERN SANITATION SERVICE,,#94 115,,CHG  SALE,143.20
2025-06-13,44,1023868,ROSIE,96,SOUTHERN SANITATION SERVICE,SAMS CLUB,#79,,CHG  SALE,739.80
2025-06-13,44,1023870,ROSIE,96,SOUTHERN SANITATION SERVICE,TARGET,#85,,CHG  SALE,299.40
2025-06-13,44,1023874,WIZARD,96,SOUTHERN SANITATION SERVICE,,#93 172,,CHG  SALE,51.10
2025-06-13,44,1023876,ROSIE,96,SOUTHERN SANITATION SERVICE,,#94 377,,CHG  SALE,214.30
2025-06-14,44,1023907,WIZARD,96,SOUTHERN SANITATION SERVICE,,#93 146,,CHG  SALE,155.30
2025-06-14,44,1023915,WIZARD,96,SOUTHERN SANITATION SERVICE,,#94 374,,CHG  SALE,63.70
2025-06-14,44,1023923,WIZARD,96,SOUTHERN SANITATION SERVICE,,#93 7,,CHG  SALE,48.30
2025-06-14,44,1023952,WIZARD,96,SOUTHERN SANITATION SERVICE,,#93 303,,CHG  SALE,66.00
2025-06-14,44,1023956,WIZARD,96,SOUTHERN SANITATION SERVICE,,#79 140,,CHG  SALE,26.50
2025-06-14,44,1023987,WIZARD,96,SOUTHERN SANITATION SERVICE,,#87 24,,CHG  SALE,19.50
2025-06-14,44,1023988,SANDY,98,S.S.S. MINI ROLL-OFF,,LS-3 087,,CHG  SALE,26.90
2025-06-14,44,1024008,WIZARD,96,SOUTHERN SANITATION SERVICE,,#94 25,,CHG  SALE,136.20
2025-06-14,44,1024010,WIZARD,96,SOUTHERN SANITATION SERVICE,,#87 138,,CHG  SALE,32.00
2025-06-14,44,1024037,WIZARD,96,SOUTHERN SANITATION SERVICE,,#79 44,,CHG  SALE,18.10
2025-06-14,44,1024041,WIZARD,96,SOUTHERN SANITATION SERVICE,,#93 142,,CHG  SALE,32.00
2025-06-14,44,1024098,SANDY,98,S.S.S. MINI ROLL-OFF,,LS-3 015,,CHG  SALE,1095.40
2025-06-14,44,1024135,WIZARD,96,SOUTHERN SANITATION SERVICE,,#79 353,,CHG  SALE,23.70
2025-06-14,44,1024140,SANDY,96,SOUTHERN SANITATION SERVICE,LA POSADA,LS-4,,CHG  SALE,43.20
2025-06-14,44,1024142,WIZARD,96,SOUTHERN SANITATION SERVICE,,#93 117,,CHG  SALE,60.40
2025-06-14,44,1024234,SANDY,98,S.S.S. MINI ROLL-OFF,,LS-3 036,,CHG  SALE,660.30
2025-06-14,44,1024276,SANDY,96,SOUTHERN SANITATION SERVICE,HEB,LS-3,,CHG  SALE,295.20
2025-06-14,44,1024299,WIZARD,96,SOUTHERN SANITATION SERVICE,,#79 52,,CHG  SALE,45.50
2025-06-14,44,1024319,WIZARD,96,SOUTHERN SANITATION SERVICE,,#93 158,,CHG  SALE,103.20
2025-06-14,44,1024322,WIZARD,96,SOUTHERN SANITATION SERVICE,,#94 378,,CHG  SALE,83.20
2025-06-14,44,1024342,WIZARD,96,SOUTHERN SANITATION SERVICE,,LS-4 81,,CHG  SALE,117.10
2025-06-14,44,1024390,WIZARD,98,S.S.S. MINI ROLL-OFF,,#82 079,,CHG  SALE,16.70
2025-06-14,44,1024399,SANDY,96,SOUTHERN SANITATION SERVICE,,#93 356,,CHG  SALE,144.60
2025-06-14,44,1024402,WIZARD,96,SOUTHERN SANITATION SERVICE,,#94 354,,CHG  SALE,164.60
2025-06-14,44,1024417,WIZARD,96,SOUTHERN SANITATION SERVICE,,#79 70,,CHG  SALE,195.70
2025-06-14,44,1024429,SANDY,96,SOUTHERN SANITATION SERVICE,,LS-4,,CHG  SALE,33.90
2025-06-14,44,1024450,WIZARD,96,SOUTHERN SANITATION SERVICE,,#93 338,,CHG  SALE,259.90
2025-06-14,44,1024451,WIZARD,98,S.S.S. MINI ROLL-OFF,,#82 020,,CHG  SALE,14.80
2025-06-16,44,1024470,WIZARD,96,SOUTHERN SANITATION SERVICE,,#93 69,,CHG  SALE,61.30
2025-06-16,44,1024471,WIZARD,96,SOUTHERN SANITATION SERVICE,,#87 101,,CHG  SALE,48.80
2025-06-16,44,1024478,ROSIE,96,SOUTHERN SANITATION SERVICE,LOVES,LS-3,,CHG  SALE,64.10
2025-06-16,44,1024488,WIZARD,96,SOUTHERN SANITATION SERVICE,,LS-4 300,,CHG  SALE,115.30
2025-06-16,44,1024556,WIZARD,96,SOUTHERN SANITATION SERVICE,,#85 359,,CHG  SALE,33.40
2025-06-16,44,1024600,ROSIE,96,SOUTHERN SANITATION SERVICE,LA POSADA,LS-4,,CHG  SALE,20.40
2025-06-16,44,1024608,WIZARD,96,SOUTHERN SANITATION SERVICE,,#87 214,,CHG  SALE,19.00
2025-06-16,44,1024625,WIZARD,96,SOUTHERN SANITATION SERVICE,,#93 339,,CHG  SALE,71.60
2025-06-16,44,1024711,WIZARD,96,SOUTHERN SANITATION SERVICE,,#87 260,,CHG  SALE,36.20
2025-06-16,44,1024717,ROSIE,96,SOUTHERN SANITATION SERVICE,TA,#85,,CHG  SALE,122.30
2025-06-16,44,1024809,ROSIE,98,S.S.S. MINI ROLL-OFF,,LS-3 087,,CHG  SALE,214.30
2025-06-16,44,1024828,WIZARD,96,SOUTHERN SANITATION SERVICE,,#93 306,,CHG  SALE,52.50
2025-06-16,44,1024879,WIZARD,96,SOUTHERN SANITATION SERVICE,,#87 115,,CHG  SALE,69.20
2025-06-16,44,1024913,WIZARD,96,SOUTHERN SANITATION SERVICE,,LS-4 17,,CHG  SALE,128.30
2025-06-16,44,1024930,WIZARD,96,SOUTHERN SANITATION SERVICE,,#93 345,,CHG  SALE,118.10
2025-06-16,44,1024984,ROSIE,96,SOUTHERN SANITATION SERVICE,HEB,LS-3,,CHG  SALE,325.00
2025-06-16,44,1024989,ROSIE,96,SOUTHERN SANITATION SERVICE,,#85 272,,CHG  SALE,48.30
2025-06-16,44,1025013,WIZARD,96,SOUTHERN SANITATION SERVICE,,#87 252,,CHG  SALE,53.40
2025-06-16,44,1025029,ROSIE,96,SOUTHERN SANITATION SERVICE,TA,LS-4,,CHG  SALE,58.10
2025-06-16,44,1025039,ROSIE,96,SOUTHERN SANITATION SERVICE,,#93 20,,CHG  SALE,1119.30
2025-06-16,44,1025060,WIZARD,96,SOUTHERN SANITATION SERVICE,,#93 49,,CHG  SALE,91.10
2025-06-17,44,1025093,ROSIE,96,SOUTHERN SANITATION SERVICE,LOVES,#93,,CHG  SALE,425.90
2025-06-17,44,1025128,WIZARD,96,SOUTHERN SANITATION SERVICE,,LS-3 191,,CHG  SALE,65.50
2025-06-17,44,1025139,WIZARD,96,SOUTHERN SANITATION SERVICE,,#85 328,,CHG  SALE,153.90
2025-06-17,44,1025155,WIZARD,96,SOUTHERN SANITATION SERVICE,,LS-4 366,,CHG  SALE,48.80
2025-06-17,44,1025229,WIZARD,96,SOUTHERN SANITATION SERVICE,,LS-3 183,,CHG  SALE,56.70
2025-06-17,44,1025255,WIZARD,96,SOUTHERN SANITATION SERVICE,,#85 59,,CHG  SALE,74.80
2025-06-17,44,1025298,ROSIE,96,SOUTHERN SANITATION SERVICE,,#93,,CHG  SALE,883.30
2025-06-17,44,1025330,SANDY,96,SOUTHERN SANITATION SERVICE,,LS-4 122,,CHG  SALE,1586.90
2025-06-17,44,1025336,WIZARD,96,SOUTHERN SANITATION SERVICE,,#93 59,,CHG  SALE,41.30
2025-06-17,44,1025375,WIZARD,96,SOUTHERN SANITATION SERVICE,,LS-3 79,,CHG  SALE,27.90
2025-06-17,44,1025441,WIZARD,96,SOUTHERN SANITATION SERVICE,,#85 248,,CHG  SALE,52.00
2025-06-17,44,1025482,WIZARD,96,SOUTHERN SANITATION SERVICE,,LS-4 369,,CHG  SALE,134.80
2025-06-17,44,1025542,SANDY,98,S.S.S. MINI ROLL-OFF,,LS-3 053,,CHG  SALE,290.60
2025-06-17,44,1025574,WIZARD,96,SOUTHERN SANITATION SERVICE,,#93 177,,CHG  SALE,11.60
2025-06-17,44,1025612,SANDY,96,SOUTHERN SANITATION SERVICE,DOCTORS,#85,,CHG  SALE,190.60
2025-06-17,44,1025627,SANDY,96,SOUTHERN SANITATION SERVICE,HEB,LS-4,,CHG  SALE,448.70
2025-06-17,44,1025672,SANDY,98,S.S.S. MINI ROLL-OFF,,LS-3 020,,CHG  SALE,23.20
2025-06-17,44,1025693,WIZARD,96,SOUTHERN SANITATION SERVICE,,#93 251,,CHG  SALE,56.20
2025-06-18,44,1025715,WIZARD,96,SOUTHERN SANITATION SERVICE,,#85 296,,CHG  SALE,6.00
2025-06-18,44,1025719,WIZARD,96,SOUTHERN SANITATION SERVICE,,#87 312,,CHG  SALE,91.60
2025-06-18,44,1025723,ROSIE,98,S.S.S. MINI ROLL-OFF,,LS-3 081,,CHG  SALE,152.00
2025-06-18,44,1025734,ROSIE,96,SOUTHERN SANITATION SERVICE,FLYING JAY,#93,,CHG  SALE,206.90
2025-06-18,44,1025735,ROSIE,96,SOUTHERN SANITATION SERVICE,,LS-4 16,,CHG  SALE,49.70
2025-06-18,44,1025752,ROSIE,98,S.S.S. MINI ROLL-OFF,,LS-3 030,,CHG  SALE,273.80
2025-06-18,44,1025755,WIZARD,96,SOUTHERN SANITATION SERVICE,,#93 194,,CHG  SALE,33.40
2025-06-18,44,1025771,WIZARD,96,SOUTHERN SANITATION SERVICE,,#93 109,,CHG  SALE,55.80
2025-06-18,44,1025774,WIZARD,96,SOUTHERN SANITATION SERVICE,,LS-3 339,,CHG  SALE,28.30
2025-06-18,44,1025791,WIZARD,96,SOUTHERN SANITATION SERVICE,,LS-3 84,,CHG  SALE,136.70
2025-06-18,44,1025806,WIZARD,96,SOUTHERN SANITATION SERVICE,,#87 249,,CHG  SALE,46.90
2025-06-18,44,1025814,WIZARD,96,SOUTHERN SANITATION SERVICE,,LS-3 64,,CHG  SALE,41.30
2025-06-18,44,1025834,WIZARD,96,SOUTHERN SANITATION SERVICE,,#85 166,,CHG  SALE,32.00
2025-06-18,44,1025844,ROSIE,96,SOUTHERN SANITATION SERVICE,,LS-4 110,,CHG  SALE,17.20
2025-06-18,44,1025869,WIZARD,96,SOUTHERN SANITATION SERVICE,,#93 26,,CHG  SALE,11.60
2025-06-18,44,1025887,WIZARD,96,SOUTHERN SANITATION SERVICE,,#87 153,,CHG  SALE,91.60
2025-06-18,44,1025929,ROSIE,96,SOUTHERN SANITATION SERVICE,LOWE'S,LS-3,,CHG  SALE,321.70
2025-06-18,44,1025936,ROSIE,96,SOUTHERN SANITATION SERVICE,,LS-4 121,,CHG  SALE,115.70
2025-06-18,44,1025953,WIZARD,96,SOUTHERN SANITATION SERVICE,,#85 103,,CHG  SALE,40.90
2025-06-18,44,1026006,WIZARD,96,SOUTHERN SANITATION SERVICE,,#93 42,,CHG  SALE,31.60
2025-06-18,44,1026024,WIZARD,96,SOUTHERN SANITATION SERVICE,,#87 214,,CHG  SALE,38.60
2025-06-18,44,1026027,WIZARD,96,SOUTHERN SANITATION SERVICE,,#94 151,,CHG  SALE,64.10
2025-06-18,44,1026031,WIZARD,96,SOUTHERN SANITATION SERVICE,,LS-4 281,,CHG  SALE,57.60
2025-06-18,44,1026063,ROSIE,96,SOUTHERN SANITATION SERVICE,,#94 171,,CHG  SALE,79.00
2025-06-18,44,1026076,ROSIE,96,SOUTHERN SANITATION SERVICE,,"#85 277	",,CHG  SALE,103.20
2025-06-18,44,1026081,WIZARD,96,SOUTHERN SANITATION SERVICE,,LS-3 123,,CHG  SALE,153.90
2025-06-18,44,1026132,WIZARD,96,SOUTHERN SANITATION SERVICE,,#93 101,,CHG  SALE,71.10
2025-06-18,44,1026134,WIZARD,96,SOUTHERN SANITATION SERVICE,,#85 56,,CHG  SALE,130.20
2025-06-18,44,1026146,WIZARD,96,SOUTHERN SANITATION SERVICE,,#94 160,,CHG  SALE,119.00
2025-06-18,44,1026148,ROSIE,96,SOUTHERN SANITATION SERVICE,OUTLETS,LS-4,,CHG  SALE,0.00
2025-06-18,44,1026172,ROSIE,98,S.S.S. MINI ROLL-OFF,,LS-3 053,,CHG  SALE,2.70
2025-06-18,44,1026180,ROSIE,96,SOUTHERN SANITATION SERVICE,HOME GOODS,#93,,CHG  SALE,0.00
2025-06-18,44,1026185,WIZARD,96,SOUTHERN SANITATION SERVICE,,#94 25,,CHG  SALE,30.60
2025-06-18,44,1026192,ROSIE,98,S.S.S. MINI ROLL-OFF,,#85 039,,CHG  SALE,138.50
2025-06-19,44,1026225,ROSIE,96,SOUTHERN SANITATION SERVICE,,#85 359,,CHG  SALE,71.60
2025-06-19,44,1026240,WIZARD,96,SOUTHERN SANITATION SERVICE,,#87 332,,CHG  SALE,93.40
2025-06-19,44,1026263,SANDY,96,SOUTHERN SANITATION SERVICE,,#94 192,,CHG  SALE,157.60
2025-06-19,44,1026294,WIZARD,96,SOUTHERN SANITATION SERVICE,,#94 146,,CHG  SALE,143.20
2025-06-19,44,1026312,WIZARD,96,SOUTHERN SANITATION SERVICE,,#94 19,,CHG  SALE,122.70
2025-06-19,44,1026328,WIZARD,96,SOUTHERN SANITATION SERVICE,,LS-4 70,,CHG  SALE,73.40
2025-06-19,44,1026348,WIZARD,96,SOUTHERN SANITATION SERVICE,,#94 62,,CHG  SALE,41.30
2025-06-19,44,1026352,WIZARD,96,SOUTHERN SANITATION SERVICE,,#85 338,,CHG  SALE,36.70
2025-06-19,44,1026366,WIZARD,96,SOUTHERN SANITATION SERVICE,,LS-4 82,,CHG  SALE,81.80
2025-06-19,44,1026368,WIZARD,96,SOUTHERN SANITATION SERVICE,,LS-3 69,,CHG  SALE,64.60
2025-06-19,44,1026371,WIZARD,96,SOUTHERN SANITATION SERVICE,,#87 147,,CHG  SALE,164.10
2025-06-19,44,1026463,WIZARD,96,SOUTHERN SANITATION SERVICE,,#94 241,,CHG  SALE,117.10
2025-06-19,44,1026502,WIZARD,96,SOUTHERN SANITATION SERVICE,,#85 42,,CHG  SALE,188.70
2025-06-19,44,1026552,WIZARD,96,SOUTHERN SANITATION SERVICE,,#87 22,,CHG  SALE,58.50
2025-06-19,44,1026558,WIZARD,96,SOUTHERN SANITATION SERVICE,,LS-4 126,,CHG  SALE,83.20
2025-06-19,44,1026584,WIZARD,96,SOUTHERN SANITATION SERVICE,,#94 279,,CHG  SALE,120.40
2025-06-19,44,1026596,ROSIE,98,S.S.S. MINI ROLL-OFF,,LS-3 015,,CHG  SALE,21.30
2025-06-19,44,1026627,WIZARD,96,SOUTHERN SANITATION SERVICE,,#93 350,,CHG  SALE,63.20
2025-06-19,44,1026633,WIZARD,96,SOUTHERN SANITATION SERVICE,,#85 203,,CHG  SALE,31.60
2025-06-19,44,1026649,WIZARD,96,SOUTHERN SANITATION SERVICE,,#93 155,,CHG  SALE,110.20
2025-06-19,44,1026655,SANDY,96,SOUTHERN SANITATION SERVICE,HEB,LS-4,,CHG  SALE,410.60
2025-06-19,44,1026660,WIZARD,96,SOUTHERN SANITATION SERVICE,,#87 108,,CHG  SALE,101.80
2025-06-19,44,1026693,ROSIE,96,SOUTHERN SANITATION SERVICE,,#94 123,,CHG  SALE,36.70
2025-06-19,44,1026702,SANDY,98,S.S.S. MINI ROLL-OFF,,LS-3 081,,CHG  SALE,3.20
2025-06-19,44,1026735,WIZARD,96,SOUTHERN SANITATION SERVICE,,#85 251,,CHG  SALE,35.80
2025-06-19,44,1026748,WIZARD,96,SOUTHERN SANITATION SERVICE,,#94 82,,CHG  SALE,58.50
2025-06-19,44,1026751,WIZARD,96,SOUTHERN SANITATION SERVICE,,#93 227,,CHG  SALE,298.00
2025-06-20,44,1026753,WIZARD,96,SOUTHERN SANITATION SERVICE,,#87 153,,CHG  SALE,53.40
2025-06-20,44,1026782,ROSIE,96,SOUTHERN SANITATION SERVICE,PILOT,#93,,CHG  SALE,315.20
2025-06-20,44,1026799,WIZARD,96,SOUTHERN SANITATION SERVICE,,LS-4 305,,CHG  SALE,91.60
2025-06-20,44,1026851,ROSIE,96,SOUTHERN SANITATION SERVICE,PILOT,#85,,CHG  SALE,317.60
2025-06-20,44,1026880,WIZARD,96,SOUTHERN SANITATION SERVICE,,#87 106,,CHG  SALE,50.20
2025-06-20,44,1026968,ROSIE,96,SOUTHERN SANITATION SERVICE,WALMART,#93,,CHG  SALE,181.30
2025-06-20,44,1026971,WIZARD,96,SOUTHERN SANITATION SERVICE,,#85 296,,CHG  SALE,55.80
2025-06-20,44,1026983,ROSIE,96,SOUTHERN SANITATION SERVICE,LOWES,LS-4,,CHG  SALE,99.00
2025-06-20,44,1026993,WIZARD,96,SOUTHERN SANITATION SERVICE,,#87 201,,CHG  SALE,59.50
2025-06-20,44,1027049,WIZARD,96,SOUTHERN SANITATION SERVICE,,#94 160,,CHG  SALE,6.00
2025-06-20,44,1027093,WIZARD,96,SOUTHERN SANITATION SERVICE,,#85 226,,CHG  SALE,91.60
2025-06-20,44,1027110,WIZARD,96,SOUTHERN SANITATION SERVICE,,#87 289,,CHG  SALE,120.90
2025-06-20,44,1027125,SANDY,96,SOUTHERN SANITATION SERVICE,COTULLA,LS-3,,CHG  SALE,535.20
2025-06-20,44,1027175,WIZARD,96,SOUTHERN SANITATION SERVICE,,LS-4 351,,CHG  SALE,54.80
2025-06-20,44,1027222,SANDY,96,SOUTHERN SANITATION SERVICE,DOCTORS,#85,,CHG  SALE,204.60
2025-06-20,44,1027229,WIZARD,96,SOUTHERN SANITATION SERVICE,,#87 336,,CHG  SALE,46.00
2025-06-20,44,1027250,WIZARD,96,SOUTHERN SANITATION SERVICE,,LS-3 295,,CHG  SALE,72.00
2025-06-20,44,1027259,WIZARD,96,SOUTHERN SANITATION SERVICE,,#94 270,,CHG  SALE,109.20
2025-06-20,44,1027301,SANDY,96,SOUTHERN SANITATION SERVICE,LA POSADA,LS-4,,CHG  SALE,42.30
2025-06-20,44,1027327,WIZARD,96,SOUTHERN SANITATION SERVICE,,#85 297,,CHG  SALE,31.10
2025-06-20,44,1027329,SANDY,98,S.S.S. MINI ROLL-OFF,,LS-3 075,,CHG  SALE,1288.10
2025-06-20,44,1027332,WIZARD,96,SOUTHERN SANITATION SERVICE,,#94 182,,CHG  SALE,146.40
2025-06-20,44,1027333,WIZARD,96,SOUTHERN SANITATION SERVICE,,LS-4 144,,CHG  SALE,177.60
2025-06-21,44,1027402,WIZARD,96,SOUTHERN SANITATION SERVICE,,#87 114,,CHG  SALE,33.00
2025-06-21,44,1027412,WIZARD,96,SOUTHERN SANITATION SERVICE,,LS-3 143,,CHG  SALE,87.80
2025-06-21,44,1027415,WIZARD,96,SOUTHERN SANITATION SERVICE,,#85 353,,CHG  SALE,14.80
2025-06-21,44,1027416,WIZARD,96,SOUTHERN SANITATION SERVICE,,#87 381,,CHG  SALE,61.30
2025-06-21,44,1027433,WIZARD,96,SOUTHERN SANITATION SERVICE,,LS-4 24,,CHG  SALE,49.70
2025-06-21,44,1027436,WIZARD,96,SOUTHERN SANITATION SERVICE,,#94 127,,CHG  SALE,73.90
2025-06-21,44,1027461,WIZARD,96,SOUTHERN SANITATION SERVICE,,#93 291,,CHG  SALE,131.10
2025-06-21,44,1027466,WIZARD,96,SOUTHERN SANITATION SERVICE,,#94 92,,CHG  SALE,49.20
2025-06-21,44,1027495,WIZARD,96,SOUTHERN SANITATION SERVICE,,#94 161,,CHG  SALE,454.30
2025-06-21,44,1027504,ROSIE,96,SOUTHERN SANITATION SERVICE,,#93 345,,CHG  SALE,772.90
2025-06-21,44,1027516,WIZARD,96,SOUTHERN SANITATION SERVICE,,#85 140,,CHG  SALE,22.30
2025-06-21,44,1027527,WIZARD,96,SOUTHERN SANITATION SERVICE,,#87 185,,CHG  SALE,27.40
2025-06-21,44,1027534,ROSIE,98,S.S.S. MINI ROLL-OFF,,LS-3 060,,CHG  SALE,30.60
2025-06-21,44,1027583,WIZARD,96,SOUTHERN SANITATION SERVICE,,LS-4 366,,CHG  SALE,64.10
2025-06-21,44,1027609,WIZARD,96,SOUTHERN SANITATION SERVICE,,#94 357,,CHG  SALE,154.30
2025-06-21,44,1027641,WIZARD,96,SOUTHERN SANITATION SERVICE,,#79 155,,CHG  SALE,245.00
2025-06-21,44,1027645,WIZARD,96,SOUTHERN SANITATION SERVICE,,#87 66,,CHG  SALE,96.70
2025-06-21,44,1027664,ROSIE,98,S.S.S. MINI ROLL-OFF,,LS-3 042,,CHG  SALE,48.80
2025-06-21,44,1027691,SANDY,96,SOUTHERN SANITATION SERVICE,,#85 241,,CHG  SALE,0.90
2025-06-21,44,1027709,WIZARD,96,SOUTHERN SANITATION SERVICE,,#94 158,,CHG  SALE,25.50
2025-06-21,44,1027772,WIZARD,96,SOUTHERN SANITATION SERVICE,,#87 3,,CHG  SALE,79.50
2025-06-21,44,1027838,WIZARD,96,SOUTHERN SANITATION SERVICE,,#94 374,,CHG  SALE,233.90
2025-06-21,44,1027859,WIZARD,96,SOUTHERN SANITATION SERVICE,,#85 248,,CHG  SALE,3.70
2025-06-21,44,1027877,SANDY,96,SOUTHERN SANITATION SERVICE,HEB,#79,,CHG  SALE,287.30
2025-06-21,44,1027878,SANDY,96,SOUTHERN SANITATION SERVICE,HEB,LS-4,,CHG  SALE,351.00
2025-06-21,44,1027884,ROSIE,98,S.S.S. MINI ROLL-OFF,,LS-3 047,,CHG  SALE,181.30
2025-06-21,44,1027906,WIZARD,96,SOUTHERN SANITATION SERVICE,,#79 172,,CHG  SALE,67.40
2025-06-21,44,1027922,ROSIE,98,S.S.S. MINI ROLL-OFF,,LS-3 053,,CHG  SALE,18.60
2025-06-21,44,1027925,WIZARD,96,SOUTHERN SANITATION SERVICE,,#94 43,,CHG  SALE,56.70
2025-06-21,44,1027949,ROSIE,98,S.S.S. MINI ROLL-OFF,,LS-4 033,,CHG  SALE,9.70
2025-06-21,44,1027971,WIZARD,96,SOUTHERN SANITATION SERVICE,,#79 191,,CHG  SALE,29.30
2025-06-23,44,1028009,SANDY,96,SOUTHERN SANITATION SERVICE,LOVES,#93,,CHG  SALE,165.50
2025-06-23,44,1028022,SANDY,96,SOUTHERN SANITATION SERVICE,LA POSADA,#79,,CHG  SALE,27.90
2025-06-23,44,1028068,SANDY,96,SOUTHERN SANITATION SERVICE,,#85,,CHG  SALE,108.30
2025-06-23,44,1028070,WIZARD,96,SOUTHERN SANITATION SERVICE,,#87 9,,CHG  SALE,28.80
2025-06-23,44,1028096,WIZARD,96,SOUTHERN SANITATION SERVICE,,#87 225,,CHG  SALE,55.30
2025-06-23,44,1028154,WIZARD,96,SOUTHERN SANITATION SERVICE,,#93 339,,CHG  SALE,40.90
2025-06-23,44,1028162,SANDY,96,SOUTHERN SANITATION SERVICE,COTULLA,LS-3,,CHG  SALE,277.10
2025-06-23,44,1028184,SANDY,96,SOUTHERN SANITATION SERVICE,,#93,,CHG  SALE,71.60
2025-06-23,44,1028207,WIZARD,96,SOUTHERN SANITATION SERVICE,,#85 251,,CHG  SALE,13.00
2025-06-23,44,1028209,WIZARD,96,SOUTHERN SANITATION SERVICE,,#87 108,,CHG  SALE,54.40
2025-06-23,44,1028230,WIZARD,96,SOUTHERN SANITATION SERVICE,,LS-4 348,,CHG  SALE,214.80
2025-06-23,44,1028261,ROSIE,98,S.S.S. MINI ROLL-OFF,,LS-3 075,,CHG  SALE,33.40
2025-06-23,44,1028341,WIZARD,96,SOUTHERN SANITATION SERVICE,,#87 170,,CHG  SALE,73.90
2025-06-23,44,1028382,ROSIE,96,SOUTHERN SANITATION SERVICE,,#85,,CHG  SALE,450.10
2025-06-23,44,1028384,ROSIE,98,S.S.S. MINI ROLL-OFF,,LS-3 015,,CHG  SALE,27.40
2025-06-23,44,1028396,WIZARD,96,SOUTHERN SANITATION SERVICE,,#93 359,,CHG  SALE,53.40
2025-06-23,44,1028415,WIZARD,96,SOUTHERN SANITATION SERVICE,,LS-4 69,,CHG  SALE,22.30
2025-06-23,44,1028447,WIZARD,96,SOUTHERN SANITATION SERVICE,,#87 8,,CHG  SALE,36.70
2025-06-23,44,1028452,WIZARD,96,SOUTHERN SANITATION SERVICE,,#93 123,,CHG  SALE,117.10
2025-06-23,44,1028462,ROSIE,98,S.S.S. MINI ROLL-OFF,,LS-3 065,,CHG  SALE,41.80
2025-06-23,44,1028525,WIZARD,96,SOUTHERN SANITATION SERVICE,,#93 279,,CHG  SALE,21.80
2025-06-23,44,1028529,WIZARD,96,SOUTHERN SANITATION SERVICE,,#87 225,,CHG  SALE,30.20
2025-06-23,44,1028535,ROSIE,96,SOUTHERN SANITATION SERVICE,LOWES,#79,,CHG  SALE,70.60
2025-06-23,44,1028541,WIZARD,96,SOUTHERN SANITATION SERVICE,,#85 59,,CHG  SALE,71.10
2025-06-23,44,1028546,ROSIE,98,S.S.S. MINI ROLL-OFF,,LS-3 039,,CHG  SALE,671.10
2025-06-24,44,1028573,WIZARD,96,SOUTHERN SANITATION SERVICE,,#87 138,,CHG  SALE,29.70
2025-06-24,44,1028575,SANDY,98,S.S.S. MINI ROLL-OFF,,LS-3 014,,CHG  SALE,21.30
2025-06-24,44,1028597,WIZARD,96,SOUTHERN SANITATION SERVICE,,LS-4 151,,CHG  SALE,72.00
2025-06-24,44,1028599,ROSIE,96,SOUTHERN SANITATION SERVICE,,#85 56,,CHG  SALE,43.70
2025-06-24,44,1028603,WIZARD,96,SOUTHERN SANITATION SERVICE,,#93 195,,CHG  SALE,82.70
2025-06-24,44,1028669,WIZARD,96,SOUTHERN SANITATION SERVICE,,#87 348,,CHG  SALE,159.90
2025-06-24,44,1028678,WIZARD,96,SOUTHERN SANITATION SERVICE,,#93 158,,CHG  SALE,56.20
2025-06-24,44,1028733,SANDY,96,SOUTHERN SANITATION SERVICE,,#79 17,,CHG  SALE,2623.90
2025-06-24,44,1028734,SANDY,98,S.S.S. MINI ROLL-OFF,,LS-3 041,,CHG  SALE,111.60
2025-06-24,44,1028736,SANDY,96,SOUTHERN SANITATION SERVICE,HEB,#85,,CHG  SALE,439.80
2025-06-24,44,1028801,SANDY,96,SOUTHERN SANITATION SERVICE,HEB,#93,,CHG  SALE,485.40
2025-06-24,44,1028813,WIZARD,96,SOUTHERN SANITATION SERVICE,,#87 246,,CHG  SALE,195.70
2025-06-24,44,1028855,ROSIE,96,SOUTHERN SANITATION SERVICE,OUTLETS,#79,,CHG  SALE,0.00
2025-06-24,44,1028912,WIZARD,96,SOUTHERN SANITATION SERVICE,,#87 8,,CHG  SALE,41.30
2025-06-24,44,1028957,ROSIE,96,SOUTHERN SANITATION SERVICE,DOCTORS,#85,,CHG  SALE,193.90
2025-06-24,44,1028987,ROSIE,98,S.S.S. MINI ROLL-OFF,,#94 073,,CHG  SALE,302.20
2025-06-24,44,1029009,WIZARD,96,SOUTHERN SANITATION SERVICE,,#93 325,,CHG  SALE,132.90
2025-06-24,44,1029027,WIZARD,96,SOUTHERN SANITATION SERVICE,,#87 379,,CHG  SALE,41.80
2025-06-24,44,1029028,ROSIE,96,SOUTHERN SANITATION SERVICE,,#79 369,,CHG  SALE,13.00
2025-06-24,44,1029045,WIZARD,96,SOUTHERN SANITATION SERVICE,,#93 349,,CHG  SALE,92.00
2025-06-24,44,1029112,ROSIE,96,SOUTHERN SANITATION SERVICE,OJOS LOCOS,#85,,CHG  SALE,201.30
2025-06-24,44,1029136,WIZARD,96,SOUTHERN SANITATION SERVICE,,#87 249,,CHG  SALE,56.20
2025-06-24,44,1029137,ROSIE,98,S.S.S. MINI ROLL-OFF,,#94 030,,CHG  SALE,35.30
2025-06-24,44,1029137,ROSIE,98,S.S.S. MINI ROLL-OFF,,#94 030,,CHG  SALE,50.00
2025-06-24,44,1029140,ROSIE,96,SOUTHERN SANITATION SERVICE,HEB,#93,,CHG  SALE,279.00
2025-06-24,44,1029164,WIZARD,96,SOUTHERN SANITATION SERVICE,,#93 134,,CHG  SALE,98.50
2025-06-24,44,1029170,ROSIE,98,S.S.S. MINI ROLL-OFF,,#94 069,,CHG  SALE,42.30
2025-06-24,44,1029177,WIZARD,96,SOUTHERN SANITATION SERVICE,,#94 79,,CHG  SALE,85.10
2025-06-25,44,1029192,WIZARD,96,SOUTHERN SANITATION SERVICE,,#94 253,,CHG  SALE,51.60
2025-06-25,44,1029218,WIZARD,96,SOUTHERN SANITATION SERVICE,,#87 106,,CHG  SALE,69.20
2025-06-25,44,1029222,WIZARD,96,SOUTHERN SANITATION SERVICE,,#93 344,,CHG  SALE,73.00
2025-06-25,44,1029240,WIZARD,96,SOUTHERN SANITATION SERVICE,,#85 248,,CHG  SALE,42.30
2025-06-25,44,1029249,ROSIE,98,S.S.S. MINI ROLL-OFF,,#94 066,,CHG  SALE,53.00
2025-06-25,44,1029284,WIZARD,96,SOUTHERN SANITATION SERVICE,,#87 87,,CHG  SALE,88.30
2025-06-25,44,1029293,WIZARD,96,SOUTHERN SANITATION SERVICE,,#94 257,,CHG  SALE,45.10
2025-06-25,44,1029321,WIZARD,96,SOUTHERN SANITATION SERVICE,,#93 358,,CHG  SALE,134.30
2025-06-25,44,1029358,WIZARD,96,SOUTHERN SANITATION SERVICE,,#85 7,,CHG  SALE,67.40
2025-06-25,44,1029411,ROSIE,96,SOUTHERN SANITATION SERVICE,,#93 64,,CHG  SALE,1086.80
2025-06-25,44,1029420,WIZARD,96,SOUTHERN SANITATION SERVICE,,#87 115,,CHG  SALE,159.00
2025-06-25,44,1029464,ROSIE,98,S.S.S. MINI ROLL-OFF,,#94 020,,CHG  SALE,110.20
2025-06-25,44,1029500,WIZARD,96,SOUTHERN SANITATION SERVICE,,#87 246,,CHG  SALE,40.90
2025-06-25,44,1029569,WIZARD,96,SOUTHERN SANITATION SERVICE,,#93 26,,CHG  SALE,46.50
2025-06-25,44,1029604,WIZARD,96,SOUTHERN SANITATION SERVICE,,#85 315,,CHG  SALE,131.60
2025-06-25,44,1029619,ROSIE,96,SOUTHERN SANITATION SERVICE,,#87,,CHG  SALE,170.60
2025-06-25,44,1029644,ROSIE,98,S.S.S. MINI ROLL-OFF,,#94 053,,CHG  SALE,45.50
2025-06-25,44,1029665,WIZARD,96,SOUTHERN SANITATION SERVICE,,#94 253,,CHG  SALE,93.40
2025-06-25,44,1029666,WIZARD,96,SOUTHERN SANITATION SERVICE,,#93 119,,CHG  SALE,48.80
2025-06-25,44,1029691,WIZARD,96,SOUTHERN SANITATION SERVICE,,#85 345,,CHG  SALE,247.80
2025-06-25,44,1029725,WIZARD,96,SOUTHERN SANITATION SERVICE,,#94 122,,CHG  SALE,71.10
2025-06-25,44,1029749,ROSIE,96,SOUTHERN SANITATION SERVICE,,#94 359,,CHG  SALE,154.30
2025-06-26,44,1029775,SANDY,98,S.S.S. MINI ROLL-OFF,,LS-3 035,,CHG  SALE,87.40
2025-06-26,44,1029796,WIZARD,96,SOUTHERN SANITATION SERVICE,,#85 339,,CHG  SALE,29.70
2025-06-26,44,1029800,ROSIE,96,SOUTHERN SANITATION SERVICE,,LS-3 373,,CHG  SALE,212.90
2025-06-26,44,1029809,WIZARD,96,SOUTHERN SANITATION SERVICE,,#87 200,,CHG  SALE,24.60
2025-06-26,44,1029836,WIZARD,96,SOUTHERN SANITATION SERVICE,,#87 144,,CHG  SALE,51.10
2025-06-26,44,1029881,SANDY,96,SOUTHERN SANITATION SERVICE,,#85 251,,CHG  SALE,89.20
2025-06-26,44,1029931,WIZARD,96,SOUTHERN SANITATION SERVICE,,#87 59,,CHG  SALE,28.80
2025-06-26,44,1029937,WIZARD,96,SOUTHERN SANITATION SERVICE,,LS-4 281,,CHG  SALE,44.10
2025-06-26,44,1029993,WIZARD,96,SOUTHERN SANITATION SERVICE,,#94 92,,CHG  SALE,47.40
2025-06-26,44,1029998,WIZARD,96,SOUTHERN SANITATION SERVICE,,#85 166,,CHG  SALE,30.60
2025-06-26,44,1030004,WIZARD,96,SOUTHERN SANITATION SERVICE,,#94 191,,CHG  SALE,79.90
2025-06-26,44,1030035,WIZARD,96,SOUTHERN SANITATION SERVICE,,#94 160,,CHG  SALE,174.30
2025-06-26,44,1030115,SANDY,96,SOUTHERN SANITATION SERVICE,HEB,#85,,CHG  SALE,520.30
2025-06-26,44,1030124,WIZARD,96,SOUTHERN SANITATION SERVICE,,#87 115,,CHG  SALE,31.10
2025-06-26,44,1030156,ROSIE,96,SOUTHERN SANITATION SERVICE,,#79,,CHG  SALE,355.70
2025-06-26,44,1030212,WIZARD,96,SOUTHERN SANITATION SERVICE,,LS-3 49,,CHG  SALE,38.10
2025-06-26,44,1030233,SANDY,96,SOUTHERN SANITATION SERVICE,,LS-3 94,,CHG  SALE,304.10
2025-06-26,44,1030243,WIZARD,96,SOUTHERN SANITATION SERVICE,,#87 106,,CHG  SALE,58.10
2025-06-26,44,1030256,WIZARD,96,SOUTHERN SANITATION SERVICE,,#94 160,,CHG  SALE,21.80
2025-06-26,44,1030258,WIZARD,96,SOUTHERN SANITATION SERVICE,,#85 221,,CHG  SALE,325.50
2025-06-26,44,1030293,WIZARD,96,SOUTHERN SANITATION SERVICE,,#85 77,,CHG  SALE,58.50
2025-06-26,44,1030295,ROSIE,96,SOUTHERN SANITATION SERVICE,HEB,LS-3,,CHG  SALE,426.80
2025-06-26,44,1030320,SANDY,96,SOUTHERN SANITATION SERVICE,,#79 334,,CHG  SALE,70.20
2025-06-26,44,1030322,WIZARD,96,SOUTHERN SANITATION SERVICE,,#94 78,,CHG  SALE,115.30
2025-06-27,44,1030327,WIZARD,96,SOUTHERN SANITATION SERVICE,,#85 367,,CHG  SALE,165.00
2025-06-27,44,1030352,WIZARD,98,S.S.S. MINI ROLL-OFF,,#82 079,,CHG  SALE,215.30
2025-06-27,44,1030366,WIZARD,96,SOUTHERN SANITATION SERVICE,,#87 237,,CHG  SALE,160.80
2025-06-27,44,1030372,WIZARD,98,S.S.S. MINI ROLL-OFF,,#82 020,,CHG  SALE,33.40
2025-06-27,44,1030385,WIZARD,96,SOUTHERN SANITATION SERVICE,,#94 141,,CHG  SALE,94.80
2025-06-27,44,1030395,SANDY,96,SOUTHERN SANITATION SERVICE,HEB,#79,,CHG  SALE,341.70
2025-06-27,44,1030420,WIZARD,96,SOUTHERN SANITATION SERVICE,,#85 370,,CHG  SALE,87.80
2025-06-27,44,1030427,WIZARD,96,SOUTHERN SANITATION SERVICE,,LS-3 172,,CHG  SALE,55.30
2025-06-27,44,1030452,SANDY,96,SOUTHERN SANITATION SERVICE,HEB,#94,,CHG  SALE,330.10
2025-06-27,44,1030480,WIZARD,96,SOUTHERN SANITATION SERVICE,,#94 69,,CHG  SALE,65.50
2025-06-27,44,1030485,WIZARD,96,SOUTHERN SANITATION SERVICE,,#87 234,,CHG  SALE,184.10
2025-06-27,44,1030488,WIZARD,96,SOUTHERN SANITATION SERVICE,,#85 54,,CHG  SALE,38.60
2025-06-27,44,1030536,WIZARD,96,SOUTHERN SANITATION SERVICE,,#94 175,,CHG  SALE,221.30
2025-06-27,44,1030556,SANDY,96,SOUTHERN SANITATION SERVICE,SAMS,#79,,CHG  SALE,233.40
2025-06-27,44,1030561,WIZARD,96,SOUTHERN SANITATION SERVICE,,#94 167,,CHG  SALE,126.40
2025-06-27,44,1030582,WIZARD,96,SOUTHERN SANITATION SERVICE,,#87 105,,CHG  SALE,190.10
2025-06-27,44,1030673,WIZARD,96,SOUTHERN SANITATION SERVICE,,LS-4 253,,CHG  SALE,134.80
2025-06-27,44,1030682,WIZARD,96,SOUTHERN SANITATION SERVICE,,#94 117,,CHG  SALE,82.70
2025-06-27,44,1030685,WIZARD,96,SOUTHERN SANITATION SERVICE,,LS-4 299,,CHG  SALE,102.30
2025-06-27,44,1030688,WIZARD,96,SOUTHERN SANITATION SERVICE,,#87 376,,CHG  SALE,69.20
2025-06-27,44,1030696,ROSIE,96,SOUTHERN SANITATION SERVICE,WALMART,#85,,CHG  SALE,540.30
2025-06-27,44,1030707,WIZARD,96,SOUTHERN SANITATION SERVICE,,LS-4 42,,CHG  SALE,26.90
2025-06-27,44,1030766,ROSIE,96,SOUTHERN SANITATION SERVICE,,#94 358,,CHG  SALE,142.70
2025-06-27,44,1030771,ROSIE,96,SOUTHERN SANITATION SERVICE,,LS-4,,CHG  SALE,38.10
2025-06-27,44,1030790,WIZARD,96,SOUTHERN SANITATION SERVICE,,LS-4 200,,CHG  SALE,42.70
2025-06-27,44,1030801,WIZARD,96,SOUTHERN SANITATION SERVICE,,#87 50,,CHG  SALE,86.40
2025-06-27,44,1030818,ROSIE,96,SOUTHERN SANITATION SERVICE,DOCTORS,#85,,CHG  SALE,202.70
2025-06-27,44,1030827,WIZARD,96,SOUTHERN SANITATION SERVICE,,#87 53,,CHG  SALE,333.40
2025-06-27,44,1030857,ROSIE,96,SOUTHERN SANITATION SERVICE,HEB,LS-4,,CHG  SALE,103.70
2025-06-27,44,1030859,WIZARD,96,SOUTHERN SANITATION SERVICE,,#94 4,,CHG  SALE,126.90
2025-06-27,44,1030869,SANDY,96,SOUTHERN SANITATION SERVICE,,#79 380,,CHG  SALE,510.10
2025-06-27,44,1030876,WIZARD,96,SOUTHERN SANITATION SERVICE,,#94 182,,CHG  SALE,517.00
2025-06-28,44,1030877,WIZARD,96,SOUTHERN SANITATION SERVICE,,#94 295,,CHG  SALE,50.20
2025-06-28,44,1030887,WIZARD,96,SOUTHERN SANITATION SERVICE,,LS-3 323,,CHG  SALE,142.20
2025-06-28,44,1030967,WIZARD,96,SOUTHERN SANITATION SERVICE,,#94 371,,CHG  SALE,51.10
2025-06-28,44,1030990,WIZARD,96,SOUTHERN SANITATION SERVICE,,#94 227,,CHG  SALE,75.30
2025-06-28,44,1030999,WIZARD,96,SOUTHERN SANITATION SERVICE,,#85 353,,CHG  SALE,31.60
2025-06-28,44,1031009,WIZARD,96,SOUTHERN SANITATION SERVICE,,LS-4 175,,CHG  SALE,452.40
2025-06-28,44,1031016,WIZARD,96,SOUTHERN SANITATION SERVICE,,LS-4 104,,CHG  SALE,44.10
2025-06-28,44,1031102,WIZARD,96,SOUTHERN SANITATION SERVICE,,#94 371,,CHG  SALE,324.50
2025-06-28,44,1031145,JENNIFER,96,SOUTHERN SANITATION SERVICE,,#85 297,,CHG  SALE,6.00
2025-06-28,44,1031179,WIZARD,96,SOUTHERN SANITATION SERVICE,,LS-4 3,,CHG  SALE,5.50
2025-06-28,44,1031231,WIZARD,96,SOUTHERN SANITATION SERVICE,,#94 30,,CHG  SALE,96.70
2025-06-28,44,1031281,WIZARD,96,SOUTHERN SANITATION SERVICE,,LS-4 42,,CHG  SALE,44.60
2025-06-28,44,1031299,WIZARD,96,SOUTHERN SANITATION SERVICE,,#85 241,,CHG  SALE,5.50
2025-06-28,44,1031302,WIZARD,96,SOUTHERN SANITATION SERVICE,,#0216 0393,,CHG  SALE,46.50
2025-06-28,44,1031343,WIZARD,96,SOUTHERN SANITATION SERVICE,,LS-4 263,,CHG  SALE,66.00
2025-06-28,44,1031349,WIZARD,96,SOUTHERN SANITATION SERVICE,,#94 315,,CHG  SALE,377.10
2025-06-28,44,1031403,JENNIFER,96,SOUTHERN SANITATION SERVICE,TARGET,#79,,CHG  SALE,330.10
2025-06-28,44,1031501,WIZARD,96,SOUTHERN SANITATION SERVICE,,#94 356,,CHG  SALE,110.20
2025-06-30,44,1031539,WIZARD,96,SOUTHERN SANITATION SERVICE,,#87 59,,CHG  SALE,54.80
2025-06-30,44,1031551,ROSIE,96,SOUTHERN SANITATION SERVICE,,#94,,CHG  SALE,71.60
2025-06-30,44,1031578,SANDY,98,S.S.S. MINI ROLL-OFF,,#79 016,,CHG  SALE,21.80
2025-06-30,44,1031615,WIZARD,96,SOUTHERN SANITATION SERVICE,,LS-4 9,,CHG  SALE,65.50
2025-06-30,44,1031648,WIZARD,96,SOUTHERN SANITATION SERVICE,,#87 91,,CHG  SALE,124.60
2025-06-30,44,1031659,WIZARD,96,SOUTHERN SANITATION SERVICE,,LS-4 111,,CHG  SALE,131.60
2025-06-30,44,1031672,WIZARD,96,SOUTHERN SANITATION SERVICE,,#94 191,,CHG  SALE,64.60
2025-06-30,44,1031710,WIZARD,96,SOUTHERN SANITATION SERVICE,,#85 291,,CHG  SALE,74.40
2025-06-30,44,1031716,SANDY,96,SOUTHERN SANITATION SERVICE,,LS-4 7,,CHG  SALE,216.60
2025-06-30,44,1031752,WIZARD,96,SOUTHERN SANITATION SERVICE,,#94 306,,CHG  SALE,152.00
2025-06-30,44,1031773,WIZARD,96,SOUTHERN SANITATION SERVICE,,#94 120,,CHG  SALE,151.50
2025-06-30,44,1031780,WIZARD,96,SOUTHERN SANITATION SERVICE,,LS-4 166,,CHG  SALE,979.20
2025-06-30,44,1031784,SANDY,96,SOUTHERN SANITATION SERVICE,HEB,#85,,CHG  SALE,10.70
2025-06-30,44,1031787,WIZARD,96,SOUTHERN SANITATION SERVICE,,LS-4 112,,CHG  SALE,75.80
2025-06-30,44,1031844,WIZARD,96,SOUTHERN SANITATION SERVICE,,#87 70,,CHG  SALE,69.70
2025-06-30,44,1031874,WIZARD,96,SOUTHERN SANITATION SERVICE,,LS-4 190,,CHG  SALE,40.40
2025-06-30,44,1031884,SANDY,96,SOUTHERN SANITATION SERVICE,LA POSADA,#85,,CHG  SALE,24.60
2025-06-30,44,1031922,WIZARD,96,SOUTHERN SANITATION SERVICE,,LS-4 94,,CHG  SALE,29.30
2025-06-30,44,1031924,SANDY,96,SOUTHERN SANITATION SERVICE,,#79,,CHG  SALE,118.50
2025-06-30,44,1031925,WIZARD,96,SOUTHERN SANITATION SERVICE,,#94 350,,CHG  SALE,60.90
2025-06-30,44,1031940,WIZARD,96,SOUTHERN SANITATION SERVICE,,#87 114,,CHG  SALE,7.90
2025-06-30,44,1031953,WIZARD,96,SOUTHERN SANITATION SERVICE,,#94 294,,CHG  SALE,262.70
2025-06-30,44,1031960,WIZARD,96,SOUTHERN SANITATION SERVICE,,#85 122,,CHG  SALE,165.50
2025-06-30,44,1031963,WIZARD,96,SOUTHERN SANITATION SERVICE,,LS-4 123,,CHG  SALE,86.00
